,missing_count,missing_pct
F3776,9082,100.0
F3773,9082,100.0
F3668,9082,100.0
F3665,9082,100.0
F542,9082,100.0
F2655,9082,100.0
F539,9082,100.0
F440,9082,100.0
F2312,9082,100.0
F437,9082,100.0
F2756,9082,100.0
F492,9082,100.0
F495,9082,100.0
F2607,9082,100.0
F3133,9082,100.0
F3182,9082,100.0
F3179,9082,100.0
F3236,9082,100.0
F3233,9082,100.0
F2707,9082,100.0
F185,9082,100.0
F189,9082,100.0
F192,9082,100.0
F2971,9082,100.0
F2921,9082,100.0
F2917,9082,100.0
F3344,9082,100.0
F3341,9082,100.0
F2458,9082,100.0
F239,9082,100.0
F236,9082,100.0
F2863,9082,100.0
F2860,9082,100.0
F2552,9082,100.0
F290,9082,100.0
F2555,9082,100.0
F2814,9082,100.0
F3027,9082,100.0
F3030,9082,100.0
F131,9082,100.0
F128,9082,100.0
F3077,9082,100.0
F2360,9082,100.0
F2810,9082,100.0
F2807,9082,100.0
F3074,9082,100.0
F390,9082,100.0
F393,9082,100.0
F594,9082,100.0
F597,9082,100.0
F2753,9082,100.0
F2914,9082,100.0
F182,9082,100.0
F2455,9082,100.0
F2924,9082,100.0
F3506,9082,100.0
F3557,9082,100.0
F3560,9082,100.0
F2968,9082,100.0
F3503,9082,100.0
F3449,9082,100.0
F3452,9082,100.0
F293,9082,100.0
F183,9081,99.98898920942524
F184,9081,99.98898920942524
F186,9081,99.98898920942524
F2911,9081,99.98898920942524
F2801,9081,99.98898920942524
F2804,9081,99.98898920942524
F181,9081,99.98898920942524
F2908,9081,99.98898920942524
F2600,9081,99.98898920942524
F2603,9081,99.98898920942524
F2916,9080,99.97797841885048
F2915,9080,99.97797841885048
F2806,9080,99.97797841885048
F3127,9080,99.97797841885048
F3128,9080,99.97797841885048
F3129,9080,99.97797841885048
F3130,9080,99.97797841885048
F2918,9080,99.97797841885048
F3021,9080,99.97797841885048
F3022,9080,99.97797841885048
F3023,9080,99.97797841885048
F2809,9080,99.97797841885048
F2808,9080,99.97797841885048
F3024,9080,99.97797841885048
F2913,9080,99.97797841885048
F2811,9080,99.97797841885048
F2558,9078,99.95595683770094
F2866,9078,99.95595683770094
F2700,9078,99.95595683770094
F3016,9078,99.95595683770094
F2406,9078,99.95595683770094
F2869,9078,99.95595683770094
F2464,9078,99.95595683770094
F2461,9078,99.95595683770094
F3019,9078,99.95595683770094
F2561,9078,99.95595683770094
F2268,9078,99.95595683770094
F2703,9078,99.95595683770094
F2759,9078,99.95595683770094
F2762,9078,99.95595683770094
F383,9077,99.94494604712618
F386,9077,99.94494604712618
F488,9076,99.93393525655142
F485,9076,99.93393525655142
F176,9076,99.93393525655142
F284,9076,99.93393525655142
F590,9076,99.93393525655142
F587,9076,99.93393525655142
F179,9076,99.93393525655142
F3614,9075,99.92292446597666
F3611,9075,99.92292446597666
F3125,9075,99.92292446597666
F3290,9075,99.92292446597666
F3287,9075,99.92292446597666
F3122,9075,99.92292446597666
F36,9067,99.83483814137854
F344,9067,99.83483814137854
F341,9067,99.83483814137854
F39,9067,99.83483814137854
F2365,9066,99.82382735080378
F2658,9066,99.82382735080378
F2977,9066,99.82382735080378
F2974,9066,99.82382735080378
F2661,9066,99.82382735080378
F548,9059,99.74675181678045
F545,9059,99.74675181678045
F446,9059,99.74675181678045
F443,9059,99.74675181678045
F242,9059,99.74675181678045
F245,9059,99.74675181678045
F137,9059,99.74675181678045
F134,9059,99.74675181678045
F3083,9049,99.6366439110328
F3080,9049,99.6366439110328
F2274,9046,99.60361153930852
F2271,9046,99.60361153930852
F2467,9046,99.60361153930852
F2872,9046,99.60361153930852
F2470,9046,99.60361153930852
F2875,9046,99.60361153930852
F2768,9046,99.60361153930852
F2765,9046,99.60361153930852
F2564,9046,99.60361153930852
F2567,9046,99.60361153930852
F2570,9036,99.49350363356089
F2573,9036,99.49350363356089
F2771,9036,99.49350363356089
F2774,9036,99.49350363356089
F2280,9036,99.49350363356089
F2473,9036,99.49350363356089
F2878,9036,99.49350363356089
F2277,9036,99.49350363356089
F2881,9036,99.49350363356089
F2476,9036,99.49350363356089
F2368,9028,99.40541730896278
F2667,9028,99.40541730896278
F2664,9028,99.40541730896278
F2980,9028,99.40541730896278
F2983,9028,99.40541730896278
F2371,9028,99.40541730896278
F353,9020,99.31733098436469
F356,9020,99.31733098436469
F51,9020,99.31733098436469
F48,9020,99.31733098436469
F3089,9016,99.27328782206563
F3086,9016,99.27328782206563
F42,9013,99.24025545034134
F45,9013,99.24025545034134
F347,9013,99.24025545034134
F350,9013,99.24025545034134
F2673,9009,99.19621228804229
F2670,9009,99.19621228804229
F2989,9009,99.19621228804229
F2986,9009,99.19621228804229
F2374,9009,99.19621228804229
F2377,9009,99.19621228804229
F2923,9003,99.13014754459371
F2313,9003,99.13014754459371
F2310,9003,99.13014754459371
F2311,9003,99.13014754459371
F2314,9003,99.13014754459371
F2922,9003,99.13014754459371
F2919,9003,99.13014754459371
F2920,9003,99.13014754459371
F2605,9003,99.13014754459371
F2606,9003,99.13014754459371
F2608,9003,99.13014754459371
F2609,9003,99.13014754459371
F2816,9003,99.13014754459371
F2815,9003,99.13014754459371
F2813,9003,99.13014754459371
F2812,9003,99.13014754459371
F2506,9003,99.13014754459371
F2507,9003,99.13014754459371
F2508,9003,99.13014754459371
F2509,9003,99.13014754459371
F449,9000,99.09711517286941
F554,9000,99.09711517286941
F251,9000,99.09711517286941
F248,9000,99.09711517286941
F551,9000,99.09711517286941
F452,9000,99.09711517286941
F143,9000,99.09711517286941
F140,9000,99.09711517286941
F557,8971,98.77780224620128
F455,8971,98.77780224620128
F458,8971,98.77780224620128
F560,8971,98.77780224620128
F146,8971,98.77780224620128
F149,8971,98.77780224620128
F257,8971,98.77780224620128
F254,8971,98.77780224620128
F3095,8960,98.65668354987888
F3092,8960,98.65668354987888
F2411,8938,98.4144461572341
F2410,8938,98.4144461572341
F391,8938,98.4144461572341
F389,8938,98.4144461572341
F388,8938,98.4144461572341
F3025,8938,98.4144461572341
F84,8938,98.4144461572341
F2408,8938,98.4144461572341
F2409,8938,98.4144461572341
F2708,8938,98.4144461572341
F2709,8938,98.4144461572341
F81,8938,98.4144461572341
F3028,8938,98.4144461572341
F3029,8938,98.4144461572341
F83,8938,98.4144461572341
F82,8938,98.4144461572341
F3026,8938,98.4144461572341
F392,8938,98.4144461572341
F2706,8938,98.4144461572341
F2705,8938,98.4144461572341
F2604,8844,97.37943184320635
F2602,8844,97.37943184320635
F2307,8844,97.37943184320635
F2306,8844,97.37943184320635
F2503,8844,97.37943184320635
F2505,8844,97.37943184320635
F2309,8844,97.37943184320635
F2502,8844,97.37943184320635
F2308,8844,97.37943184320635
F2907,8844,97.37943184320635
F2909,8844,97.37943184320635
F2601,8844,97.37943184320635
F2802,8844,97.37943184320635
F2800,8844,97.37943184320635
F2805,8844,97.37943184320635
F2504,8844,97.37943184320635
F2912,8844,97.37943184320635
F2803,8844,97.37943184320635
F2910,8844,97.37943184320635
F2599,8844,97.37943184320635
F2529,8828,97.20325919401013
F2732,8828,97.20325919401013
F2431,8828,97.20325919401013
F2434,8828,97.20325919401013
F2729,8828,97.20325919401013
F2241,8828,97.20325919401013
F2839,8828,97.20325919401013
F2836,8828,97.20325919401013
F2238,8828,97.20325919401013
F2531,8828,97.20325919401013
F2929,8796,96.85091389561771
F2319,8796,96.85091389561771
F2614,8796,96.85091389561771
F2926,8796,96.85091389561771
F2514,8796,96.85091389561771
F2821,8796,96.85091389561771
F2818,8796,96.85091389561771
F2611,8796,96.85091389561771
F2316,8796,96.85091389561771
F2511,8796,96.85091389561771
F2325,8777,96.6417088746972
F2322,8777,96.6417088746972
F2617,8777,96.6417088746972
F2620,8777,96.6417088746972
F2935,8777,96.6417088746972
F2824,8777,96.6417088746972
F2827,8777,96.6417088746972
F2517,8777,96.6417088746972
F2520,8777,96.6417088746972
F2932,8777,96.6417088746972
F190,8771,96.57564413124862
F187,8771,96.57564413124862
F188,8771,96.57564413124862
F191,8771,96.57564413124862
F491,8771,96.57564413124862
F493,8771,96.57564413124862
F494,8771,96.57564413124862
F288,8771,96.57564413124862
F596,8771,96.57564413124862
F595,8771,96.57564413124862
F593,8771,96.57564413124862
F592,8771,96.57564413124862
F291,8771,96.57564413124862
F292,8771,96.57564413124862
F289,8771,96.57564413124862
F490,8771,96.57564413124862
F3131,8770,96.56463334067385
F3134,8770,96.56463334067385
F3132,8770,96.56463334067385
F3135,8770,96.56463334067385
F3020,8747,96.31138515745431
F3015,8747,96.31138515745431
F3017,8747,96.31138515745431
F3018,8747,96.31138515745431
F2699,8747,96.31138515745431
F2702,8747,96.31138515745431
F2701,8747,96.31138515745431
F2404,8747,96.31138515745431
F2405,8747,96.31138515745431
F2403,8747,96.31138515745431
F2407,8747,96.31138515745431
F2704,8747,96.31138515745431
F382,8734,96.16824487998238
F385,8734,96.16824487998238
F384,8734,96.16824487998238
F387,8734,96.16824487998238
F80,8734,96.16824487998238
F78,8734,96.16824487998238
F79,8734,96.16824487998238
F77,8734,96.16824487998238
F89,8724,96.05813697423476
F398,8724,96.05813697423476
F86,8724,96.05813697423476
F395,8724,96.05813697423476
F3035,8718,95.99207223078618
F2714,8718,95.99207223078618
F3032,8718,95.99207223078618
F2711,8718,95.99207223078618
F2413,8718,95.99207223078618
F2416,8718,95.99207223078618
F2337,8649,95.2323276811275
F2629,8649,95.2323276811275
F2632,8649,95.2323276811275
F2947,8649,95.2323276811275
F2334,8649,95.2323276811275
F2944,8649,95.2323276811275
F2879,8640,95.13323056595465
F2772,8640,95.13323056595465
F2775,8640,95.13323056595465
F2574,8640,95.13323056595465
F2571,8640,95.13323056595465
F2281,8640,95.13323056595465
F2882,8640,95.13323056595465
F2477,8640,95.13323056595465
F2474,8640,95.13323056595465
F2278,8640,95.13323056595465
F295,8632,95.04514424135652
F197,8632,95.04514424135652
F500,8632,95.04514424135652
F497,8632,95.04514424135652
F194,8632,95.04514424135652
F298,8632,95.04514424135652
F599,8632,95.04514424135652
F602,8632,95.04514424135652
F3121,8618,94.89099317330985
F3126,8618,94.89099317330985
F3123,8618,94.89099317330985
F3124,8618,94.89099317330985
F3137,8617,94.87998238273508
F95,8617,94.87998238273508
F404,8617,94.87998238273508
F3140,8617,94.87998238273508
F92,8617,94.87998238273508
F401,8617,94.87998238273508
F285,8603,94.72583131468839
F287,8603,94.72583131468839
F286,8603,94.72583131468839
F586,8603,94.72583131468839
F589,8603,94.72583131468839
F588,8603,94.72583131468839
F591,8603,94.72583131468839
F283,8603,94.72583131468839
F180,8602,94.71482052411363
F177,8602,94.71482052411363
F175,8602,94.71482052411363
F487,8602,94.71482052411363
F489,8602,94.71482052411363
F484,8602,94.71482052411363
F178,8602,94.71482052411363
F486,8602,94.71482052411363
F2770,8601,94.70380973353886
F2276,8601,94.70380973353886
F2773,8601,94.70380973353886
F2472,8601,94.70380973353886
F2572,8601,94.70380973353886
F2279,8601,94.70380973353886
F2569,8601,94.70380973353886
F2475,8601,94.70380973353886
F2880,8601,94.70380973353886
F2877,8601,94.70380973353886
F2720,8599,94.68178815238934
F3041,8599,94.68178815238934
F2717,8599,94.68178815238934
F2419,8599,94.68178815238934
F3038,8599,94.68178815238934
F2422,8599,94.68178815238934
F316,8594,94.62673419951552
F11,8594,94.62673419951552
F313,8594,94.62673419951552
F8,8594,94.62673419951552
F2733,8588,94.56066945606695
F2242,8588,94.56066945606695
F2435,8588,94.56066945606695
F2837,8588,94.56066945606695
F2840,8588,94.56066945606695
F2532,8588,94.56066945606695
F2239,8588,94.56066945606695
F2432,8588,94.56066945606695
F2730,8588,94.56066945606695
F2597,8527,93.88901123100639
F2500,8527,93.88901123100639
F2795,8527,93.88901123100639
F2594,8527,93.88901123100639
F2798,8527,93.88901123100639
F2497,8527,93.88901123100639
F2905,8527,93.88901123100639
F2902,8527,93.88901123100639
F2304,8527,93.88901123100639
F2301,8527,93.88901123100639
F2728,8524,93.85597885928209
F2731,8524,93.85597885928209
F2430,8524,93.85597885928209
F2433,8524,93.85597885928209
F2528,8524,93.85597885928209
F2530,8524,93.85597885928209
F2237,8524,93.85597885928209
F2240,8524,93.85597885928209
F2835,8524,93.85597885928209
F2838,8524,93.85597885928209
F2335,8396,92.44659766571239
F2338,8396,92.44659766571239
F2633,8396,92.44659766571239
F2630,8396,92.44659766571239
F2948,8396,92.44659766571239
F2945,8396,92.44659766571239
F3013,8381,92.28143580709094
F3010,8381,92.28143580709094
F2697,8381,92.28143580709094
F2694,8381,92.28143580709094
F2401,8381,92.28143580709094
F2398,8381,92.28143580709094
F377,8368,92.13829552961903
F72,8368,92.13829552961903
F75,8368,92.13829552961903
F380,8368,92.13829552961903
F314,8357,92.01717683329663
F9,8357,92.01717683329663
F12,8357,92.01717683329663
F317,8357,92.01717683329663
F3143,8350,91.9401012992733
F3146,8350,91.9401012992733
F605,8347,91.90706892754899
F608,8347,91.90706892754899
F301,8347,91.90706892754899
F304,8347,91.90706892754899
F203,8346,91.89605813697423
F506,8346,91.89605813697423
F503,8346,91.89605813697423
F200,8346,91.89605813697423
F2518,8332,91.74190706892756
F2521,8332,91.74190706892756
F2326,8332,91.74190706892756
F2828,8332,91.74190706892756
F2825,8332,91.74190706892756
F2323,8332,91.74190706892756
F2936,8332,91.74190706892756
F2621,8332,91.74190706892756
F2618,8332,91.74190706892756
F2933,8332,91.74190706892756
F2333,8278,91.14732437789034
F2336,8278,91.14732437789034
F2631,8278,91.14732437789034
F2943,8278,91.14732437789034
F2628,8278,91.14732437789034
F2946,8278,91.14732437789034
F2930,8237,90.69588196432504
F2615,8237,90.69588196432504
F2317,8237,90.69588196432504
F2612,8237,90.69588196432504
F2515,8237,90.69588196432504
F2512,8237,90.69588196432504
F2822,8237,90.69588196432504
F2819,8237,90.69588196432504
F2927,8237,90.69588196432504
F2320,8237,90.69588196432504
F312,8227,90.5857740585774
F10,8227,90.5857740585774
F3050,8227,90.5857740585774
F7,8227,90.5857740585774
F3053,8227,90.5857740585774
F315,8227,90.5857740585774
F104,8208,90.3765690376569
F107,8208,90.3765690376569
F515,8208,90.3765690376569
F518,8208,90.3765690376569
F212,8208,90.3765690376569
F215,8208,90.3765690376569
F416,8208,90.3765690376569
F413,8208,90.3765690376569
F3119,8203,90.32151508478309
F3116,8203,90.32151508478309
F278,8196,90.24443955075975
F281,8196,90.24443955075975
F584,8196,90.24443955075975
F581,8196,90.24443955075975
F170,8195,90.23342876018499
F173,8195,90.23342876018499
F479,8195,90.23342876018499
F482,8195,90.23342876018499
F2559,8157,89.81501871834398
F2562,8157,89.81501871834398
F2763,8157,89.81501871834398
F2760,8157,89.81501871834398
F2462,8157,89.81501871834398
F2465,8157,89.81501871834398
F2870,8157,89.81501871834398
F2867,8157,89.81501871834398
F2266,8157,89.81501871834398
F2269,8157,89.81501871834398
F2463,8155,89.79299713719445
F2865,8155,89.79299713719445
F2560,8155,89.79299713719445
F2557,8155,89.79299713719445
F2267,8155,89.79299713719445
F2265,8155,89.79299713719445
F2868,8155,89.79299713719445
F2460,8155,89.79299713719445
F2761,8155,89.79299713719445
F2758,8155,89.79299713719445
F3878,8154,89.78198634661969
F3054,8133,89.55075974454965
F3051,8133,89.55075974454965
F519,8118,89.38559788592822
F417,8118,89.38559788592822
F216,8118,89.38559788592822
F213,8118,89.38559788592822
F414,8118,89.38559788592822
F108,8118,89.38559788592822
F105,8118,89.38559788592822
F516,8118,89.38559788592822
F2757,8116,89.36357630477868
F2457,8116,89.36357630477868
F2263,8116,89.36357630477868
F2264,8116,89.36357630477868
F2859,8116,89.36357630477868
F2454,8116,89.36357630477868
F2861,8116,89.36357630477868
F2553,8116,89.36357630477868
F2862,8116,89.36357630477868
F2754,8116,89.36357630477868
F2755,8116,89.36357630477868
F2556,8116,89.36357630477868
F2551,8116,89.36357630477868
F2864,8116,89.36357630477868
F2554,8116,89.36357630477868
F2752,8116,89.36357630477868
F2262,8116,89.36357630477868
F2459,8116,89.36357630477868
F2261,8116,89.36357630477868
F2456,8116,89.36357630477868
F3845,8114,89.34155472362916
F3854,8114,89.34155472362916
F3851,8114,89.34155472362916
F2302,8081,88.97819863466196
F2598,8081,88.97819863466196
F2501,8081,88.97819863466196
F2903,8081,88.97819863466196
F2906,8081,88.97819863466196
F2305,8081,88.97819863466196
F2595,8081,88.97819863466196
F2498,8081,88.97819863466196
F2799,8081,88.97819863466196
F2796,8081,88.97819863466196
F2619,8078,88.94516626293768
F2324,8078,88.94516626293768
F2616,8078,88.94516626293768
F2931,8078,88.94516626293768
F2826,8078,88.94516626293768
F2519,8078,88.94516626293768
F2934,8078,88.94516626293768
F2516,8078,88.94516626293768
F2823,8078,88.94516626293768
F2321,8078,88.94516626293768
F2592,8028,88.3946267341995
F2589,8028,88.3946267341995
F2495,8028,88.3946267341995
F2492,8028,88.3946267341995
F2897,8028,88.3946267341995
F2900,8028,88.3946267341995
F2790,8028,88.3946267341995
F2296,8028,88.3946267341995
F2299,8028,88.3946267341995
F2793,8028,88.3946267341995
F2610,8018,88.28451882845188
F2318,8018,88.28451882845188
F2315,8018,88.28451882845188
F2613,8018,88.28451882845188
F2817,8018,88.28451882845188
F2510,8018,88.28451882845188
F2513,8018,88.28451882845188
F2820,8018,88.28451882845188
F2925,8018,88.28451882845188
F2928,8018,88.28451882845188
F2769,8017,88.27350803787712
F2468,8017,88.27350803787712
F2565,8017,88.27350803787712
F2766,8017,88.27350803787712
F2876,8017,88.27350803787712
F2471,8017,88.27350803787712
F2275,8017,88.27350803787712
F2873,8017,88.27350803787712
F2272,8017,88.27350803787712
F2568,8017,88.27350803787712
F2764,7991,87.98722748293328
F2767,7991,87.98722748293328
F2563,7991,87.98722748293328
F2270,7991,87.98722748293328
F2466,7991,87.98722748293328
F2874,7991,87.98722748293328
F2566,7991,87.98722748293328
F2469,7991,87.98722748293328
F2273,7991,87.98722748293328
F2871,7991,87.98722748293328
F2674,7990,87.9762166923585
F2990,7990,87.9762166923585
F2987,7990,87.9762166923585
F2375,7990,87.9762166923585
F2671,7990,87.9762166923585
F2378,7990,87.9762166923585
F357,7968,87.73397929971371
F354,7968,87.73397929971371
F52,7968,87.73397929971371
F49,7968,87.73397929971371
F2695,7939,87.41466637304558
F2698,7939,87.41466637304558
F2399,7939,87.41466637304558
F2402,7939,87.41466637304558
F3014,7939,87.41466637304558
F3011,7939,87.41466637304558
F2669,7938,87.40365558247082
F2672,7938,87.40365558247082
F2985,7938,87.40365558247082
F2373,7938,87.40365558247082
F2988,7938,87.40365558247082
F2376,7938,87.40365558247082
F352,7928,87.2935476767232
F50,7928,87.2935476767232
F47,7928,87.2935476767232
F355,7928,87.2935476767232
F2715,7905,87.04029949350364
F3033,7905,87.04029949350364
F2417,7905,87.04029949350364
F2414,7905,87.04029949350364
F2712,7905,87.04029949350364
F3036,7905,87.04029949350364
F378,7904,87.02928870292888
F381,7904,87.02928870292888
F76,7904,87.02928870292888
F73,7904,87.02928870292888
F2724,7902,87.00726712177934
F2727,7902,87.00726712177934
F2236,7902,87.00726712177934
F2233,7902,87.00726712177934
F2524,7902,87.00726712177934
F2527,7902,87.00726712177934
F2429,7902,87.00726712177934
F2834,7902,87.00726712177934
F2831,7902,87.00726712177934
F2426,7902,87.00726712177934
F2721,7864,86.58885707993834
F2718,7864,86.58885707993834
F3042,7864,86.58885707993834
F2423,7864,86.58885707993834
F2420,7864,86.58885707993834
F3039,7864,86.58885707993834
F87,7862,86.5668354987888
F90,7862,86.5668354987888
F396,7862,86.5668354987888
F399,7862,86.5668354987888
F3052,7858,86.52279233648976
F3049,7858,86.52279233648976
F517,7851,86.44571680246642
F211,7851,86.44571680246642
F106,7851,86.44571680246642
F103,7851,86.44571680246642
F214,7851,86.44571680246642
F514,7851,86.44571680246642
F412,7851,86.44571680246642
F415,7851,86.44571680246642
F93,7834,86.25853336269545
F96,7834,86.25853336269545
F402,7834,86.25853336269545
F405,7834,86.25853336269545
F2396,7823,86.13741466637305
F2393,7823,86.13741466637305
F2692,7823,86.13741466637305
F2689,7823,86.13741466637305
F3008,7823,86.13741466637305
F3005,7823,86.13741466637305
F2428,7792,85.79608015855538
F2425,7792,85.79608015855538
F2235,7792,85.79608015855538
F2833,7792,85.79608015855538
F2526,7792,85.79608015855538
F2830,7792,85.79608015855538
F70,7792,85.79608015855538
F375,7792,85.79608015855538
F2726,7792,85.79608015855538
F67,7792,85.79608015855538
F2723,7792,85.79608015855538
F372,7792,85.79608015855538
F2232,7792,85.79608015855538
F2523,7792,85.79608015855538
F2797,7787,85.74102620568156
F2794,7787,85.74102620568156
F2499,7787,85.74102620568156
F2593,7787,85.74102620568156
F2303,7787,85.74102620568156
F2300,7787,85.74102620568156
F2596,7787,85.74102620568156
F2904,7787,85.74102620568156
F2496,7787,85.74102620568156
F2901,7787,85.74102620568156
F3120,7784,85.70799383395727
F3117,7784,85.70799383395727
F282,7762,85.4657564413125
F279,7762,85.4657564413125
F585,7762,85.4657564413125
F582,7762,85.4657564413125
F174,7760,85.44373486016296
F483,7760,85.44373486016296
F480,7760,85.44373486016296
F171,7760,85.44373486016296
F2652,7757,85.41070248843867
F2972,7757,85.41070248843867
F2656,7757,85.41070248843867
F2654,7757,85.41070248843867
F2653,7757,85.41070248843867
F2359,7757,85.41070248843867
F2361,7757,85.41070248843867
F2967,7757,85.41070248843867
F2969,7757,85.41070248843867
F2970,7757,85.41070248843867
F2358,7757,85.41070248843867
F2357,7757,85.41070248843867
F2665,7735,85.16846509579388
F2981,7735,85.16846509579388
F2668,7735,85.16846509579388
F2369,7735,85.16846509579388
F2372,7735,85.16846509579388
F2984,7735,85.16846509579388
F2366,7734,85.15745430521912
F2975,7734,85.15745430521912
F2978,7734,85.15745430521912
F2363,7734,85.15745430521912
F2659,7734,85.15745430521912
F2662,7734,85.15745430521912
F2657,7730,85.11341114292006
F2660,7730,85.11341114292006
F2362,7730,85.11341114292006
F2364,7730,85.11341114292006
F2973,7730,85.11341114292006
F2976,7730,85.11341114292006
F31,7726,85.06936798062101
F34,7726,85.06936798062101
F336,7726,85.06936798062101
F337,7726,85.06936798062101
F339,7726,85.06936798062101
F338,7726,85.06936798062101
F32,7726,85.06936798062101
F33,7726,85.06936798062101
F40,7721,85.01431402774719
F37,7721,85.01431402774719
F345,7721,85.01431402774719
F342,7721,85.01431402774719
F340,7718,84.9812816560229
F343,7718,84.9812816560229
F38,7718,84.9812816560229
F35,7718,84.9812816560229
F2982,7694,84.71702268222859
F2979,7694,84.71702268222859
F2666,7694,84.71702268222859
F2663,7694,84.71702268222859
F2367,7694,84.71702268222859
F2370,7694,84.71702268222859
F46,7689,84.66196872935477
F43,7689,84.66196872935477
F348,7689,84.66196872935477
F351,7689,84.66196872935477
F2415,7643,84.15547236291566
F2412,7643,84.15547236291566
F2713,7643,84.15547236291566
F2710,7643,84.15547236291566
F3034,7643,84.15547236291566
F3031,7643,84.15547236291566
F311,7634,84.05637524774279
F308,7634,84.05637524774279
F6,7634,84.05637524774279
F3,7634,84.05637524774279
F44,7629,84.00132129486897
F41,7629,84.00132129486897
F349,7629,84.00132129486897
F346,7629,84.00132129486897
F2624,7611,83.80312706452322
F2627,7611,83.80312706452322
F397,7611,83.80312706452322
F394,7611,83.80312706452322
F2942,7611,83.80312706452322
F2939,7611,83.80312706452322
F2329,7611,83.80312706452322
F2332,7611,83.80312706452322
F88,7611,83.80312706452322
F85,7611,83.80312706452322
F3009,7595,83.62695441532702
F3012,7595,83.62695441532702
F2400,7595,83.62695441532702
F2397,7595,83.62695441532702
F2693,7595,83.62695441532702
F2696,7595,83.62695441532702
F3853,7572,83.37370623210747
F3850,7572,83.37370623210747
F3844,7572,83.37370623210747
F376,7569,83.34067386038318
F379,7569,83.34067386038318
F74,7569,83.34067386038318
F71,7569,83.34067386038318
F3111,7554,83.17551200176173
F3114,7554,83.17551200176173
F2,7550,83.13146883946267
F310,7550,83.13146883946267
F5,7550,83.13146883946267
F307,7550,83.13146883946267
F576,7517,82.76811275049548
F477,7517,82.76811275049548
F474,7517,82.76811275049548
F579,7517,82.76811275049548
F273,7517,82.76811275049548
F168,7517,82.76811275049548
F276,7517,82.76811275049548
F165,7517,82.76811275049548
F2716,7499,82.56991852014974
F2418,7499,82.56991852014974
F2421,7499,82.56991852014974
F2719,7499,82.56991852014974
F3037,7499,82.56991852014974
F3040,7499,82.56991852014974
F2938,7491,82.48183219555165
F2941,7491,82.48183219555165
F2331,7491,82.48183219555165
F2626,7491,82.48183219555165
F2328,7491,82.48183219555165
F2623,7491,82.48183219555165
F400,7479,82.34970270865448
F94,7479,82.34970270865448
F91,7479,82.34970270865448
F403,7479,82.34970270865448
F3877,7447,81.99735741026205
F3141,7392,81.39176392865008
F3138,7392,81.39176392865008
F603,7371,81.16053732658006
F600,7371,81.16053732658006
F299,7371,81.16053732658006
F296,7371,81.16053732658006
F195,7369,81.13851574543051
F198,7369,81.13851574543051
F501,7369,81.13851574543051
F498,7369,81.13851574543051
F3118,7365,81.09447258313148
F3115,7365,81.09447258313148
F580,7362,81.06144021140717
F277,7362,81.06144021140717
F280,7362,81.06144021140717
F583,7362,81.06144021140717
F478,7359,81.0284078396829
F172,7359,81.0284078396829
F481,7359,81.0284078396829
F169,7359,81.0284078396829
F3090,7315,80.5439330543933
F3087,7315,80.5439330543933
F3075,7282,80.18057696542613
F3076,7282,80.18057696542613
F3078,7282,80.18057696542613
F3073,7282,80.18057696542613
F541,7276,80.11451222197753
F543,7276,80.11451222197753
F538,7276,80.11451222197753
F540,7276,80.11451222197753
F237,7276,80.11451222197753
F235,7276,80.11451222197753
F240,7276,80.11451222197753
F238,7276,80.11451222197753
F130,7273,80.08147985025325
F132,7273,80.08147985025325
F438,7273,80.08147985025325
F436,7273,80.08147985025325
F127,7273,80.08147985025325
F129,7273,80.08147985025325
F441,7273,80.08147985025325
F439,7273,80.08147985025325
F3085,7268,80.02642589737943
F3088,7268,80.02642589737943
F252,7265,79.99339352565514
F249,7265,79.99339352565514
F552,7265,79.99339352565514
F555,7265,79.99339352565514
F144,7264,79.98238273508038
F141,7264,79.98238273508038
F450,7264,79.98238273508038
F453,7264,79.98238273508038
F513,7231,79.61902664611318
F510,7231,79.61902664611318
F102,7231,79.61902664611318
F99,7231,79.61902664611318
F207,7231,79.61902664611318
F210,7231,79.61902664611318
F408,7231,79.61902664611318
F411,7231,79.61902664611318
F3045,7227,79.57498348381414
F3048,7227,79.57498348381414
F553,7197,79.24465976657123
F550,7197,79.24465976657123
F250,7197,79.24465976657123
F247,7197,79.24465976657123
F142,7196,79.23364897599647
F139,7196,79.23364897599647
F448,7196,79.23364897599647
F451,7196,79.23364897599647
F201,7163,78.8702928870293
F204,7163,78.8702928870293
F507,7163,78.8702928870293
F504,7163,78.8702928870293
F305,7163,78.8702928870293
F302,7163,78.8702928870293
F606,7163,78.8702928870293
F609,7163,78.8702928870293
F3144,7160,78.83726051530499
F3147,7160,78.83726051530499
F512,7120,78.39682889231446
F209,7120,78.39682889231446
F98,7120,78.39682889231446
F101,7120,78.39682889231446
F509,7120,78.39682889231446
F407,7120,78.39682889231446
F410,7120,78.39682889231446
F206,7120,78.39682889231446
F3139,7090,78.06650517507157
F3136,7090,78.06650517507157
F598,7085,78.01145122219776
F297,7085,78.01145122219776
F294,7085,78.01145122219776
F601,7085,78.01145122219776
F196,7083,77.98942964104822
F499,7083,77.98942964104822
F193,7083,77.98942964104822
F496,7083,77.98942964104822
F3558,7078,77.93437568817441
F3556,7078,77.93437568817441
F3561,7078,77.93437568817441
F3235,7078,77.93437568817441
F3237,7078,77.93437568817441
F3234,7078,77.93437568817441
F3232,7078,77.93437568817441
F3559,7078,77.93437568817441
F3777,7076,77.91235410702488
F3775,7076,77.91235410702488
F3774,7076,77.91235410702488
F3772,7076,77.91235410702488
F3669,7076,77.91235410702488
F3667,7076,77.91235410702488
F3340,7076,77.91235410702488
F3453,7076,77.91235410702488
F3343,7076,77.91235410702488
F3450,7076,77.91235410702488
F3342,7076,77.91235410702488
F3345,7076,77.91235410702488
F3448,7076,77.91235410702488
F3664,7076,77.91235410702488
F3451,7076,77.91235410702488
F3666,7076,77.91235410702488
F3047,7062,77.7582030389782
F3044,7062,77.7582030389782
F3084,7032,77.4278793217353
F3081,7032,77.4278793217353
F3079,7025,77.35080378771195
F3082,7025,77.35080378771195
F549,6990,76.96542611759524
F546,6990,76.96542611759524
F246,6990,76.96542611759524
F243,6990,76.96542611759524
F444,6989,76.95441532702047
F447,6989,76.95441532702047
F138,6989,76.95441532702047
F135,6989,76.95441532702047
F544,6986,76.9213829552962
F244,6986,76.9213829552962
F241,6986,76.9213829552962
F547,6986,76.9213829552962
F442,6985,76.91037216472142
F136,6985,76.91037216472142
F133,6985,76.91037216472142
F445,6985,76.91037216472142
F2424,6914,76.12860603391324
F2722,6914,76.12860603391324
F2234,6914,76.12860603391324
F2829,6914,76.12860603391324
F2725,6914,76.12860603391324
F2427,6914,76.12860603391324
F2525,6914,76.12860603391324
F2522,6914,76.12860603391324
F2231,6914,76.12860603391324
F2832,6914,76.12860603391324
F3855,6905,76.02950891874036
F3846,6905,76.02950891874036
F3852,6905,76.02950891874036
F3879,6827,75.17066725390883
F3142,6690,73.66218894516626
F3145,6690,73.66218894516626
F604,6684,73.59612420171769
F300,6684,73.59612420171769
F303,6684,73.59612420171769
F607,6684,73.59612420171769
F199,6683,73.58511341114293
F505,6683,73.58511341114293
F502,6683,73.58511341114293
F202,6683,73.58511341114293
F4,6491,71.47104162078838
F306,6491,71.47104162078838
F309,6491,71.47104162078838
F1,6491,71.47104162078838
F2622,6455,71.07465316009689
F2625,6455,71.07465316009689
F2327,6455,71.07465316009689
F2330,6455,71.07465316009689
F2940,6455,71.07465316009689
F2937,6455,71.07465316009689
F2284,5944,65.44813917639286
F2580,5944,65.44813917639286
F2778,5944,65.44813917639286
F2781,5944,65.44813917639286
F2888,5944,65.44813917639286
F2885,5944,65.44813917639286
F2480,5944,65.44813917639286
F2577,5944,65.44813917639286
F2287,5944,65.44813917639286
F2483,5944,65.44813917639286
F3395,5845,64.3580709094913
F3398,5845,64.3580709094913
F3722,5845,64.3580709094913
F3719,5845,64.3580709094913
F406,5842,64.32503853776701
F100,5842,64.32503853776701
F508,5842,64.32503853776701
F97,5842,64.32503853776701
F205,5842,64.32503853776701
F409,5842,64.32503853776701
F511,5842,64.32503853776701
F208,5842,64.32503853776701
F3043,5824,64.12684430742127
F3046,5824,64.12684430742127
F2381,5765,63.477207663510235
F2996,5765,63.477207663510235
F2993,5765,63.477207663510235
F2384,5765,63.477207663510235
F2677,5765,63.477207663510235
F2680,5765,63.477207663510235
F558,5735,63.14688394626734
F258,5735,63.14688394626734
F255,5735,63.14688394626734
F561,5735,63.14688394626734
F147,5732,63.113851574543055
F459,5732,63.113851574543055
F456,5732,63.113851574543055
F150,5732,63.113851574543055
F3096,5713,62.90464655362255
F3093,5713,62.90464655362255
F55,5693,62.68443074212728
F360,5693,62.68443074212728
F363,5693,62.68443074212728
F58,5693,62.68443074212728
F253,5689,62.64038757982823
F256,5689,62.64038757982823
F556,5689,62.64038757982823
F559,5689,62.64038757982823
F454,5686,62.60735520810394
F457,5686,62.60735520810394
F145,5686,62.60735520810394
F148,5686,62.60735520810394
F3094,5655,62.26602070028628
F3091,5655,62.26602070028628
F3099,5537,60.966747412464215
F3102,5537,60.966747412464215
F564,5458,60.09689495705791
F261,5458,60.09689495705791
F264,5458,60.09689495705791
F567,5458,60.09689495705791
F156,5456,60.07487337590839
F153,5456,60.07487337590839
F462,5456,60.07487337590839
F465,5456,60.07487337590839
F3567,5330,58.68751376348822
F3240,5330,58.68751376348822
F3243,5330,58.68751376348822
F3564,5330,58.68751376348822
F3351,5327,58.65448139176392
F3348,5327,58.65448139176392
F3675,5327,58.65448139176392
F3672,5327,58.65448139176392
F3459,5319,58.56639506716582
F3780,5319,58.56639506716582
F3783,5319,58.56639506716582
F3456,5319,58.56639506716582
F2899,5146,56.66152829773178
F2789,5146,56.66152829773178
F2896,5146,56.66152829773178
F2491,5146,56.66152829773178
F2494,5146,56.66152829773178
F2591,5146,56.66152829773178
F2588,5146,56.66152829773178
F2298,5146,56.66152829773178
F2295,5146,56.66152829773178
F2792,5146,56.66152829773178
F2297,4692,51.66262937678925
F2788,4692,51.66262937678925
F2895,4692,51.66262937678925
F2587,4692,51.66262937678925
F2493,4692,51.66262937678925
F2490,4692,51.66262937678925
F2590,4692,51.66262937678925
F2294,4692,51.66262937678925
F2898,4692,51.66262937678925
F2791,4692,51.66262937678925
F2392,4476,49.284298612640384
F2395,4476,49.284298612640384
F2688,4476,49.284298612640384
F2691,4476,49.284298612640384
F3004,4476,49.284298612640384
F3007,4476,49.284298612640384
F374,4444,48.93195331424796
F371,4444,48.93195331424796
F69,4444,48.93195331424796
F66,4444,48.93195331424796
F2391,4043,44.51662629376789
F2690,4043,44.51662629376789
F3006,4043,44.51662629376789
F2394,4043,44.51662629376789
F2687,4043,44.51662629376789
F3003,4043,44.51662629376789
F68,4003,44.07619467077736
F370,4003,44.07619467077736
F65,4003,44.07619467077736
F373,4003,44.07619467077736
F2777,3842,42.303457388240474
F2887,3842,42.303457388240474
F2780,3842,42.303457388240474
F2576,3842,42.303457388240474
F2884,3842,42.303457388240474
F2482,3842,42.303457388240474
F2286,3842,42.303457388240474
F2479,3842,42.303457388240474
F2283,3842,42.303457388240474
F2579,3842,42.303457388240474
F3110,3839,42.270425016516185
F3113,3839,42.270425016516185
F272,3797,41.807971812376124
F575,3797,41.807971812376124
F578,3797,41.807971812376124
F275,3797,41.807971812376124
F164,3793,41.76392865007708
F167,3793,41.76392865007708
F473,3793,41.76392865007708
F476,3793,41.76392865007708
F3109,3442,37.89914115833517
F3112,3442,37.89914115833517
F2485,3404,37.48073111649416
F2786,3404,37.48073111649416
F2890,3404,37.48073111649416
F2893,3404,37.48073111649416
F2289,3404,37.48073111649416
F2585,3404,37.48073111649416
F2488,3404,37.48073111649416
F2582,3404,37.48073111649416
F2783,3404,37.48073111649416
F2292,3404,37.48073111649416
F274,3385,37.27152609557366
F271,3385,37.27152609557366
F577,3385,37.27152609557366
F574,3385,37.27152609557366
F472,3381,37.22748293327461
F163,3381,37.22748293327461
F166,3381,37.22748293327461
F475,3381,37.22748293327461
F2486,3348,36.86412684430742
F2787,3348,36.86412684430742
F2784,3348,36.86412684430742
F2290,3348,36.86412684430742
F2894,3348,36.86412684430742
F2891,3348,36.86412684430742
F2293,3348,36.86412684430742
F2583,3348,36.86412684430742
F2586,3348,36.86412684430742
F2489,3348,36.86412684430742
F61,3323,36.58885707993834
F369,3323,36.58885707993834
F64,3323,36.58885707993834
F366,3323,36.58885707993834
F2390,3292,36.24752257212068
F3002,3292,36.24752257212068
F2387,3292,36.24752257212068
F2683,3292,36.24752257212068
F2686,3292,36.24752257212068
F2999,3292,36.24752257212068
F2995,3272,36.02730676062541
F2380,3272,36.02730676062541
F2383,3272,36.02730676062541
F2992,3272,36.02730676062541
F2679,3272,36.02730676062541
F2676,3272,36.02730676062541
F573,3269,35.99427438890112
F267,3269,35.99427438890112
F270,3269,35.99427438890112
F570,3269,35.99427438890112
F162,3266,35.96124201717683
F159,3266,35.96124201717683
F471,3266,35.96124201717683
F468,3266,35.96124201717683
F3108,3241,35.68597225280775
F3105,3241,35.68597225280775
F57,3186,35.08037877119577
F359,3186,35.08037877119577
F54,3186,35.08037877119577
F362,3186,35.08037877119577
F2285,3018,33.230565954635544
F2282,3018,33.230565954635544
F2575,3018,33.230565954635544
F2578,3018,33.230565954635544
F2776,3018,33.230565954635544
F2481,3018,33.230565954635544
F2779,3018,33.230565954635544
F2883,3018,33.230565954635544
F2478,3018,33.230565954635544
F2886,3018,33.230565954635544
F2682,2956,32.54789693900022
F2389,2956,32.54789693900022
F3001,2956,32.54789693900022
F2685,2956,32.54789693900022
F2386,2956,32.54789693900022
F2998,2956,32.54789693900022
F368,2940,32.37172428980401
F60,2940,32.37172428980401
F63,2940,32.37172428980401
F365,2940,32.37172428980401
F3101,2747,30.246641708874698
F3098,2747,30.246641708874698
F263,2681,29.51992953094032
F563,2681,29.51992953094032
F260,2681,29.51992953094032
F566,2681,29.51992953094032
F155,2676,29.464875578066508
F152,2676,29.464875578066508
F461,2676,29.464875578066508
F464,2676,29.464875578066508
F3892,2598,28.606033913234967
F2991,2574,28.34177493944065
F2994,2574,28.34177493944065
F2675,2574,28.34177493944065
F2678,2574,28.34177493944065
F2382,2574,28.34177493944065
F2379,2574,28.34177493944065
F3107,2562,28.20964545254349
F3104,2562,28.20964545254349
F569,2522,27.769213829552964
F266,2522,27.769213829552964
F269,2522,27.769213829552964
F572,2522,27.769213829552964
F470,2519,27.736181457828675
F161,2519,27.736181457828675
F467,2519,27.736181457828675
F158,2519,27.736181457828675
F2892,2481,27.317771415987668
F2581,2481,27.317771415987668
F2487,2481,27.317771415987668
F2584,2481,27.317771415987668
F2782,2481,27.317771415987668
F2785,2481,27.317771415987668
F2291,2481,27.317771415987668
F2484,2481,27.317771415987668
F2288,2481,27.317771415987668
F2889,2481,27.317771415987668
F361,2467,27.16362034794098
F358,2467,27.16362034794098
F56,2467,27.16362034794098
F53,2467,27.16362034794098
F2385,2368,26.07355208103942
F2388,2368,26.07355208103942
F2997,2368,26.07355208103942
F2684,2368,26.07355208103942
F2681,2368,26.07355208103942
F3000,2368,26.07355208103942
F364,2340,25.765249944946046
F367,2340,25.765249944946046
F59,2340,25.765249944946046
F62,2340,25.765249944946046
F3106,2208,24.311825589077294
F3103,2208,24.311825589077294
F3100,2166,23.84937238493724
F3097,2166,23.84937238493724
F568,2157,23.75027526976437
F571,2157,23.75027526976437
F268,2157,23.75027526976437
F265,2157,23.75027526976437
F157,2153,23.706232107465315
F469,2153,23.706232107465315
F466,2153,23.706232107465315
F160,2153,23.706232107465315
F262,2071,22.80334728033473
F259,2071,22.80334728033473
F562,2071,22.80334728033473
F565,2071,22.80334728033473
F151,2066,22.74829332746091
F460,2066,22.74829332746091
F463,2066,22.74829332746091
F154,2066,22.74829332746091
F3188,1353,14.897599647654703
F3185,1353,14.897599647654703
F3509,1353,14.897599647654703
F3512,1353,14.897599647654703
F3296,1346,14.82052411363136
F3620,1346,14.82052411363136
F3617,1346,14.82052411363136
F3293,1346,14.82052411363136
F2256,1304,14.358070909491301
F2259,1304,14.358070909491301
F2854,1304,14.358070909491301
F2851,1304,14.358070909491301
F2848,1304,14.358070909491301
F2857,1304,14.358070909491301
F2446,1304,14.358070909491301
F2452,1304,14.358070909491301
F2443,1304,14.358070909491301
F2449,1304,14.358070909491301
F2747,1304,14.358070909491301
F2750,1304,14.358070909491301
F2741,1304,14.358070909491301
F2744,1304,14.358070909491301
F2543,1304,14.358070909491301
F2540,1304,14.358070909491301
F2253,1304,14.358070909491301
F2250,1304,14.358070909491301
F2549,1304,14.358070909491301
F2546,1304,14.358070909491301
F3554,1303,14.347060118916538
F3551,1303,14.347060118916538
F3230,1303,14.347060118916538
F3227,1303,14.347060118916538
F3335,1297,14.280995375467958
F3338,1297,14.280995375467958
F3659,1297,14.280995375467958
F3662,1297,14.280995375467958
F2349,1025,11.28606033913235
F2346,1025,11.28606033913235
F2355,1025,11.28606033913235
F2352,1025,11.28606033913235
F2650,1025,11.28606033913235
F2647,1025,11.28606033913235
F2644,1025,11.28606033913235
F2641,1025,11.28606033913235
F2959,1025,11.28606033913235
F2962,1025,11.28606033913235
F2965,1025,11.28606033913235
F2956,1025,11.28606033913235
F334,1007,11.08786610878661
F331,1007,11.08786610878661
F328,1007,11.08786610878661
F325,1007,11.08786610878661
F23,1007,11.08786610878661
F26,1007,11.08786610878661
F29,1007,11.08786610878661
F20,1007,11.08786610878661
F3071,822,9.050869852455406
F3068,822,9.050869852455406
F3065,822,9.050869852455406
F3062,822,9.050869852455406
F233,788,8.676502972913456
F227,788,8.676502972913456
F224,788,8.676502972913456
F533,788,8.676502972913456
F527,788,8.676502972913456
F536,788,8.676502972913456
F530,788,8.676502972913456
F230,788,8.676502972913456
F116,781,8.599427438890112
F122,781,8.599427438890112
F431,781,8.599427438890112
F428,781,8.599427438890112
F425,781,8.599427438890112
F125,781,8.599427438890112
F434,781,8.599427438890112
F119,781,8.599427438890112
F2541,759,8.35719004624532
F2257,759,8.35719004624532
F2254,759,8.35719004624532
F2260,759,8.35719004624532
F2251,759,8.35719004624532
F2855,759,8.35719004624532
F2852,759,8.35719004624532
F2849,759,8.35719004624532
F2858,759,8.35719004624532
F2544,759,8.35719004624532
F2751,759,8.35719004624532
F2444,759,8.35719004624532
F2447,759,8.35719004624532
F2748,759,8.35719004624532
F2453,759,8.35719004624532
F2742,759,8.35719004624532
F2745,759,8.35719004624532
F2547,759,8.35719004624532
F2550,759,8.35719004624532
F2450,759,8.35719004624532
F2645,695,7.652499449460472
F2966,695,7.652499449460472
F2957,695,7.652499449460472
F2963,695,7.652499449460472
F2648,695,7.652499449460472
F2642,695,7.652499449460472
F2651,695,7.652499449460472
F2356,695,7.652499449460472
F2353,695,7.652499449460472
F2347,695,7.652499449460472
F2350,695,7.652499449460472
F2960,695,7.652499449460472
F30,680,7.487337590839021
F329,680,7.487337590839021
F326,680,7.487337590839021
F335,680,7.487337590839021
F21,680,7.487337590839021
F332,680,7.487337590839021
F24,680,7.487337590839021
F27,680,7.487337590839021
F3069,655,7.212067826469941
F3072,655,7.212067826469941
F3063,655,7.212067826469941
F3066,655,7.212067826469941
F537,641,7.057916758423255
F231,641,7.057916758423255
F234,641,7.057916758423255
F531,641,7.057916758423255
F225,641,7.057916758423255
F534,641,7.057916758423255
F528,641,7.057916758423255
F228,641,7.057916758423255
F426,635,6.9918520149746755
F117,635,6.9918520149746755
F120,635,6.9918520149746755
F435,635,6.9918520149746755
F123,635,6.9918520149746755
F126,635,6.9918520149746755
F432,635,6.9918520149746755
F429,635,6.9918520149746755
F2842,626,6.8927548998018064
F2537,626,6.8927548998018064
F2534,626,6.8927548998018064
F2735,626,6.8927548998018064
F2437,626,6.8927548998018064
F2244,626,6.8927548998018064
F2247,626,6.8927548998018064
F2845,626,6.8927548998018064
F2738,626,6.8927548998018064
F2440,626,6.8927548998018064
F2249,476,5.241136313587315
F2542,476,5.241136313587315
F2856,476,5.241136313587315
F2853,476,5.241136313587315
F2847,476,5.241136313587315
F2743,476,5.241136313587315
F2749,476,5.241136313587315
F2252,476,5.241136313587315
F2258,476,5.241136313587315
F2255,476,5.241136313587315
F2539,476,5.241136313587315
F2548,476,5.241136313587315
F2746,476,5.241136313587315
F2442,476,5.241136313587315
F2451,476,5.241136313587315
F2740,476,5.241136313587315
F2850,476,5.241136313587315
F2445,476,5.241136313587315
F2448,476,5.241136313587315
F2545,476,5.241136313587315
F333,404,4.4483593922043605
F28,404,4.4483593922043605
F19,404,4.4483593922043605
F22,404,4.4483593922043605
F25,404,4.4483593922043605
F327,404,4.4483593922043605
F330,404,4.4483593922043605
F324,404,4.4483593922043605
F2354,403,4.437348601629597
F2351,403,4.437348601629597
F2345,403,4.437348601629597
F2958,403,4.437348601629597
F2643,403,4.437348601629597
F2649,403,4.437348601629597
F2640,403,4.437348601629597
F2964,403,4.437348601629597
F2955,403,4.437348601629597
F2646,403,4.437348601629597
F2961,403,4.437348601629597
F2348,403,4.437348601629597
F2248,402,4.426337811054834
F2535,402,4.426337811054834
F2245,402,4.426337811054834
F2843,402,4.426337811054834
F2846,402,4.426337811054834
F2438,402,4.426337811054834
F2736,402,4.426337811054834
F2441,402,4.426337811054834
F2538,402,4.426337811054834
F2739,402,4.426337811054834
F322,392,4.3162299053072015
F17,392,4.3162299053072015
F319,392,4.3162299053072015
F14,392,4.3162299053072015
F2635,391,4.305219114732438
F2340,391,4.305219114732438
F2953,391,4.305219114732438
F2638,391,4.305219114732438
F2343,391,4.305219114732438
F2950,391,4.305219114732438
F532,365,4.018938559788593
F229,365,4.018938559788593
F223,365,4.018938559788593
F535,365,4.018938559788593
F529,365,4.018938559788593
F526,365,4.018938559788593
F232,365,4.018938559788593
F226,365,4.018938559788593
F2636,359,3.9528738163400137
F2639,359,3.9528738163400137
F2954,359,3.9528738163400137
F2951,359,3.9528738163400137
F2344,359,3.9528738163400137
F2341,359,3.9528738163400137
F121,358,3.94186302576525
F118,358,3.94186302576525
F433,358,3.94186302576525
F115,358,3.94186302576525
F430,358,3.94186302576525
F427,358,3.94186302576525
F424,358,3.94186302576525
F124,358,3.94186302576525
F3061,353,3.8868090728914333
F3064,353,3.8868090728914333
F3067,353,3.8868090728914333
F3070,353,3.8868090728914333
F15,334,3.677604051970931
F320,334,3.677604051970931
F323,334,3.677604051970931
F18,334,3.677604051970931
F3057,328,3.6115393085223517
F3060,328,3.6115393085223517
F222,297,3.270204800704691
F525,297,3.270204800704691
F219,297,3.270204800704691
F522,297,3.270204800704691
F114,291,3.2041400572561107
F111,291,3.2041400572561107
F423,291,3.2041400572561107
F420,291,3.2041400572561107
F3767,246,2.708654481391764
F3770,246,2.708654481391764
F3443,246,2.708654481391764
F3446,246,2.708654481391764
F221,245,2.6976436908170007
F524,245,2.6976436908170007
F521,245,2.6976436908170007
F218,245,2.6976436908170007
F3056,243,2.675622109667474
F3059,243,2.675622109667474
F110,238,2.6205681567936576
F422,238,2.6205681567936576
F113,238,2.6205681567936576
F419,238,2.6205681567936576
F2243,112,1.2332085443734861
F2436,112,1.2332085443734861
F2536,112,1.2332085443734861
F2533,112,1.2332085443734861
F2439,112,1.2332085443734861
F2737,112,1.2332085443734861
F2246,112,1.2332085443734861
F2734,112,1.2332085443734861
F2844,112,1.2332085443734861
F2841,112,1.2332085443734861
F3401,111,1.2221977537987228
F3725,111,1.2221977537987228
F3404,111,1.2221977537987228
F3728,111,1.2221977537987228
F3521,103,1.1341114292006167
F3200,103,1.1341114292006167
F3197,103,1.1341114292006167
F3524,103,1.1341114292006167
F3305,97,1.068046685752037
F3308,97,1.068046685752037
F3632,97,1.068046685752037
F3629,97,1.068046685752037
F16,85,0.9359171988548777
F13,85,0.9359171988548777
F321,85,0.9359171988548777
F318,85,0.9359171988548777
F2637,75,0.8258092931072452
F2634,75,0.8258092931072452
F2952,75,0.8258092931072452
F2949,75,0.8258092931072452
F2342,75,0.8258092931072452
F2339,75,0.8258092931072452
F217,59,0.6496366439110328
F523,59,0.6496366439110328
F220,59,0.6496366439110328
F520,59,0.6496366439110328
F418,52,0.5725611098876899
F421,52,0.5725611098876899
F112,52,0.5725611098876899
F109,52,0.5725611098876899
F3058,51,0.5615503193129266
F3055,51,0.5615503193129266
F3868,33,0.36335608896718785
F3867,33,0.36335608896718785
F3865,33,0.36335608896718785
F3864,33,0.36335608896718785
F3862,33,0.36335608896718785
F3856,32,0.35234529839242457
F3869,32,0.35234529839242457
F3866,32,0.35234529839242457
F3863,32,0.35234529839242457
F3857,31,0.34133450781766134
F3858,31,0.34133450781766134
F3870,31,0.34133450781766134
F956,16,0.17617264919621228
F955,16,0.17617264919621228
F954,16,0.17617264919621228
F953,16,0.17617264919621228
F952,16,0.17617264919621228
F951,16,0.17617264919621228
F950,16,0.17617264919621228
F948,16,0.17617264919621228
F947,16,0.17617264919621228
F946,16,0.17617264919621228
F945,16,0.17617264919621228
F976,16,0.17617264919621228
F975,16,0.17617264919621228
F974,16,0.17617264919621228
F973,16,0.17617264919621228
F972,16,0.17617264919621228
F971,16,0.17617264919621228
F970,16,0.17617264919621228
F969,16,0.17617264919621228
F968,16,0.17617264919621228
F967,16,0.17617264919621228
F966,16,0.17617264919621228
F965,16,0.17617264919621228
F964,16,0.17617264919621228
F963,16,0.17617264919621228
F962,16,0.17617264919621228
F961,16,0.17617264919621228
F992,16,0.17617264919621228
F991,16,0.17617264919621228
F990,16,0.17617264919621228
F989,16,0.17617264919621228
F988,16,0.17617264919621228
F987,16,0.17617264919621228
F986,16,0.17617264919621228
F985,16,0.17617264919621228
F984,16,0.17617264919621228
F983,16,0.17617264919621228
F982,16,0.17617264919621228
F981,16,0.17617264919621228
F980,16,0.17617264919621228
F979,16,0.17617264919621228
F978,16,0.17617264919621228
F977,16,0.17617264919621228
F1008,16,0.17617264919621228
F1007,16,0.17617264919621228
F1006,16,0.17617264919621228
F1005,16,0.17617264919621228
F1004,16,0.17617264919621228
F1003,16,0.17617264919621228
F1002,16,0.17617264919621228
F1001,16,0.17617264919621228
F1000,16,0.17617264919621228
F999,16,0.17617264919621228
F998,16,0.17617264919621228
F997,16,0.17617264919621228
F996,16,0.17617264919621228
F995,16,0.17617264919621228
F994,16,0.17617264919621228
F993,16,0.17617264919621228
F1024,16,0.17617264919621228
F1023,16,0.17617264919621228
F1022,16,0.17617264919621228
F1021,16,0.17617264919621228
F1020,16,0.17617264919621228
F1019,16,0.17617264919621228
F1018,16,0.17617264919621228
F1017,16,0.17617264919621228
F1016,16,0.17617264919621228
F1015,16,0.17617264919621228
F1014,16,0.17617264919621228
F1013,16,0.17617264919621228
F1012,16,0.17617264919621228
F1011,16,0.17617264919621228
F1010,16,0.17617264919621228
F1009,16,0.17617264919621228
F1040,16,0.17617264919621228
F1039,16,0.17617264919621228
F1038,16,0.17617264919621228
F1037,16,0.17617264919621228
F1036,16,0.17617264919621228
F1035,16,0.17617264919621228
F1034,16,0.17617264919621228
F1033,16,0.17617264919621228
F1032,16,0.17617264919621228
F1031,16,0.17617264919621228
F1030,16,0.17617264919621228
F1029,16,0.17617264919621228
F1028,16,0.17617264919621228
F1026,16,0.17617264919621228
F1025,16,0.17617264919621228
F1041,16,0.17617264919621228
F1264,16,0.17617264919621228
F1263,16,0.17617264919621228
F1262,16,0.17617264919621228
F1261,16,0.17617264919621228
F1260,16,0.17617264919621228
F1259,16,0.17617264919621228
F1258,16,0.17617264919621228
F1280,16,0.17617264919621228
F1279,16,0.17617264919621228
F1278,16,0.17617264919621228
F1277,16,0.17617264919621228
F1276,16,0.17617264919621228
F1275,16,0.17617264919621228
F1274,16,0.17617264919621228
F1273,16,0.17617264919621228
F1272,16,0.17617264919621228
F1271,16,0.17617264919621228
F1270,16,0.17617264919621228
F1269,16,0.17617264919621228
F1268,16,0.17617264919621228
F1267,16,0.17617264919621228
F1266,16,0.17617264919621228
F1265,16,0.17617264919621228
F949,16,0.17617264919621228
F1296,16,0.17617264919621228
F1295,16,0.17617264919621228
F1294,16,0.17617264919621228
F1293,16,0.17617264919621228
F1292,16,0.17617264919621228
F1291,16,0.17617264919621228
F1290,16,0.17617264919621228
F1289,16,0.17617264919621228
F1288,16,0.17617264919621228
F1287,16,0.17617264919621228
F1286,16,0.17617264919621228
F1285,16,0.17617264919621228
F1284,16,0.17617264919621228
F1283,16,0.17617264919621228
F1282,16,0.17617264919621228
F1281,16,0.17617264919621228
F1312,16,0.17617264919621228
F1311,16,0.17617264919621228
F1310,16,0.17617264919621228
F1309,16,0.17617264919621228
F1308,16,0.17617264919621228
F1307,16,0.17617264919621228
F1306,16,0.17617264919621228
F1305,16,0.17617264919621228
F1304,16,0.17617264919621228
F1303,16,0.17617264919621228
F1302,16,0.17617264919621228
F1301,16,0.17617264919621228
F1300,16,0.17617264919621228
F1299,16,0.17617264919621228
F1298,16,0.17617264919621228
F1297,16,0.17617264919621228
F1328,16,0.17617264919621228
F1327,16,0.17617264919621228
F1326,16,0.17617264919621228
F1325,16,0.17617264919621228
F1324,16,0.17617264919621228
F1323,16,0.17617264919621228
F1322,16,0.17617264919621228
F1321,16,0.17617264919621228
F1320,16,0.17617264919621228
F1319,16,0.17617264919621228
F1318,16,0.17617264919621228
F1317,16,0.17617264919621228
F1316,16,0.17617264919621228
F1315,16,0.17617264919621228
F1314,16,0.17617264919621228
F1313,16,0.17617264919621228
F717,16,0.17617264919621228
F944,16,0.17617264919621228
F943,16,0.17617264919621228
F1027,16,0.17617264919621228
F942,16,0.17617264919621228
F941,16,0.17617264919621228
F1344,16,0.17617264919621228
F1343,16,0.17617264919621228
F1342,16,0.17617264919621228
F1341,16,0.17617264919621228
F1340,16,0.17617264919621228
F1339,16,0.17617264919621228
F1338,16,0.17617264919621228
F1337,16,0.17617264919621228
F1336,16,0.17617264919621228
F1335,16,0.17617264919621228
F1334,16,0.17617264919621228
F1333,16,0.17617264919621228
F1332,16,0.17617264919621228
F1331,16,0.17617264919621228
F1330,16,0.17617264919621228
F1329,16,0.17617264919621228
F1360,16,0.17617264919621228
F1359,16,0.17617264919621228
F1358,16,0.17617264919621228
F1357,16,0.17617264919621228
F1356,16,0.17617264919621228
F1355,16,0.17617264919621228
F1354,16,0.17617264919621228
F1353,16,0.17617264919621228
F1352,16,0.17617264919621228
F1351,16,0.17617264919621228
F1350,16,0.17617264919621228
F1349,16,0.17617264919621228
F1348,16,0.17617264919621228
F1347,16,0.17617264919621228
F1346,16,0.17617264919621228
F1345,16,0.17617264919621228
F940,16,0.17617264919621228
F939,16,0.17617264919621228
F1365,16,0.17617264919621228
F1364,16,0.17617264919621228
F1363,16,0.17617264919621228
F1362,16,0.17617264919621228
F1361,16,0.17617264919621228
F625,16,0.17617264919621228
F624,16,0.17617264919621228
F623,16,0.17617264919621228
F622,16,0.17617264919621228
F621,16,0.17617264919621228
F620,16,0.17617264919621228
F619,16,0.17617264919621228
F618,16,0.17617264919621228
F617,16,0.17617264919621228
F616,16,0.17617264919621228
F615,16,0.17617264919621228
F938,16,0.17617264919621228
F613,16,0.17617264919621228
F612,16,0.17617264919621228
F611,16,0.17617264919621228
F610,16,0.17617264919621228
F641,16,0.17617264919621228
F640,16,0.17617264919621228
F639,16,0.17617264919621228
F638,16,0.17617264919621228
F637,16,0.17617264919621228
F636,16,0.17617264919621228
F635,16,0.17617264919621228
F634,16,0.17617264919621228
F633,16,0.17617264919621228
F632,16,0.17617264919621228
F631,16,0.17617264919621228
F630,16,0.17617264919621228
F629,16,0.17617264919621228
F628,16,0.17617264919621228
F627,16,0.17617264919621228
F626,16,0.17617264919621228
F937,16,0.17617264919621228
F936,16,0.17617264919621228
F657,16,0.17617264919621228
F656,16,0.17617264919621228
F655,16,0.17617264919621228
F654,16,0.17617264919621228
F653,16,0.17617264919621228
F652,16,0.17617264919621228
F651,16,0.17617264919621228
F650,16,0.17617264919621228
F649,16,0.17617264919621228
F648,16,0.17617264919621228
F647,16,0.17617264919621228
F646,16,0.17617264919621228
F645,16,0.17617264919621228
F644,16,0.17617264919621228
F643,16,0.17617264919621228
F642,16,0.17617264919621228
F673,16,0.17617264919621228
F672,16,0.17617264919621228
F671,16,0.17617264919621228
F670,16,0.17617264919621228
F669,16,0.17617264919621228
F668,16,0.17617264919621228
F667,16,0.17617264919621228
F666,16,0.17617264919621228
F665,16,0.17617264919621228
F664,16,0.17617264919621228
F663,16,0.17617264919621228
F662,16,0.17617264919621228
F661,16,0.17617264919621228
F614,16,0.17617264919621228
F659,16,0.17617264919621228
F658,16,0.17617264919621228
F689,16,0.17617264919621228
F688,16,0.17617264919621228
F687,16,0.17617264919621228
F686,16,0.17617264919621228
F685,16,0.17617264919621228
F684,16,0.17617264919621228
F683,16,0.17617264919621228
F682,16,0.17617264919621228
F681,16,0.17617264919621228
F680,16,0.17617264919621228
F679,16,0.17617264919621228
F678,16,0.17617264919621228
F677,16,0.17617264919621228
F676,16,0.17617264919621228
F675,16,0.17617264919621228
F674,16,0.17617264919621228
F705,16,0.17617264919621228
F704,16,0.17617264919621228
F935,16,0.17617264919621228
F702,16,0.17617264919621228
F701,16,0.17617264919621228
F700,16,0.17617264919621228
F699,16,0.17617264919621228
F698,16,0.17617264919621228
F697,16,0.17617264919621228
F696,16,0.17617264919621228
F695,16,0.17617264919621228
F694,16,0.17617264919621228
F693,16,0.17617264919621228
F692,16,0.17617264919621228
F691,16,0.17617264919621228
F690,16,0.17617264919621228
F934,16,0.17617264919621228
F960,16,0.17617264919621228
F703,16,0.17617264919621228
F716,16,0.17617264919621228
F715,16,0.17617264919621228
F714,16,0.17617264919621228
F713,16,0.17617264919621228
F712,16,0.17617264919621228
F711,16,0.17617264919621228
F710,16,0.17617264919621228
F709,16,0.17617264919621228
F708,16,0.17617264919621228
F707,16,0.17617264919621228
F706,16,0.17617264919621228
F959,16,0.17617264919621228
F958,16,0.17617264919621228
F957,16,0.17617264919621228
F660,16,0.17617264919621228
F1638,13,0.14314027747192248
F1639,13,0.14314027747192248
F1629,13,0.14314027747192248
F1644,13,0.14314027747192248
F1645,13,0.14314027747192248
F1646,13,0.14314027747192248
F1647,13,0.14314027747192248
F1648,13,0.14314027747192248
F1634,13,0.14314027747192248
F1635,13,0.14314027747192248
F1636,13,0.14314027747192248
F1637,13,0.14314027747192248
F1609,13,0.14314027747192248
F1610,13,0.14314027747192248
F1991,13,0.14314027747192248
F1992,13,0.14314027747192248
F1993,13,0.14314027747192248
F1994,13,0.14314027747192248
F1995,13,0.14314027747192248
F1996,13,0.14314027747192248
F1997,13,0.14314027747192248
F1998,13,0.14314027747192248
F1967,13,0.14314027747192248
F1968,13,0.14314027747192248
F1969,13,0.14314027747192248
F1656,13,0.14314027747192248
F1657,13,0.14314027747192248
F1658,13,0.14314027747192248
F1586,13,0.14314027747192248
F2006,13,0.14314027747192248
F2007,13,0.14314027747192248
F2008,13,0.14314027747192248
F2009,13,0.14314027747192248
F2010,13,0.14314027747192248
F2011,13,0.14314027747192248
F2012,13,0.14314027747192248
F2013,13,0.14314027747192248
F1983,13,0.14314027747192248
F1984,13,0.14314027747192248
F1985,13,0.14314027747192248
F1986,13,0.14314027747192248
F1987,13,0.14314027747192248
F1988,13,0.14314027747192248
F1989,13,0.14314027747192248
F1990,13,0.14314027747192248
F1596,13,0.14314027747192248
F1597,13,0.14314027747192248
F1630,13,0.14314027747192248
F1631,13,0.14314027747192248
F1632,13,0.14314027747192248
F1633,13,0.14314027747192248
F1653,13,0.14314027747192248
F1654,13,0.14314027747192248
F1655,13,0.14314027747192248
F1999,13,0.14314027747192248
F2000,13,0.14314027747192248
F2001,13,0.14314027747192248
F2002,13,0.14314027747192248
F2003,13,0.14314027747192248
F2004,13,0.14314027747192248
F2005,13,0.14314027747192248
F1678,13,0.14314027747192248
F1679,13,0.14314027747192248
F1680,13,0.14314027747192248
F1681,13,0.14314027747192248
F1662,13,0.14314027747192248
F1663,13,0.14314027747192248
F1618,13,0.14314027747192248
F1619,13,0.14314027747192248
F1620,13,0.14314027747192248
F1621,13,0.14314027747192248
F1622,13,0.14314027747192248
F1623,13,0.14314027747192248
F1624,13,0.14314027747192248
F1625,13,0.14314027747192248
F1626,13,0.14314027747192248
F1627,13,0.14314027747192248
F1688,13,0.14314027747192248
F1689,13,0.14314027747192248
F1660,13,0.14314027747192248
F1661,13,0.14314027747192248
F1664,13,0.14314027747192248
F1665,13,0.14314027747192248
F1666,13,0.14314027747192248
F1667,13,0.14314027747192248
F1668,13,0.14314027747192248
F1669,13,0.14314027747192248
F1670,13,0.14314027747192248
F1671,13,0.14314027747192248
F1672,13,0.14314027747192248
F1673,13,0.14314027747192248
F1674,13,0.14314027747192248
F1675,13,0.14314027747192248
F1611,13,0.14314027747192248
F1598,13,0.14314027747192248
F1599,13,0.14314027747192248
F1600,13,0.14314027747192248
F1676,13,0.14314027747192248
F1677,13,0.14314027747192248
F1601,13,0.14314027747192248
F1927,13,0.14314027747192248
F1928,13,0.14314027747192248
F1929,13,0.14314027747192248
F1682,13,0.14314027747192248
F1683,13,0.14314027747192248
F1684,13,0.14314027747192248
F1685,13,0.14314027747192248
F1686,13,0.14314027747192248
F1687,13,0.14314027747192248
F1930,13,0.14314027747192248
F1931,13,0.14314027747192248
F1911,13,0.14314027747192248
F1912,13,0.14314027747192248
F1913,13,0.14314027747192248
F1914,13,0.14314027747192248
F1915,13,0.14314027747192248
F1939,13,0.14314027747192248
F1940,13,0.14314027747192248
F1640,13,0.14314027747192248
F1641,13,0.14314027747192248
F1642,13,0.14314027747192248
F1643,13,0.14314027747192248
F1612,13,0.14314027747192248
F1613,13,0.14314027747192248
F1649,13,0.14314027747192248
F1650,13,0.14314027747192248
F1651,13,0.14314027747192248
F1652,13,0.14314027747192248
F1964,13,0.14314027747192248
F1588,13,0.14314027747192248
F1589,13,0.14314027747192248
F1590,13,0.14314027747192248
F1591,13,0.14314027747192248
F1592,13,0.14314027747192248
F1593,13,0.14314027747192248
F1594,13,0.14314027747192248
F1595,13,0.14314027747192248
F1659,13,0.14314027747192248
F1628,13,0.14314027747192248
F1587,13,0.14314027747192248
F1970,13,0.14314027747192248
F1971,13,0.14314027747192248
F1972,13,0.14314027747192248
F1973,13,0.14314027747192248
F1974,13,0.14314027747192248
F1975,13,0.14314027747192248
F1976,13,0.14314027747192248
F1977,13,0.14314027747192248
F1978,13,0.14314027747192248
F1979,13,0.14314027747192248
F1980,13,0.14314027747192248
F1981,13,0.14314027747192248
F1982,13,0.14314027747192248
F1965,13,0.14314027747192248
F1966,13,0.14314027747192248
F1582,13,0.14314027747192248
F1583,13,0.14314027747192248
F1584,13,0.14314027747192248
F1585,13,0.14314027747192248
F1907,13,0.14314027747192248
F1908,13,0.14314027747192248
F1906,13,0.14314027747192248
F1923,13,0.14314027747192248
F1924,13,0.14314027747192248
F1909,13,0.14314027747192248
F1910,13,0.14314027747192248
F1945,13,0.14314027747192248
F1948,13,0.14314027747192248
F1949,13,0.14314027747192248
F1950,13,0.14314027747192248
F1951,13,0.14314027747192248
F1952,13,0.14314027747192248
F1953,13,0.14314027747192248
F1954,13,0.14314027747192248
F1955,13,0.14314027747192248
F1956,13,0.14314027747192248
F1957,13,0.14314027747192248
F1958,13,0.14314027747192248
F1961,13,0.14314027747192248
F1962,13,0.14314027747192248
F1963,13,0.14314027747192248
F1932,13,0.14314027747192248
F1933,13,0.14314027747192248
F1934,13,0.14314027747192248
F1935,13,0.14314027747192248
F1936,13,0.14314027747192248
F1937,13,0.14314027747192248
F1938,13,0.14314027747192248
F1959,13,0.14314027747192248
F1614,13,0.14314027747192248
F1615,13,0.14314027747192248
F1616,13,0.14314027747192248
F1617,13,0.14314027747192248
F1960,13,0.14314027747192248
F1941,13,0.14314027747192248
F1942,13,0.14314027747192248
F1943,13,0.14314027747192248
F1944,13,0.14314027747192248
F1946,13,0.14314027747192248
F1947,13,0.14314027747192248
F1916,13,0.14314027747192248
F1917,13,0.14314027747192248
F1918,13,0.14314027747192248
F1919,13,0.14314027747192248
F1920,13,0.14314027747192248
F1921,13,0.14314027747192248
F1922,13,0.14314027747192248
F1925,13,0.14314027747192248
F1926,13,0.14314027747192248
F1602,13,0.14314027747192248
F1603,13,0.14314027747192248
F1604,13,0.14314027747192248
F1605,13,0.14314027747192248
F1606,13,0.14314027747192248
F1607,13,0.14314027747192248
F1608,13,0.14314027747192248
F3194,11,0.12111869632239596
F3191,11,0.12111869632239596
F3515,11,0.12111869632239596
F3518,11,0.12111869632239596
F1053,10,0.11010790574763268
F1054,10,0.11010790574763268
F1055,10,0.11010790574763268
F1056,10,0.11010790574763268
F1043,10,0.11010790574763268
F1044,10,0.11010790574763268
F1045,10,0.11010790574763268
F1046,10,0.11010790574763268
F1072,10,0.11010790574763268
F1042,10,0.11010790574763268
F1074,10,0.11010790574763268
F1075,10,0.11010790574763268
F1076,10,0.11010790574763268
F1077,10,0.11010790574763268
F1047,10,0.11010790574763268
F1048,10,0.11010790574763268
F1049,10,0.11010790574763268
F1050,10,0.11010790574763268
F1051,10,0.11010790574763268
F1052,10,0.11010790574763268
F1058,10,0.11010790574763268
F1059,10,0.11010790574763268
F1060,10,0.11010790574763268
F1061,10,0.11010790574763268
F1088,10,0.11010790574763268
F1057,10,0.11010790574763268
F1090,10,0.11010790574763268
F1091,10,0.11010790574763268
F1092,10,0.11010790574763268
F1093,10,0.11010790574763268
F1062,10,0.11010790574763268
F1063,10,0.11010790574763268
F1064,10,0.11010790574763268
F1065,10,0.11010790574763268
F1066,10,0.11010790574763268
F1067,10,0.11010790574763268
F1068,10,0.11010790574763268
F1069,10,0.11010790574763268
F1070,10,0.11010790574763268
F1071,10,0.11010790574763268
F1100,10,0.11010790574763268
F1101,10,0.11010790574763268
F1102,10,0.11010790574763268
F1103,10,0.11010790574763268
F1104,10,0.11010790574763268
F1073,10,0.11010790574763268
F1078,10,0.11010790574763268
F1079,10,0.11010790574763268
F1080,10,0.11010790574763268
F1081,10,0.11010790574763268
F1082,10,0.11010790574763268
F1083,10,0.11010790574763268
F1084,10,0.11010790574763268
F1085,10,0.11010790574763268
F1086,10,0.11010790574763268
F1087,10,0.11010790574763268
F1122,10,0.11010790574763268
F1123,10,0.11010790574763268
F1124,10,0.11010790574763268
F1125,10,0.11010790574763268
F1126,10,0.11010790574763268
F1089,10,0.11010790574763268
F1106,10,0.11010790574763268
F1107,10,0.11010790574763268
F1108,10,0.11010790574763268
F1109,10,0.11010790574763268
F1094,10,0.11010790574763268
F1095,10,0.11010790574763268
F1096,10,0.11010790574763268
F1097,10,0.11010790574763268
F1098,10,0.11010790574763268
F1099,10,0.11010790574763268
F1138,10,0.11010790574763268
F1139,10,0.11010790574763268
F1140,10,0.11010790574763268
F1141,10,0.11010790574763268
F1142,10,0.11010790574763268
F1110,10,0.11010790574763268
F1111,10,0.11010790574763268
F1112,10,0.11010790574763268
F1113,10,0.11010790574763268
F1114,10,0.11010790574763268
F1115,10,0.11010790574763268
F1116,10,0.11010790574763268
F1117,10,0.11010790574763268
F1118,10,0.11010790574763268
F1119,10,0.11010790574763268
F1120,10,0.11010790574763268
F1127,10,0.11010790574763268
F1128,10,0.11010790574763268
F1129,10,0.11010790574763268
F1130,10,0.11010790574763268
F1131,10,0.11010790574763268
F1132,10,0.11010790574763268
F1133,10,0.11010790574763268
F1134,10,0.11010790574763268
F1135,10,0.11010790574763268
F1136,10,0.11010790574763268
F1105,10,0.11010790574763268
F1146,10,0.11010790574763268
F1147,10,0.11010790574763268
F1148,10,0.11010790574763268
F1149,10,0.11010790574763268
F1121,10,0.11010790574763268
F1143,10,0.11010790574763268
F1144,10,0.11010790574763268
F1145,10,0.11010790574763268
F1375,10,0.11010790574763268
F1376,10,0.11010790574763268
F1371,10,0.11010790574763268
F1372,10,0.11010790574763268
F820,10,0.11010790574763268
F821,10,0.11010790574763268
F822,10,0.11010790574763268
F823,10,0.11010790574763268
F824,10,0.11010790574763268
F825,10,0.11010790574763268
F1137,10,0.11010790574763268
F1391,10,0.11010790574763268
F1392,10,0.11010790574763268
F1366,10,0.11010790574763268
F1367,10,0.11010790574763268
F1368,10,0.11010790574763268
F1369,10,0.11010790574763268
F809,10,0.11010790574763268
F810,10,0.11010790574763268
F812,10,0.11010790574763268
F818,10,0.11010790574763268
F819,10,0.11010790574763268
F1370,10,0.11010790574763268
F1380,10,0.11010790574763268
F1381,10,0.11010790574763268
F1382,10,0.11010790574763268
F1383,10,0.11010790574763268
F1384,10,0.11010790574763268
F1385,10,0.11010790574763268
F1386,10,0.11010790574763268
F1387,10,0.11010790574763268
F1388,10,0.11010790574763268
F1389,10,0.11010790574763268
F1390,10,0.11010790574763268
F789,10,0.11010790574763268
F790,10,0.11010790574763268
F791,10,0.11010790574763268
F765,10,0.11010790574763268
F766,10,0.11010790574763268
F767,10,0.11010790574763268
F768,10,0.11010790574763268
F769,10,0.11010790574763268
F738,10,0.11010790574763268
F739,10,0.11010790574763268
F740,10,0.11010790574763268
F741,10,0.11010790574763268
F743,10,0.11010790574763268
F744,10,0.11010790574763268
F761,10,0.11010790574763268
F762,10,0.11010790574763268
F1432,10,0.11010790574763268
F1433,10,0.11010790574763268
F1409,10,0.11010790574763268
F1410,10,0.11010790574763268
F1411,10,0.11010790574763268
F1412,10,0.11010790574763268
F1413,10,0.11010790574763268
F807,10,0.11010790574763268
F808,10,0.11010790574763268
F811,10,0.11010790574763268
F802,10,0.11010790574763268
F803,10,0.11010790574763268
F747,10,0.11010790574763268
F748,10,0.11010790574763268
F751,10,0.11010790574763268
F752,10,0.11010790574763268
F753,10,0.11010790574763268
F722,10,0.11010790574763268
F723,10,0.11010790574763268
F724,10,0.11010790574763268
F725,10,0.11010790574763268
F726,10,0.11010790574763268
F727,10,0.11010790574763268
F728,10,0.11010790574763268
F729,10,0.11010790574763268
F730,10,0.11010790574763268
F731,10,0.11010790574763268
F732,10,0.11010790574763268
F745,10,0.11010790574763268
F746,10,0.11010790574763268
F804,10,0.11010790574763268
F1460,10,0.11010790574763268
F1461,10,0.11010790574763268
F1462,10,0.11010790574763268
F1463,10,0.11010790574763268
F1464,10,0.11010790574763268
F1465,10,0.11010790574763268
F1466,10,0.11010790574763268
F1467,10,0.11010790574763268
F1468,10,0.11010790574763268
F1469,10,0.11010790574763268
F1470,10,0.11010790574763268
F1471,10,0.11010790574763268
F1472,10,0.11010790574763268
F749,10,0.11010790574763268
F750,10,0.11010790574763268
F735,10,0.11010790574763268
F736,10,0.11010790574763268
F737,10,0.11010790574763268
F813,10,0.11010790574763268
F814,10,0.11010790574763268
F815,10,0.11010790574763268
F816,10,0.11010790574763268
F817,10,0.11010790574763268
F786,10,0.11010790574763268
F787,10,0.11010790574763268
F788,10,0.11010790574763268
F773,10,0.11010790574763268
F774,10,0.11010790574763268
F775,10,0.11010790574763268
F1457,10,0.11010790574763268
F1458,10,0.11010790574763268
F776,10,0.11010790574763268
F777,10,0.11010790574763268
F778,10,0.11010790574763268
F718,10,0.11010790574763268
F719,10,0.11010790574763268
F720,10,0.11010790574763268
F721,10,0.11010790574763268
F1441,10,0.11010790574763268
F1442,10,0.11010790574763268
F1443,10,0.11010790574763268
F1444,10,0.11010790574763268
F1445,10,0.11010790574763268
F1446,10,0.11010790574763268
F1447,10,0.11010790574763268
F733,10,0.11010790574763268
F734,10,0.11010790574763268
F1450,10,0.11010790574763268
F1451,10,0.11010790574763268
F1452,10,0.11010790574763268
F1453,10,0.11010790574763268
F1454,10,0.11010790574763268
F1455,10,0.11010790574763268
F1456,10,0.11010790574763268
F793,10,0.11010790574763268
F794,10,0.11010790574763268
F1398,10,0.11010790574763268
F1399,10,0.11010790574763268
F1400,10,0.11010790574763268
F1401,10,0.11010790574763268
F1402,10,0.11010790574763268
F1403,10,0.11010790574763268
F1404,10,0.11010790574763268
F1405,10,0.11010790574763268
F1406,10,0.11010790574763268
F1407,10,0.11010790574763268
F1408,10,0.11010790574763268
F792,10,0.11010790574763268
F1377,10,0.11010790574763268
F1378,10,0.11010790574763268
F1379,10,0.11010790574763268
F1416,10,0.11010790574763268
F1417,10,0.11010790574763268
F1393,10,0.11010790574763268
F1394,10,0.11010790574763268
F1395,10,0.11010790574763268
F1396,10,0.11010790574763268
F1448,10,0.11010790574763268
F1449,10,0.11010790574763268
F1397,10,0.11010790574763268
F756,10,0.11010790574763268
F757,10,0.11010790574763268
F758,10,0.11010790574763268
F759,10,0.11010790574763268
F760,10,0.11010790574763268
F795,10,0.11010790574763268
F1425,10,0.11010790574763268
F1426,10,0.11010790574763268
F1427,10,0.11010790574763268
F1428,10,0.11010790574763268
F1429,10,0.11010790574763268
F796,10,0.11010790574763268
F797,10,0.11010790574763268
F798,10,0.11010790574763268
F799,10,0.11010790574763268
F800,10,0.11010790574763268
F1430,10,0.11010790574763268
F1431,10,0.11010790574763268
F801,10,0.11010790574763268
F770,10,0.11010790574763268
F1434,10,0.11010790574763268
F1435,10,0.11010790574763268
F1436,10,0.11010790574763268
F1437,10,0.11010790574763268
F1438,10,0.11010790574763268
F1439,10,0.11010790574763268
F1440,10,0.11010790574763268
F771,10,0.11010790574763268
F772,10,0.11010790574763268
F780,10,0.11010790574763268
F781,10,0.11010790574763268
F782,10,0.11010790574763268
F783,10,0.11010790574763268
F784,10,0.11010790574763268
F785,10,0.11010790574763268
F754,10,0.11010790574763268
F755,10,0.11010790574763268
F742,10,0.11010790574763268
F1473,10,0.11010790574763268
F779,10,0.11010790574763268
F1373,10,0.11010790574763268
F1374,10,0.11010790574763268
F1414,10,0.11010790574763268
F1415,10,0.11010790574763268
F805,10,0.11010790574763268
F806,10,0.11010790574763268
F1418,10,0.11010790574763268
F1419,10,0.11010790574763268
F1420,10,0.11010790574763268
F1421,10,0.11010790574763268
F1422,10,0.11010790574763268
F1423,10,0.11010790574763268
F1424,10,0.11010790574763268
F763,10,0.11010790574763268
F764,10,0.11010790574763268
F1459,10,0.11010790574763268
F3254,8,0.08808632459810614
F3247,8,0.08808632459810614
F3246,8,0.08808632459810614
F3169,8,0.08808632459810614
F3168,8,0.08808632459810614
F3491,8,0.08808632459810614
F3490,8,0.08808632459810614
F3489,8,0.08808632459810614
F3488,8,0.08808632459810614
F3487,8,0.08808632459810614
F3486,8,0.08808632459810614
F3485,8,0.08808632459810614
F3484,8,0.08808632459810614
F3513,8,0.08808632459810614
F3511,8,0.08808632459810614
F3510,8,0.08808632459810614
F3508,8,0.08808632459810614
F3507,8,0.08808632459810614
F3505,8,0.08808632459810614
F3504,8,0.08808632459810614
F3502,8,0.08808632459810614
F3501,8,0.08808632459810614
F3500,8,0.08808632459810614
F3499,8,0.08808632459810614
F3498,8,0.08808632459810614
F3203,8,0.08808632459810614
F3202,8,0.08808632459810614
F3201,8,0.08808632459810614
F3199,8,0.08808632459810614
F3198,8,0.08808632459810614
F3196,8,0.08808632459810614
F3195,8,0.08808632459810614
F3193,8,0.08808632459810614
F3192,8,0.08808632459810614
F3190,8,0.08808632459810614
F3189,8,0.08808632459810614
F3187,8,0.08808632459810614
F3186,8,0.08808632459810614
F3167,8,0.08808632459810614
F3166,8,0.08808632459810614
F3497,8,0.08808632459810614
F3496,8,0.08808632459810614
F3495,8,0.08808632459810614
F3494,8,0.08808632459810614
F3531,8,0.08808632459810614
F3530,8,0.08808632459810614
F3529,8,0.08808632459810614
F3528,8,0.08808632459810614
F3527,8,0.08808632459810614
F3526,8,0.08808632459810614
F3525,8,0.08808632459810614
F3523,8,0.08808632459810614
F3522,8,0.08808632459810614
F3520,8,0.08808632459810614
F3519,8,0.08808632459810614
F3517,8,0.08808632459810614
F3516,8,0.08808632459810614
F3514,8,0.08808632459810614
F3547,8,0.08808632459810614
F3212,8,0.08808632459810614
F3211,8,0.08808632459810614
F3210,8,0.08808632459810614
F3209,8,0.08808632459810614
F3208,8,0.08808632459810614
F3483,8,0.08808632459810614
F3482,8,0.08808632459810614
F3481,8,0.08808632459810614
F3480,8,0.08808632459810614
F3479,8,0.08808632459810614
F3478,8,0.08808632459810614
F3493,8,0.08808632459810614
F3492,8,0.08808632459810614
F3184,8,0.08808632459810614
F3219,8,0.08808632459810614
F3218,8,0.08808632459810614
F3217,8,0.08808632459810614
F3216,8,0.08808632459810614
F3215,8,0.08808632459810614
F3214,8,0.08808632459810614
F3213,8,0.08808632459810614
F3207,8,0.08808632459810614
F3546,8,0.08808632459810614
F3545,8,0.08808632459810614
F3544,8,0.08808632459810614
F3543,8,0.08808632459810614
F3542,8,0.08808632459810614
F3541,8,0.08808632459810614
F3540,8,0.08808632459810614
F3539,8,0.08808632459810614
F3538,8,0.08808632459810614
F3537,8,0.08808632459810614
F3536,8,0.08808632459810614
F3535,8,0.08808632459810614
F3534,8,0.08808632459810614
F3533,8,0.08808632459810614
F3532,8,0.08808632459810614
F3183,8,0.08808632459810614
F3181,8,0.08808632459810614
F3180,8,0.08808632459810614
F3178,8,0.08808632459810614
F3177,8,0.08808632459810614
F3176,8,0.08808632459810614
F3175,8,0.08808632459810614
F3174,8,0.08808632459810614
F3173,8,0.08808632459810614
F3172,8,0.08808632459810614
F3171,8,0.08808632459810614
F3170,8,0.08808632459810614
F3229,8,0.08808632459810614
F3228,8,0.08808632459810614
F3226,8,0.08808632459810614
F3225,8,0.08808632459810614
F3224,8,0.08808632459810614
F3223,8,0.08808632459810614
F3222,8,0.08808632459810614
F3221,8,0.08808632459810614
F3206,8,0.08808632459810614
F3205,8,0.08808632459810614
F3204,8,0.08808632459810614
F3231,8,0.08808632459810614
F3245,8,0.08808632459810614
F3244,8,0.08808632459810614
F3242,8,0.08808632459810614
F3220,8,0.08808632459810614
F3153,8,0.08808632459810614
F3152,8,0.08808632459810614
F3151,8,0.08808632459810614
F3150,8,0.08808632459810614
F3241,8,0.08808632459810614
F3239,8,0.08808632459810614
F3238,8,0.08808632459810614
F3555,8,0.08808632459810614
F3553,8,0.08808632459810614
F3552,8,0.08808632459810614
F3550,8,0.08808632459810614
F3549,8,0.08808632459810614
F3548,8,0.08808632459810614
F3579,8,0.08808632459810614
F3578,8,0.08808632459810614
F3577,8,0.08808632459810614
F3576,8,0.08808632459810614
F3156,8,0.08808632459810614
F3155,8,0.08808632459810614
F3154,8,0.08808632459810614
F3477,8,0.08808632459810614
F3476,8,0.08808632459810614
F3475,8,0.08808632459810614
F3474,8,0.08808632459810614
F3473,8,0.08808632459810614
F3472,8,0.08808632459810614
F3575,8,0.08808632459810614
F3574,8,0.08808632459810614
F3573,8,0.08808632459810614
F3572,8,0.08808632459810614
F3571,8,0.08808632459810614
F3570,8,0.08808632459810614
F3569,8,0.08808632459810614
F3568,8,0.08808632459810614
F3566,8,0.08808632459810614
F3565,8,0.08808632459810614
F3563,8,0.08808632459810614
F3562,8,0.08808632459810614
F3165,8,0.08808632459810614
F3164,8,0.08808632459810614
F3163,8,0.08808632459810614
F3162,8,0.08808632459810614
F3161,8,0.08808632459810614
F3160,8,0.08808632459810614
F3159,8,0.08808632459810614
F3158,8,0.08808632459810614
F3157,8,0.08808632459810614
F3148,8,0.08808632459810614
F3149,8,0.08808632459810614
F3249,8,0.08808632459810614
F3248,8,0.08808632459810614
F3251,8,0.08808632459810614
F3252,8,0.08808632459810614
F3253,8,0.08808632459810614
F3255,8,0.08808632459810614
F3250,8,0.08808632459810614
F2014,7,0.07707553402334288
F2030,7,0.07707553402334288
F2046,7,0.07707553402334288
F2045,7,0.07707553402334288
F2044,7,0.07707553402334288
F2043,7,0.07707553402334288
F2042,7,0.07707553402334288
F2041,7,0.07707553402334288
F2040,7,0.07707553402334288
F2039,7,0.07707553402334288
F2038,7,0.07707553402334288
F2037,7,0.07707553402334288
F2036,7,0.07707553402334288
F2035,7,0.07707553402334288
F2034,7,0.07707553402334288
F2033,7,0.07707553402334288
F2032,7,0.07707553402334288
F2031,7,0.07707553402334288
F1787,7,0.07707553402334288
F1786,7,0.07707553402334288
F1781,7,0.07707553402334288
F1780,7,0.07707553402334288
F1779,7,0.07707553402334288
F1778,7,0.07707553402334288
F1777,7,0.07707553402334288
F1776,7,0.07707553402334288
F1775,7,0.07707553402334288
F1774,7,0.07707553402334288
F1773,7,0.07707553402334288
F1772,7,0.07707553402334288
F1771,7,0.07707553402334288
F1770,7,0.07707553402334288
F1765,7,0.07707553402334288
F1764,7,0.07707553402334288
F1763,7,0.07707553402334288
F1762,7,0.07707553402334288
F1761,7,0.07707553402334288
F1760,7,0.07707553402334288
F1759,7,0.07707553402334288
F1758,7,0.07707553402334288
F1757,7,0.07707553402334288
F1756,7,0.07707553402334288
F1751,7,0.07707553402334288
F1750,7,0.07707553402334288
F1785,7,0.07707553402334288
F1784,7,0.07707553402334288
F1783,7,0.07707553402334288
F1782,7,0.07707553402334288
F1749,7,0.07707553402334288
F1748,7,0.07707553402334288
F1747,7,0.07707553402334288
F1746,7,0.07707553402334288
F1745,7,0.07707553402334288
F1744,7,0.07707553402334288
F1743,7,0.07707553402334288
F1742,7,0.07707553402334288
F1741,7,0.07707553402334288
F1740,7,0.07707553402334288
F1767,7,0.07707553402334288
F1766,7,0.07707553402334288
F1729,7,0.07707553402334288
F1728,7,0.07707553402334288
F1727,7,0.07707553402334288
F1726,7,0.07707553402334288
F1725,7,0.07707553402334288
F1724,7,0.07707553402334288
F1755,7,0.07707553402334288
F1754,7,0.07707553402334288
F1753,7,0.07707553402334288
F1752,7,0.07707553402334288
F1769,7,0.07707553402334288
F1768,7,0.07707553402334288
F2062,7,0.07707553402334288
F2061,7,0.07707553402334288
F2060,7,0.07707553402334288
F2059,7,0.07707553402334288
F2058,7,0.07707553402334288
F2057,7,0.07707553402334288
F2056,7,0.07707553402334288
F2055,7,0.07707553402334288
F2054,7,0.07707553402334288
F2053,7,0.07707553402334288
F2052,7,0.07707553402334288
F2051,7,0.07707553402334288
F2050,7,0.07707553402334288
F1701,7,0.07707553402334288
F1700,7,0.07707553402334288
F1735,7,0.07707553402334288
F1734,7,0.07707553402334288
F1733,7,0.07707553402334288
F1732,7,0.07707553402334288
F1731,7,0.07707553402334288
F1730,7,0.07707553402334288
F1699,7,0.07707553402334288
F1698,7,0.07707553402334288
F1691,7,0.07707553402334288
F1690,7,0.07707553402334288
F2049,7,0.07707553402334288
F2048,7,0.07707553402334288
F2047,7,0.07707553402334288
F2078,7,0.07707553402334288
F2077,7,0.07707553402334288
F2076,7,0.07707553402334288
F2075,7,0.07707553402334288
F2074,7,0.07707553402334288
F2073,7,0.07707553402334288
F2072,7,0.07707553402334288
F2071,7,0.07707553402334288
F2070,7,0.07707553402334288
F1739,7,0.07707553402334288
F1738,7,0.07707553402334288
F1737,7,0.07707553402334288
F1736,7,0.07707553402334288
F2069,7,0.07707553402334288
F2068,7,0.07707553402334288
F2067,7,0.07707553402334288
F2066,7,0.07707553402334288
F2065,7,0.07707553402334288
F2064,7,0.07707553402334288
F2063,7,0.07707553402334288
F2094,7,0.07707553402334288
F2093,7,0.07707553402334288
F2092,7,0.07707553402334288
F2091,7,0.07707553402334288
F2090,7,0.07707553402334288
F2089,7,0.07707553402334288
F2088,7,0.07707553402334288
F2087,7,0.07707553402334288
F2086,7,0.07707553402334288
F2085,7,0.07707553402334288
F2084,7,0.07707553402334288
F2083,7,0.07707553402334288
F2082,7,0.07707553402334288
F1707,7,0.07707553402334288
F1706,7,0.07707553402334288
F1705,7,0.07707553402334288
F1704,7,0.07707553402334288
F1703,7,0.07707553402334288
F1702,7,0.07707553402334288
F1697,7,0.07707553402334288
F1696,7,0.07707553402334288
F1695,7,0.07707553402334288
F1694,7,0.07707553402334288
F1693,7,0.07707553402334288
F1692,7,0.07707553402334288
F2081,7,0.07707553402334288
F2080,7,0.07707553402334288
F2079,7,0.07707553402334288
F2110,7,0.07707553402334288
F2109,7,0.07707553402334288
F2108,7,0.07707553402334288
F2107,7,0.07707553402334288
F2106,7,0.07707553402334288
F2105,7,0.07707553402334288
F2104,7,0.07707553402334288
F2103,7,0.07707553402334288
F2102,7,0.07707553402334288
F2101,7,0.07707553402334288
F2100,7,0.07707553402334288
F2099,7,0.07707553402334288
F2098,7,0.07707553402334288
F1716,7,0.07707553402334288
F1715,7,0.07707553402334288
F1714,7,0.07707553402334288
F1713,7,0.07707553402334288
F1712,7,0.07707553402334288
F1711,7,0.07707553402334288
F1722,7,0.07707553402334288
F1721,7,0.07707553402334288
F1720,7,0.07707553402334288
F1719,7,0.07707553402334288
F1718,7,0.07707553402334288
F1717,7,0.07707553402334288
F2097,7,0.07707553402334288
F2096,7,0.07707553402334288
F2095,7,0.07707553402334288
F2121,7,0.07707553402334288
F2120,7,0.07707553402334288
F2119,7,0.07707553402334288
F2118,7,0.07707553402334288
F2117,7,0.07707553402334288
F2116,7,0.07707553402334288
F2115,7,0.07707553402334288
F2114,7,0.07707553402334288
F1710,7,0.07707553402334288
F1709,7,0.07707553402334288
F1708,7,0.07707553402334288
F1723,7,0.07707553402334288
F2113,7,0.07707553402334288
F2112,7,0.07707553402334288
F2111,7,0.07707553402334288
F2029,7,0.07707553402334288
F2028,7,0.07707553402334288
F2027,7,0.07707553402334288
F2026,7,0.07707553402334288
F2025,7,0.07707553402334288
F2024,7,0.07707553402334288
F2023,7,0.07707553402334288
F2022,7,0.07707553402334288
F2021,7,0.07707553402334288
F2020,7,0.07707553402334288
F2019,7,0.07707553402334288
F2018,7,0.07707553402334288
F2017,7,0.07707553402334288
F2016,7,0.07707553402334288
F2015,7,0.07707553402334288
F1797,7,0.07707553402334288
F1796,7,0.07707553402334288
F1795,7,0.07707553402334288
F1794,7,0.07707553402334288
F1793,7,0.07707553402334288
F1792,7,0.07707553402334288
F1791,7,0.07707553402334288
F1790,7,0.07707553402334288
F1789,7,0.07707553402334288
F1788,7,0.07707553402334288
F3874,6,0.06606474344857961
F1833,4,0.04404316229905307
F1832,4,0.04404316229905307
F1835,4,0.04404316229905307
F1802,4,0.04404316229905307
F1803,4,0.04404316229905307
F1834,4,0.04404316229905307
F2210,4,0.04404316229905307
F2211,4,0.04404316229905307
F2212,4,0.04404316229905307
F2213,4,0.04404316229905307
F2214,4,0.04404316229905307
F2215,4,0.04404316229905307
F2216,4,0.04404316229905307
F1819,4,0.04404316229905307
F2218,4,0.04404316229905307
F2219,4,0.04404316229905307
F2220,4,0.04404316229905307
F2221,4,0.04404316229905307
F2222,4,0.04404316229905307
F2191,4,0.04404316229905307
F2192,4,0.04404316229905307
F2193,4,0.04404316229905307
F2194,4,0.04404316229905307
F2195,4,0.04404316229905307
F2196,4,0.04404316229905307
F2197,4,0.04404316229905307
F2198,4,0.04404316229905307
F2199,4,0.04404316229905307
F2200,4,0.04404316229905307
F2217,4,0.04404316229905307
F2202,4,0.04404316229905307
F2203,4,0.04404316229905307
F2204,4,0.04404316229905307
F2205,4,0.04404316229905307
F2206,4,0.04404316229905307
F2175,4,0.04404316229905307
F2176,4,0.04404316229905307
F2177,4,0.04404316229905307
F2178,4,0.04404316229905307
F2179,4,0.04404316229905307
F2180,4,0.04404316229905307
F2181,4,0.04404316229905307
F2182,4,0.04404316229905307
F2183,4,0.04404316229905307
F2184,4,0.04404316229905307
F2185,4,0.04404316229905307
F2186,4,0.04404316229905307
F2187,4,0.04404316229905307
F2188,4,0.04404316229905307
F2189,4,0.04404316229905307
F2190,4,0.04404316229905307
F2159,4,0.04404316229905307
F2160,4,0.04404316229905307
F2161,4,0.04404316229905307
F2162,4,0.04404316229905307
F2163,4,0.04404316229905307
F2164,4,0.04404316229905307
F2165,4,0.04404316229905307
F2166,4,0.04404316229905307
F2167,4,0.04404316229905307
F2168,4,0.04404316229905307
F2169,4,0.04404316229905307
F2170,4,0.04404316229905307
F2171,4,0.04404316229905307
F2172,4,0.04404316229905307
F2173,4,0.04404316229905307
F2174,4,0.04404316229905307
F2143,4,0.04404316229905307
F2144,4,0.04404316229905307
F2145,4,0.04404316229905307
F2146,4,0.04404316229905307
F2147,4,0.04404316229905307
F2148,4,0.04404316229905307
F2149,4,0.04404316229905307
F2150,4,0.04404316229905307
F2151,4,0.04404316229905307
F2152,4,0.04404316229905307
F2153,4,0.04404316229905307
F2154,4,0.04404316229905307
F2155,4,0.04404316229905307
F2156,4,0.04404316229905307
F2157,4,0.04404316229905307
F2158,4,0.04404316229905307
F2127,4,0.04404316229905307
F2128,4,0.04404316229905307
F2129,4,0.04404316229905307
F2130,4,0.04404316229905307
F2131,4,0.04404316229905307
F2132,4,0.04404316229905307
F2133,4,0.04404316229905307
F2134,4,0.04404316229905307
F2135,4,0.04404316229905307
F2136,4,0.04404316229905307
F2201,4,0.04404316229905307
F2137,4,0.04404316229905307
F2138,4,0.04404316229905307
F2140,4,0.04404316229905307
F2139,4,0.04404316229905307
F2142,4,0.04404316229905307
F3623,4,0.04404316229905307
F3626,4,0.04404316229905307
F2141,4,0.04404316229905307
F2226,4,0.04404316229905307
F2227,4,0.04404316229905307
F2228,4,0.04404316229905307
F2229,4,0.04404316229905307
F2223,4,0.04404316229905307
F2224,4,0.04404316229905307
F2207,4,0.04404316229905307
F2225,4,0.04404316229905307
F2209,4,0.04404316229905307
F2122,4,0.04404316229905307
F2123,4,0.04404316229905307
F2124,4,0.04404316229905307
F2125,4,0.04404316229905307
F2126,4,0.04404316229905307
F1884,4,0.04404316229905307
F1885,4,0.04404316229905307
F1886,4,0.04404316229905307
F1887,4,0.04404316229905307
F1888,4,0.04404316229905307
F1900,4,0.04404316229905307
F1901,4,0.04404316229905307
F1902,4,0.04404316229905307
F1903,4,0.04404316229905307
F2208,4,0.04404316229905307
F1889,4,0.04404316229905307
F1890,4,0.04404316229905307
F1893,4,0.04404316229905307
F1894,4,0.04404316229905307
F1895,4,0.04404316229905307
F1896,4,0.04404316229905307
F1897,4,0.04404316229905307
F1898,4,0.04404316229905307
F1899,4,0.04404316229905307
F1905,4,0.04404316229905307
F1878,4,0.04404316229905307
F1879,4,0.04404316229905307
F1880,4,0.04404316229905307
F1881,4,0.04404316229905307
F1882,4,0.04404316229905307
F1883,4,0.04404316229905307
F1852,4,0.04404316229905307
F1853,4,0.04404316229905307
F1854,4,0.04404316229905307
F1855,4,0.04404316229905307
F1856,4,0.04404316229905307
F1868,4,0.04404316229905307
F1869,4,0.04404316229905307
F1870,4,0.04404316229905307
F1871,4,0.04404316229905307
F1872,4,0.04404316229905307
F1875,4,0.04404316229905307
F1876,4,0.04404316229905307
F1857,4,0.04404316229905307
F1858,4,0.04404316229905307
F1861,4,0.04404316229905307
F1904,4,0.04404316229905307
F1862,4,0.04404316229905307
F1863,4,0.04404316229905307
F1865,4,0.04404316229905307
F1864,4,0.04404316229905307
F1867,4,0.04404316229905307
F1873,4,0.04404316229905307
F1874,4,0.04404316229905307
F1866,4,0.04404316229905307
F1892,4,0.04404316229905307
F1877,4,0.04404316229905307
F1847,4,0.04404316229905307
F1848,4,0.04404316229905307
F1849,4,0.04404316229905307
F1850,4,0.04404316229905307
F1851,4,0.04404316229905307
F1891,4,0.04404316229905307
F1837,4,0.04404316229905307
F1838,4,0.04404316229905307
F1839,4,0.04404316229905307
F1842,4,0.04404316229905307
F1859,4,0.04404316229905307
F1860,4,0.04404316229905307
F1824,4,0.04404316229905307
F1825,4,0.04404316229905307
F1826,4,0.04404316229905307
F1827,4,0.04404316229905307
F1828,4,0.04404316229905307
F1829,4,0.04404316229905307
F1830,4,0.04404316229905307
F1831,4,0.04404316229905307
F1843,4,0.04404316229905307
F1836,4,0.04404316229905307
F1844,4,0.04404316229905307
F3302,4,0.04404316229905307
F1807,4,0.04404316229905307
F1806,4,0.04404316229905307
F1809,4,0.04404316229905307
F1810,4,0.04404316229905307
F1811,4,0.04404316229905307
F1808,4,0.04404316229905307
F1813,4,0.04404316229905307
F1840,4,0.04404316229905307
F1841,4,0.04404316229905307
F1820,4,0.04404316229905307
F1821,4,0.04404316229905307
F1822,4,0.04404316229905307
F1823,4,0.04404316229905307
F1812,4,0.04404316229905307
F1845,4,0.04404316229905307
F1846,4,0.04404316229905307
F1805,4,0.04404316229905307
F1804,4,0.04404316229905307
F1799,4,0.04404316229905307
F1800,4,0.04404316229905307
F1801,4,0.04404316229905307
F1798,4,0.04404316229905307
F1814,4,0.04404316229905307
F1815,4,0.04404316229905307
F1817,4,0.04404316229905307
F1816,4,0.04404316229905307
F1818,4,0.04404316229905307
F3299,4,0.04404316229905307
F3876,4,0.04404316229905307
F3875,4,0.04404316229905307
F3734,3,0.03303237172428981
F3731,3,0.03303237172428981
F3687,3,0.03303237172428981
F3686,3,0.03303237172428981
F3685,3,0.03303237172428981
F3684,3,0.03303237172428981
F3683,3,0.03303237172428981
F3682,3,0.03303237172428981
F3681,3,0.03303237172428981
F3680,3,0.03303237172428981
F3679,3,0.03303237172428981
F3277,3,0.03303237172428981
F3276,3,0.03303237172428981
F3275,3,0.03303237172428981
F3274,3,0.03303237172428981
F3273,3,0.03303237172428981
F3272,3,0.03303237172428981
F3271,3,0.03303237172428981
F3270,3,0.03303237172428981
F3269,3,0.03303237172428981
F3268,3,0.03303237172428981
F3267,3,0.03303237172428981
F3266,3,0.03303237172428981
F3265,3,0.03303237172428981
F3264,3,0.03303237172428981
F3298,3,0.03303237172428981
F3315,3,0.03303237172428981
F3314,3,0.03303237172428981
F3313,3,0.03303237172428981
F3312,3,0.03303237172428981
F3311,3,0.03303237172428981
F3310,3,0.03303237172428981
F3309,3,0.03303237172428981
F3307,3,0.03303237172428981
F3306,3,0.03303237172428981
F3304,3,0.03303237172428981
F3303,3,0.03303237172428981
F3301,3,0.03303237172428981
F3300,3,0.03303237172428981
F3319,3,0.03303237172428981
F3318,3,0.03303237172428981
F3317,3,0.03303237172428981
F3316,3,0.03303237172428981
F3330,3,0.03303237172428981
F3329,3,0.03303237172428981
F3328,3,0.03303237172428981
F3327,3,0.03303237172428981
F3326,3,0.03303237172428981
F3325,3,0.03303237172428981
F3324,3,0.03303237172428981
F3323,3,0.03303237172428981
F3322,3,0.03303237172428981
F3321,3,0.03303237172428981
F3320,3,0.03303237172428981
F3346,3,0.03303237172428981
F3339,3,0.03303237172428981
F3337,3,0.03303237172428981
F3336,3,0.03303237172428981
F3334,3,0.03303237172428981
F3333,3,0.03303237172428981
F3332,3,0.03303237172428981
F3331,3,0.03303237172428981
F3363,3,0.03303237172428981
F3362,3,0.03303237172428981
F3361,3,0.03303237172428981
F3360,3,0.03303237172428981
F3359,3,0.03303237172428981
F3358,3,0.03303237172428981
F3357,3,0.03303237172428981
F3356,3,0.03303237172428981
F3355,3,0.03303237172428981
F3354,3,0.03303237172428981
F3353,3,0.03303237172428981
F3352,3,0.03303237172428981
F3350,3,0.03303237172428981
F3349,3,0.03303237172428981
F3347,3,0.03303237172428981
F3410,3,0.03303237172428981
F3407,3,0.03303237172428981
F3581,3,0.03303237172428981
F3580,3,0.03303237172428981
F3595,3,0.03303237172428981
F3594,3,0.03303237172428981
F3593,3,0.03303237172428981
F3592,3,0.03303237172428981
F3591,3,0.03303237172428981
F3590,3,0.03303237172428981
F3589,3,0.03303237172428981
F3588,3,0.03303237172428981
F3587,3,0.03303237172428981
F3586,3,0.03303237172428981
F3585,3,0.03303237172428981
F3584,3,0.03303237172428981
F3583,3,0.03303237172428981
F3582,3,0.03303237172428981
F3612,3,0.03303237172428981
F3610,3,0.03303237172428981
F3609,3,0.03303237172428981
F3608,3,0.03303237172428981
F3607,3,0.03303237172428981
F3606,3,0.03303237172428981
F3605,3,0.03303237172428981
F3604,3,0.03303237172428981
F3603,3,0.03303237172428981
F3602,3,0.03303237172428981
F3601,3,0.03303237172428981
F3600,3,0.03303237172428981
F3599,3,0.03303237172428981
F3598,3,0.03303237172428981
F3597,3,0.03303237172428981
F3596,3,0.03303237172428981
F3613,3,0.03303237172428981
F3633,3,0.03303237172428981
F3631,3,0.03303237172428981
F3630,3,0.03303237172428981
F3628,3,0.03303237172428981
F3627,3,0.03303237172428981
F3625,3,0.03303237172428981
F3624,3,0.03303237172428981
F3622,3,0.03303237172428981
F3621,3,0.03303237172428981
F3619,3,0.03303237172428981
F3618,3,0.03303237172428981
F3616,3,0.03303237172428981
F3615,3,0.03303237172428981
F3634,3,0.03303237172428981
F3297,3,0.03303237172428981
F3295,3,0.03303237172428981
F3294,3,0.03303237172428981
F3292,3,0.03303237172428981
F3291,3,0.03303237172428981
F3289,3,0.03303237172428981
F3288,3,0.03303237172428981
F3286,3,0.03303237172428981
F3285,3,0.03303237172428981
F3284,3,0.03303237172428981
F3283,3,0.03303237172428981
F3282,3,0.03303237172428981
F3281,3,0.03303237172428981
F3280,3,0.03303237172428981
F3649,3,0.03303237172428981
F3648,3,0.03303237172428981
F3647,3,0.03303237172428981
F3646,3,0.03303237172428981
F3645,3,0.03303237172428981
F3644,3,0.03303237172428981
F3643,3,0.03303237172428981
F3642,3,0.03303237172428981
F3641,3,0.03303237172428981
F3640,3,0.03303237172428981
F3639,3,0.03303237172428981
F3638,3,0.03303237172428981
F3637,3,0.03303237172428981
F3636,3,0.03303237172428981
F3635,3,0.03303237172428981
F3650,3,0.03303237172428981
F3654,3,0.03303237172428981
F3653,3,0.03303237172428981
F3652,3,0.03303237172428981
F3651,3,0.03303237172428981
F3279,3,0.03303237172428981
F3278,3,0.03303237172428981
F3674,3,0.03303237172428981
F3673,3,0.03303237172428981
F3671,3,0.03303237172428981
F3670,3,0.03303237172428981
F3663,3,0.03303237172428981
F3661,3,0.03303237172428981
F3660,3,0.03303237172428981
F3658,3,0.03303237172428981
F3657,3,0.03303237172428981
F3656,3,0.03303237172428981
F3655,3,0.03303237172428981
F3678,3,0.03303237172428981
F3677,3,0.03303237172428981
F3676,3,0.03303237172428981
F3261,3,0.03303237172428981
F3260,3,0.03303237172428981
F3259,3,0.03303237172428981
F3258,3,0.03303237172428981
F3257,3,0.03303237172428981
F3256,3,0.03303237172428981
F3263,3,0.03303237172428981
F3262,3,0.03303237172428981
F3894,3,0.03303237172428981
F3839,2,0.022021581149526535
F3833,2,0.022021581149526535
F3834,2,0.022021581149526535
F1537,2,0.022021581149526535
F1538,2,0.022021581149526535
F1539,2,0.022021581149526535
F1540,2,0.022021581149526535
F1541,2,0.022021581149526535
F1549,2,0.022021581149526535
F1548,2,0.022021581149526535
F3766,2,0.022021581149526535
F3765,2,0.022021581149526535
F3764,2,0.022021581149526535
F3763,2,0.022021581149526535
F3762,2,0.022021581149526535
F3761,2,0.022021581149526535
F3760,2,0.022021581149526535
F3759,2,0.022021581149526535
F3758,2,0.022021581149526535
F3757,2,0.022021581149526535
F3756,2,0.022021581149526535
F3755,2,0.022021581149526535
F3754,2,0.022021581149526535
F3753,2,0.022021581149526535
F833,2,0.022021581149526535
F832,2,0.022021581149526535
F831,2,0.022021581149526535
F830,2,0.022021581149526535
F843,2,0.022021581149526535
F842,2,0.022021581149526535
F841,2,0.022021581149526535
F1581,2,0.022021581149526535
F1580,2,0.022021581149526535
F3841,2,0.022021581149526535
F3840,2,0.022021581149526535
F3782,2,0.022021581149526535
F3781,2,0.022021581149526535
F3779,2,0.022021581149526535
F3778,2,0.022021581149526535
F3771,2,0.022021581149526535
F850,2,0.022021581149526535
F849,2,0.022021581149526535
F848,2,0.022021581149526535
F847,2,0.022021581149526535
F846,2,0.022021581149526535
F845,2,0.022021581149526535
F929,2,0.022021581149526535
F829,2,0.022021581149526535
F828,2,0.022021581149526535
F840,2,0.022021581149526535
F839,2,0.022021581149526535
F838,2,0.022021581149526535
F837,2,0.022021581149526535
F836,2,0.022021581149526535
F835,2,0.022021581149526535
F834,2,0.022021581149526535
F932,2,0.022021581149526535
F931,2,0.022021581149526535
F930,2,0.022021581149526535
F1152,2,0.022021581149526535
F1151,2,0.022021581149526535
F1150,2,0.022021581149526535
F844,2,0.022021581149526535
F859,2,0.022021581149526535
F858,2,0.022021581149526535
F857,2,0.022021581149526535
F856,2,0.022021581149526535
F855,2,0.022021581149526535
F854,2,0.022021581149526535
F853,2,0.022021581149526535
F852,2,0.022021581149526535
F851,2,0.022021581149526535
F1168,2,0.022021581149526535
F1167,2,0.022021581149526535
F1166,2,0.022021581149526535
F1165,2,0.022021581149526535
F1164,2,0.022021581149526535
F1163,2,0.022021581149526535
F1162,2,0.022021581149526535
F1161,2,0.022021581149526535
F1160,2,0.022021581149526535
F1159,2,0.022021581149526535
F1158,2,0.022021581149526535
F1157,2,0.022021581149526535
F1156,2,0.022021581149526535
F1155,2,0.022021581149526535
F1154,2,0.022021581149526535
F933,2,0.022021581149526535
F3379,2,0.022021581149526535
F3378,2,0.022021581149526535
F3377,2,0.022021581149526535
F3376,2,0.022021581149526535
F3375,2,0.022021581149526535
F3374,2,0.022021581149526535
F3373,2,0.022021581149526535
F3372,2,0.022021581149526535
F3371,2,0.022021581149526535
F3370,2,0.022021581149526535
F3369,2,0.022021581149526535
F3368,2,0.022021581149526535
F3367,2,0.022021581149526535
F3366,2,0.022021581149526535
F3365,2,0.022021581149526535
F3364,2,0.022021581149526535
F1567,2,0.022021581149526535
F1566,2,0.022021581149526535
F1565,2,0.022021581149526535
F1564,2,0.022021581149526535
F3391,2,0.022021581149526535
F3390,2,0.022021581149526535
F3389,2,0.022021581149526535
F3388,2,0.022021581149526535
F3387,2,0.022021581149526535
F3386,2,0.022021581149526535
F3385,2,0.022021581149526535
F3384,2,0.022021581149526535
F3383,2,0.022021581149526535
F3382,2,0.022021581149526535
F3381,2,0.022021581149526535
F3380,2,0.022021581149526535
F3396,2,0.022021581149526535
F3394,2,0.022021581149526535
F3393,2,0.022021581149526535
F3392,2,0.022021581149526535
F1579,2,0.022021581149526535
F1578,2,0.022021581149526535
F1577,2,0.022021581149526535
F1576,2,0.022021581149526535
F1575,2,0.022021581149526535
F1574,2,0.022021581149526535
F1573,2,0.022021581149526535
F1572,2,0.022021581149526535
F1571,2,0.022021581149526535
F1570,2,0.022021581149526535
F1569,2,0.022021581149526535
F1568,2,0.022021581149526535
F3417,2,0.022021581149526535
F3416,2,0.022021581149526535
F3415,2,0.022021581149526535
F3414,2,0.022021581149526535
F3413,2,0.022021581149526535
F3412,2,0.022021581149526535
F3411,2,0.022021581149526535
F3409,2,0.022021581149526535
F3408,2,0.022021581149526535
F3406,2,0.022021581149526535
F3405,2,0.022021581149526535
F3403,2,0.022021581149526535
F3402,2,0.022021581149526535
F3400,2,0.022021581149526535
F3399,2,0.022021581149526535
F3397,2,0.022021581149526535
F3433,2,0.022021581149526535
F3432,2,0.022021581149526535
F3431,2,0.022021581149526535
F3430,2,0.022021581149526535
F3429,2,0.022021581149526535
F3428,2,0.022021581149526535
F3427,2,0.022021581149526535
F3426,2,0.022021581149526535
F3425,2,0.022021581149526535
F3424,2,0.022021581149526535
F3423,2,0.022021581149526535
F3422,2,0.022021581149526535
F3421,2,0.022021581149526535
F3420,2,0.022021581149526535
F3419,2,0.022021581149526535
F3418,2,0.022021581149526535
F3454,2,0.022021581149526535
F3447,2,0.022021581149526535
F3445,2,0.022021581149526535
F3444,2,0.022021581149526535
F3442,2,0.022021581149526535
F3441,2,0.022021581149526535
F3440,2,0.022021581149526535
F3439,2,0.022021581149526535
F3438,2,0.022021581149526535
F3437,2,0.022021581149526535
F3436,2,0.022021581149526535
F3435,2,0.022021581149526535
F3434,2,0.022021581149526535
F827,2,0.022021581149526535
F826,2,0.022021581149526535
F3871,2,0.022021581149526535
F1174,2,0.022021581149526535
F1173,2,0.022021581149526535
F1172,2,0.022021581149526535
F1171,2,0.022021581149526535
F1170,2,0.022021581149526535
F3467,2,0.022021581149526535
F3466,2,0.022021581149526535
F3465,2,0.022021581149526535
F3464,2,0.022021581149526535
F3463,2,0.022021581149526535
F3462,2,0.022021581149526535
F3461,2,0.022021581149526535
F3460,2,0.022021581149526535
F3458,2,0.022021581149526535
F3457,2,0.022021581149526535
F3455,2,0.022021581149526535
F1193,2,0.022021581149526535
F3471,2,0.022021581149526535
F3470,2,0.022021581149526535
F3469,2,0.022021581149526535
F3468,2,0.022021581149526535
F1153,2,0.022021581149526535
F1184,2,0.022021581149526535
F1183,2,0.022021581149526535
F1182,2,0.022021581149526535
F1181,2,0.022021581149526535
F1180,2,0.022021581149526535
F1179,2,0.022021581149526535
F1178,2,0.022021581149526535
F1177,2,0.022021581149526535
F1176,2,0.022021581149526535
F1175,2,0.022021581149526535
F913,2,0.022021581149526535
F1192,2,0.022021581149526535
F1191,2,0.022021581149526535
F1190,2,0.022021581149526535
F1189,2,0.022021581149526535
F1188,2,0.022021581149526535
F1187,2,0.022021581149526535
F1186,2,0.022021581149526535
F1169,2,0.022021581149526535
F1200,2,0.022021581149526535
F1199,2,0.022021581149526535
F1198,2,0.022021581149526535
F1197,2,0.022021581149526535
F1196,2,0.022021581149526535
F1195,2,0.022021581149526535
F1194,2,0.022021581149526535
F1203,2,0.022021581149526535
F1202,2,0.022021581149526535
F927,2,0.022021581149526535
F926,2,0.022021581149526535
F925,2,0.022021581149526535
F924,2,0.022021581149526535
F923,2,0.022021581149526535
F922,2,0.022021581149526535
F921,2,0.022021581149526535
F920,2,0.022021581149526535
F919,2,0.022021581149526535
F918,2,0.022021581149526535
F917,2,0.022021581149526535
F916,2,0.022021581149526535
F915,2,0.022021581149526535
F914,2,0.022021581149526535
F1218,2,0.022021581149526535
F928,2,0.022021581149526535
F1185,2,0.022021581149526535
F1216,2,0.022021581149526535
F1215,2,0.022021581149526535
F1214,2,0.022021581149526535
F1213,2,0.022021581149526535
F1212,2,0.022021581149526535
F1211,2,0.022021581149526535
F1210,2,0.022021581149526535
F1209,2,0.022021581149526535
F1208,2,0.022021581149526535
F1207,2,0.022021581149526535
F1206,2,0.022021581149526535
F1205,2,0.022021581149526535
F1204,2,0.022021581149526535
F861,2,0.022021581149526535
F1201,2,0.022021581149526535
F1232,2,0.022021581149526535
F1231,2,0.022021581149526535
F1230,2,0.022021581149526535
F1229,2,0.022021581149526535
F1228,2,0.022021581149526535
F1227,2,0.022021581149526535
F1226,2,0.022021581149526535
F1225,2,0.022021581149526535
F1224,2,0.022021581149526535
F1223,2,0.022021581149526535
F1222,2,0.022021581149526535
F1221,2,0.022021581149526535
F1220,2,0.022021581149526535
F1219,2,0.022021581149526535
F1234,2,0.022021581149526535
F1217,2,0.022021581149526535
F875,2,0.022021581149526535
F874,2,0.022021581149526535
F873,2,0.022021581149526535
F872,2,0.022021581149526535
F871,2,0.022021581149526535
F870,2,0.022021581149526535
F869,2,0.022021581149526535
F868,2,0.022021581149526535
F867,2,0.022021581149526535
F866,2,0.022021581149526535
F865,2,0.022021581149526535
F864,2,0.022021581149526535
F863,2,0.022021581149526535
F862,2,0.022021581149526535
F1253,2,0.022021581149526535
F860,2,0.022021581149526535
F1248,2,0.022021581149526535
F1247,2,0.022021581149526535
F1246,2,0.022021581149526535
F1245,2,0.022021581149526535
F1244,2,0.022021581149526535
F1243,2,0.022021581149526535
F1242,2,0.022021581149526535
F1241,2,0.022021581149526535
F1240,2,0.022021581149526535
F1239,2,0.022021581149526535
F1238,2,0.022021581149526535
F1237,2,0.022021581149526535
F1236,2,0.022021581149526535
F1235,2,0.022021581149526535
F885,2,0.022021581149526535
F884,2,0.022021581149526535
F883,2,0.022021581149526535
F882,2,0.022021581149526535
F881,2,0.022021581149526535
F891,2,0.022021581149526535
F890,2,0.022021581149526535
F1252,2,0.022021581149526535
F1251,2,0.022021581149526535
F1250,2,0.022021581149526535
F1249,2,0.022021581149526535
F1233,2,0.022021581149526535
F1257,2,0.022021581149526535
F1256,2,0.022021581149526535
F1255,2,0.022021581149526535
F1254,2,0.022021581149526535
F1483,2,0.022021581149526535
F1482,2,0.022021581149526535
F1481,2,0.022021581149526535
F1480,2,0.022021581149526535
F1479,2,0.022021581149526535
F1478,2,0.022021581149526535
F1477,2,0.022021581149526535
F877,2,0.022021581149526535
F876,2,0.022021581149526535
F880,2,0.022021581149526535
F879,2,0.022021581149526535
F878,2,0.022021581149526535
F889,2,0.022021581149526535
F888,2,0.022021581149526535
F887,2,0.022021581149526535
F886,2,0.022021581149526535
F1498,2,0.022021581149526535
F1497,2,0.022021581149526535
F1496,2,0.022021581149526535
F1495,2,0.022021581149526535
F1494,2,0.022021581149526535
F1493,2,0.022021581149526535
F1492,2,0.022021581149526535
F1491,2,0.022021581149526535
F1476,2,0.022021581149526535
F1475,2,0.022021581149526535
F1474,2,0.022021581149526535
F1488,2,0.022021581149526535
F1487,2,0.022021581149526535
F1486,2,0.022021581149526535
F1485,2,0.022021581149526535
F1484,2,0.022021581149526535
F1514,2,0.022021581149526535
F1513,2,0.022021581149526535
F1512,2,0.022021581149526535
F1511,2,0.022021581149526535
F1510,2,0.022021581149526535
F1509,2,0.022021581149526535
F1508,2,0.022021581149526535
F1507,2,0.022021581149526535
F1490,2,0.022021581149526535
F1489,2,0.022021581149526535
F1504,2,0.022021581149526535
F1503,2,0.022021581149526535
F1502,2,0.022021581149526535
F1501,2,0.022021581149526535
F1500,2,0.022021581149526535
F1499,2,0.022021581149526535
F904,2,0.022021581149526535
F903,2,0.022021581149526535
F902,2,0.022021581149526535
F901,2,0.022021581149526535
F900,2,0.022021581149526535
F899,2,0.022021581149526535
F898,2,0.022021581149526535
F897,2,0.022021581149526535
F1506,2,0.022021581149526535
F1505,2,0.022021581149526535
F1520,2,0.022021581149526535
F1519,2,0.022021581149526535
F1518,2,0.022021581149526535
F1517,2,0.022021581149526535
F1516,2,0.022021581149526535
F1515,2,0.022021581149526535
F1526,2,0.022021581149526535
F1525,2,0.022021581149526535
F1524,2,0.022021581149526535
F1523,2,0.022021581149526535
F1522,2,0.022021581149526535
F1521,2,0.022021581149526535
F912,2,0.022021581149526535
F1536,2,0.022021581149526535
F1535,2,0.022021581149526535
F911,2,0.022021581149526535
F910,2,0.022021581149526535
F909,2,0.022021581149526535
F908,2,0.022021581149526535
F907,2,0.022021581149526535
F906,2,0.022021581149526535
F905,2,0.022021581149526535
F3695,2,0.022021581149526535
F3694,2,0.022021581149526535
F3693,2,0.022021581149526535
F3692,2,0.022021581149526535
F3691,2,0.022021581149526535
F3690,2,0.022021581149526535
F3689,2,0.022021581149526535
F3688,2,0.022021581149526535
F1534,2,0.022021581149526535
F1533,2,0.022021581149526535
F1532,2,0.022021581149526535
F1531,2,0.022021581149526535
F1530,2,0.022021581149526535
F1529,2,0.022021581149526535
F1528,2,0.022021581149526535
F1527,2,0.022021581149526535
F3711,2,0.022021581149526535
F3710,2,0.022021581149526535
F3709,2,0.022021581149526535
F3708,2,0.022021581149526535
F3707,2,0.022021581149526535
F3706,2,0.022021581149526535
F3705,2,0.022021581149526535
F3704,2,0.022021581149526535
F3703,2,0.022021581149526535
F3702,2,0.022021581149526535
F3701,2,0.022021581149526535
F3700,2,0.022021581149526535
F3699,2,0.022021581149526535
F3698,2,0.022021581149526535
F3697,2,0.022021581149526535
F3696,2,0.022021581149526535
F3784,2,0.022021581149526535
F896,2,0.022021581149526535
F895,2,0.022021581149526535
F894,2,0.022021581149526535
F3726,2,0.022021581149526535
F3724,2,0.022021581149526535
F3723,2,0.022021581149526535
F3721,2,0.022021581149526535
F3720,2,0.022021581149526535
F3718,2,0.022021581149526535
F3717,2,0.022021581149526535
F3716,2,0.022021581149526535
F3715,2,0.022021581149526535
F3714,2,0.022021581149526535
F3713,2,0.022021581149526535
F3712,2,0.022021581149526535
F3736,2,0.022021581149526535
F3735,2,0.022021581149526535
F3733,2,0.022021581149526535
F3732,2,0.022021581149526535
F3730,2,0.022021581149526535
F3729,2,0.022021581149526535
F3727,2,0.022021581149526535
F3793,2,0.022021581149526535
F3792,2,0.022021581149526535
F3791,2,0.022021581149526535
F3790,2,0.022021581149526535
F3789,2,0.022021581149526535
F3788,2,0.022021581149526535
F3787,2,0.022021581149526535
F3786,2,0.022021581149526535
F3785,2,0.022021581149526535
F3752,2,0.022021581149526535
F3751,2,0.022021581149526535
F3750,2,0.022021581149526535
F3749,2,0.022021581149526535
F3748,2,0.022021581149526535
F3747,2,0.022021581149526535
F3746,2,0.022021581149526535
F3745,2,0.022021581149526535
F3744,2,0.022021581149526535
F3743,2,0.022021581149526535
F3742,2,0.022021581149526535
F3741,2,0.022021581149526535
F3740,2,0.022021581149526535
F3739,2,0.022021581149526535
F3738,2,0.022021581149526535
F3737,2,0.022021581149526535
F1542,2,0.022021581149526535
F3838,2,0.022021581149526535
F3794,2,0.022021581149526535
F3795,2,0.022021581149526535
F3832,2,0.022021581149526535
F3873,2,0.022021581149526535
F3872,2,0.022021581149526535
F3843,2,0.022021581149526535
F3842,2,0.022021581149526535
F1556,2,0.022021581149526535
F1555,2,0.022021581149526535
F1554,2,0.022021581149526535
F1553,2,0.022021581149526535
F1552,2,0.022021581149526535
F1551,2,0.022021581149526535
F1550,2,0.022021581149526535
F3769,2,0.022021581149526535
F3768,2,0.022021581149526535
F1563,2,0.022021581149526535
F1562,2,0.022021581149526535
F1561,2,0.022021581149526535
F1560,2,0.022021581149526535
F1559,2,0.022021581149526535
F1558,2,0.022021581149526535
F1557,2,0.022021581149526535
F893,2,0.022021581149526535
F892,2,0.022021581149526535
F1547,2,0.022021581149526535
F1546,2,0.022021581149526535
F1545,2,0.022021581149526535
F1544,2,0.022021581149526535
F1543,2,0.022021581149526535
