,count,mean,std,min,25%,50%,75%,max,skewness,kurtosis
Unnamed: 0,9082.0,4541.5,2621.89190598443,1.0,2271.25,4541.5,6811.75,9082.0,0.0,-1.2000000000000002
F1,2591.0,0.6797221150135083,0.39257323538919714,0.0,0.43,1.0,1.0,1.0,-0.7341468987822385,-1.039284909468185
F2,1532.0,0.6561292428198434,0.39841976099373894,0.0,0.33,1.0,1.0,1.0,-0.618278564286374,-1.2046565853233042
F3,1448.0,0.7247306629834254,0.4088694400970926,0.0,0.5,1.0,1.0,1.0,-1.0012629135722575,-0.7728631547957483
F4,2591.0,0.691721343110768,0.40110509643001746,0.0,0.38,1.0,1.0,1.0,-0.8098485018758919,-1.0295607875125887
F5,1532.0,0.6594973890339426,0.40424229222423225,0.0,0.32,1.0,1.0,1.0,-0.643029626675891,-1.235649147552354
F6,1448.0,0.7278107734806629,0.41371674867644265,0.0,0.43,1.0,1.0,1.0,-1.0228940487301499,-0.7865243275018607
F7,855.0,0.4871345029239766,0.3999286814819043,0.0,0.0,0.5,1.0,1.0,0.0772930466534958,-1.5258294048641645
F8,488.0,0.4418442622950819,0.4358822160761396,0.0,0.0,0.33,1.0,1.0,0.24920938477923574,-1.6798875185037923
F9,725.0,0.5086758620689655,0.3982775914071843,0.0,0.0,0.5,1.0,1.0,-0.00400848502374433,-1.5169960230276585
F10,855.0,0.4872748538011696,0.42361822546689903,0.0,0.0,0.47,1.0,1.0,0.05988487957307852,-1.703993614403173
F11,488.0,0.44465163934426233,0.44873067792549626,0.0,0.0,0.325,1.0,1.0,0.22693932561299784,-1.7738868639218952
F12,725.0,0.5136275862068965,0.42001275869905935,0.0,0.0,0.53,1.0,1.0,-0.04901985507084845,-1.6812935730254566
F13,8997.0,0.6483694564854952,0.20829656469191868,0.0,0.5,0.6,0.78,1.0,0.3467689036407481,-0.5436394147462487
F14,8690.0,0.6313670886075949,0.24779277884635648,0.0,0.48,0.59,0.82,1.0,-0.08266041348814875,-0.35124270681658887
F15,8748.0,0.6496536351165981,0.21750338550600554,0.0,0.5,0.61,0.8,1.0,0.20362044190218437,-0.5443068608998294
F16,8997.0,0.7246348782927644,0.23903562674923895,0.0,0.53,0.74,0.98,1.0,-0.46291466417215993,-0.689815438209763
F17,8690.0,0.6946156501726122,0.28367849996449856,0.0,0.51,0.72,0.99,1.0,-0.7101305654995451,-0.2737261864095304
F18,8748.0,0.7310482395976223,0.2378520568866972,0.0,0.55,0.75,0.98,1.0,-0.5464882687642256,-0.4682401670686982
F19,8678.0,0.6382472920027656,0.2077554305545358,0.0,0.5,0.59,0.76,1.0,0.28133287537980217,-0.20218731826267922
F20,8075.0,0.608092879256966,0.24369295419699968,0.0,0.47,0.57,0.75,1.0,-0.09828757828142536,-0.08311129399161299
F21,8402.0,0.6412187574387052,0.21497965121682652,0.0,0.5,0.6,0.78,1.0,0.18162736824340955,-0.33520452160001835
F22,8678.0,0.7105853883383269,0.24199414190109073,0.0,0.53,0.72,0.96,1.0,-0.4742928113749925,-0.5218239141112702
F23,8075.0,0.6676185758513932,0.2858011579044116,0.0,0.49,0.68,0.95,1.0,-0.6347157885807,-0.33874841212013695
F24,8402.0,0.718736015234468,0.23888513636847977,0.0,0.54,0.73,0.96,1.0,-0.5235322756339058,-0.40655769444970424
F25,8678.0,0.6382472920027656,0.2077554305545358,0.0,0.5,0.59,0.76,1.0,0.28133287537980217,-0.20218731826267922
F26,8075.0,0.608092879256966,0.24369295419699968,0.0,0.47,0.57,0.75,1.0,-0.09828757828142536,-0.08311129399161299
F27,8402.0,0.6412187574387052,0.21497965121682652,0.0,0.5,0.6,0.78,1.0,0.18162736824340955,-0.33520452160001835
F28,8678.0,0.7105853883383269,0.24199414190109073,0.0,0.53,0.72,0.96,1.0,-0.4742928113749925,-0.5218239141112702
F29,8075.0,0.6676185758513932,0.2858011579044116,0.0,0.49,0.68,0.95,1.0,-0.6347157885807,-0.33874841212013695
F30,8402.0,0.718736015234468,0.23888513636847977,0.0,0.54,0.73,0.96,1.0,-0.5235322756339058,-0.40655769444970424
F31,1356.0,0.5731415929203539,0.41663067508291296,0.0,0.0,0.63,1.0,1.0,-0.3011465926527013,-1.5412321899236332
F32,1356.0,0.5731415929203539,0.41663067508291296,0.0,0.0,0.63,1.0,1.0,-0.3011465926527013,-1.5412321899236332
F33,1356.0,0.5767699115044247,0.4238392895074461,0.0,0.0,0.67,1.0,1.0,-0.3208700391388366,-1.595602948201857
F34,1356.0,0.5767699115044247,0.4238392895074461,0.0,0.0,0.67,1.0,1.0,-0.3208700391388366,-1.595602948201857
F35,1364.0,0.6297287390029326,0.4562652621662066,0.0,0.0,1.0,1.0,1.0,-0.5337019124624376,-1.5997531885730056
F36,15.0,0.5333333333333333,0.48057505236162745,0.0,0.0,0.5,1.0,1.0,-0.14768851605478853,-2.0851149063498937
F37,1361.0,0.6291917707567966,0.4564011320581868,0.0,0.0,1.0,1.0,1.0,-0.5314208408461868,-1.6019078869765835
F38,1364.0,0.626642228739003,0.46369708074436605,0.0,0.0,1.0,1.0,1.0,-0.5169658604833297,-1.6591179693665241
F39,15.0,0.5413333333333333,0.5025487420094076,0.0,0.0,0.95,1.0,1.0,-0.16838358708669768,-2.266997736129597
F40,1361.0,0.6261866274797943,0.4638298913241255,0.0,0.0,1.0,1.0,1.0,-0.5152539774302187,-1.660791567782149
F41,1453.0,0.6614865794907089,0.4168124722753433,0.0,0.33,1.0,1.0,1.0,-0.6768096160908202,-1.2547008839777154
F42,69.0,0.5543478260869565,0.40505438364303614,0.0,0.0,0.57,1.0,1.0,-0.24129130501694404,-1.470336502565711
F43,1393.0,0.6659942569992822,0.4169789473051726,0.0,0.33,1.0,1.0,1.0,-0.698248749651109,-1.2338423921464092
F44,1453.0,0.6611699931176875,0.4262281000341795,0.0,0.13,1.0,1.0,1.0,-0.6808117442515546,-1.3177843293727396
F45,69.0,0.5597101449275362,0.41023297188194946,0.0,0.0,0.55,1.0,1.0,-0.26674798262787003,-1.5256121668270364
F46,1393.0,0.6651040918880115,0.42640825668570104,0.0,0.14,1.0,1.0,1.0,-0.6983806089702379,-1.3007076885422308
F47,1154.0,0.3863778162911612,0.46409603941490873,0.0,0.0,0.0,1.0,1.0,0.46177926820197235,-1.690964574874722
F48,62.0,0.6796774193548387,0.4422296997608914,0.0,0.0,1.0,1.0,1.0,-0.8072675075657555,-1.2466022577005185
F49,1114.0,0.37195691202872533,0.4627043963798808,0.0,0.0,0.0,1.0,1.0,0.5269252013537608,-1.6334590359196242
F50,1154.0,0.38641247833622183,0.47307463225644686,0.0,0.0,0.0,1.0,1.0,0.46657026275131064,-1.7363880622874661
F51,62.0,0.6695161290322581,0.4500725894799231,0.0,0.0,1.0,1.0,1.0,-0.7359744334639423,-1.402252146906776
F52,1114.0,0.37136445242369837,0.4701403185927594,0.0,0.0,0.0,1.0,1.0,0.5319058085231451,-1.6728853433416608
F53,6615.0,0.630727135298564,0.2921798003872639,0.0,0.47,0.6,1.0,1.0,-0.35920176104683504,-0.528112382590832
F54,5896.0,0.6028290366350069,0.30257044453287635,0.0,0.44,0.57,0.9,1.0,-0.3072725775731244,-0.6131260252937696
F55,3389.0,0.6614812629094129,0.30275728374905125,0.0,0.48,0.64,1.0,1.0,-0.4607412256578633,-0.6669125473700124
F56,6615.0,0.6615993953136811,0.31746965034927516,0.0,0.46,0.69,1.0,1.0,-0.6008969807569803,-0.6764374433724121
F57,5896.0,0.6335871777476255,0.33307267956286263,0.0,0.43,0.66,1.0,1.0,-0.5270929172646681,-0.8651472270360965
F58,3389.0,0.6773856594865741,0.31122365653492506,0.0,0.47,0.69,1.0,1.0,-0.5876299620330732,-0.6590016474109532
F59,6742.0,0.6106007119549095,0.209433956833938,0.0,0.49,0.58,0.72,1.0,0.0290458039892401,0.48569498958152657
F60,6142.0,0.5829387821556496,0.2799844876079848,0.0,0.43,0.56,0.78,1.0,-0.23418813769376753,-0.42365592491439363
F61,5759.0,0.6089581524570238,0.19636623783119148,0.0,0.49,0.59,0.71,1.0,0.08884522839345693,0.4390371568159188
F62,6742.0,0.6851364580243252,0.24059006989581996,0.0,0.52,0.68,0.9,1.0,-0.5317382815294781,-0.038723278015321494
F63,6142.0,0.6177645718007164,0.3234079056486663,0.0,0.42,0.64,0.94,1.0,-0.4839342608156546,-0.863982875447276
F64,5759.0,0.6966122590727557,0.23398684705425657,0.0,0.54,0.7,0.91,1.0,-0.570719595207154,-0.05435073486514019
F65,5079.0,0.609289230163418,0.3396489204360661,0.0,0.42,0.58,1.0,1.0,-0.3688344720059821,-0.9473935526148982
F66,4638.0,0.5852069857697283,0.3376311161676723,0.0,0.4,0.55,1.0,1.0,-0.2865325047953073,-0.9449219881977018
F67,1290.0,0.6865503875968993,0.3991396383615752,0.0,0.3525,1.0,1.0,1.0,-0.7894963912570263,-1.0410619315382605
F68,5079.0,0.633175822012207,0.3675425008824045,0.0,0.37,0.69,1.0,1.0,-0.525758952510422,-1.1391800095859081
F69,4638.0,0.6067054764984907,0.3692535878462809,0.0,0.33,0.64,1.0,1.0,-0.4206946482129223,-1.2230595236979147
F70,1290.0,0.698108527131783,0.406078126911671,0.0,0.3525,1.0,1.0,1.0,-0.8635811319208674,-0.9977596934599262
F71,1513.0,0.6312557832121612,0.34614316204744955,0.0,0.42,0.66,1.0,1.0,-0.4778820612793961,-0.9619404625227093
F72,714.0,0.600812324929972,0.38287487263429465,0.0,0.33,0.67,1.0,1.0,-0.40187852121533235,-1.2867048149978586
F73,1178.0,0.6372665534804755,0.34233244424215,0.0,0.43,0.66,1.0,1.0,-0.4845192189422603,-0.9312895856802164
F74,1513.0,0.6508195637805685,0.35964579111500916,0.0,0.42,0.72,1.0,1.0,-0.6018803048871241,-0.9940100690896219
F75,714.0,0.6145378151260505,0.39726501426049077,0.0,0.2625,0.72,1.0,1.0,-0.4773665665900181,-1.3542738751309313
F76,1178.0,0.6594991511035654,0.3537931422595681,0.0,0.43,0.73,1.0,1.0,-0.6302898014079688,-0.928469930480202
F77,348.0,0.615632183908046,0.4213911396357505,0.0,0.0,0.75,1.0,1.0,-0.48438136424301376,-1.452172515460138
F78,348.0,0.6154310344827586,0.4214543071107615,0.0,0.0,0.75,1.0,1.0,-0.48286663277303615,-1.453988225537367
F79,348.0,0.6218965517241379,0.4330601128177513,0.0,0.0,0.92,1.0,1.0,-0.5172232965606338,-1.5143774546280862
F80,348.0,0.621551724137931,0.43311472303667975,0.0,0.0,0.92,1.0,1.0,-0.5146929049473374,-1.5167843540252404
F81,144.0,0.5208333333333334,0.48798930975336585,0.0,0.0,0.67,1.0,1.0,-0.08419124460221922,-1.9670606633826242
F82,144.0,0.5208333333333334,0.48798930975336585,0.0,0.0,0.67,1.0,1.0,-0.08419124460221922,-1.9670606633826242
F83,144.0,0.5190277777777779,0.49194678125447233,0.0,0.0,0.8200000000000001,1.0,1.0,-0.07783683558887673,-1.9854492572598321
F84,144.0,0.5190277777777779,0.49194678125447233,0.0,0.0,0.8200000000000001,1.0,1.0,-0.07783683558887673,-1.9854492572598321
F85,1471.0,0.6241332426920462,0.4340193966357684,0.0,0.0,1.0,1.0,1.0,-0.5136274026532286,-1.5110868569883829
F86,358.0,0.6772625698324023,0.4124413796508292,0.0,0.33,1.0,1.0,1.0,-0.7607545020454514,-1.139088834942579
F87,1220.0,0.6119262295081966,0.4434536815115521,0.0,0.0,1.0,1.0,1.0,-0.4593138393270806,-1.6022324564177797
F88,1471.0,0.6318354860639022,0.4416205809771593,0.0,0.0,1.0,1.0,1.0,-0.5485767908760572,-1.5316352311272283
F89,358.0,0.6844413407821229,0.416814108147911,0.0,0.3125,1.0,1.0,1.0,-0.8043918758572866,-1.1247321039607332
F90,1220.0,0.6185081967213115,0.4509604051946792,0.0,0.0,1.0,1.0,1.0,-0.4898958271149094,-1.623847513443261
F91,1603.0,0.4940112289457268,0.43774754566017837,0.0,0.0,0.5,1.0,1.0,0.029556494618396153,-1.7329371389584536
F92,465.0,0.4984516129032258,0.42798667891695774,0.0,0.0,0.5,1.0,1.0,0.01729040587899088,-1.679317079199649
F93,1248.0,0.4955448717948717,0.45178469005106675,0.0,0.0,0.5,1.0,1.0,0.016144660343944787,-1.8018860194419584
F94,1603.0,0.49484092326887086,0.45735836679517416,0.0,0.0,0.5,1.0,1.0,0.020927197013028396,-1.8472468246578853
F95,465.0,0.4864301075268817,0.44841549096776206,0.0,0.0,0.46,1.0,1.0,0.06866801282969887,-1.815225142491188
F96,1248.0,0.4996474358974359,0.46380218392693323,0.0,0.0,0.5,1.0,1.0,-0.0013269347608187926,-1.8703748352286602
F97,3240.0,0.6187746913580247,0.3966401947939445,0.0,0.33,0.67,1.0,1.0,-0.42315741731185574,-1.3676786270459194
F98,1962.0,0.6001630988786952,0.4030448540984952,0.0,0.3,0.6,1.0,1.0,-0.34336397960208087,-1.4522568044865676
F99,1851.0,0.6620583468395462,0.41418722604086633,0.0,0.33,1.0,1.0,1.0,-0.6491657581119495,-1.279565512152846
F100,3240.0,0.6342808641975309,0.4069322593083727,0.0,0.27,0.83,1.0,1.0,-0.5236991486776119,-1.3773724972027948
F101,1962.0,0.6132364933741081,0.40987376837332234,0.0,0.24,0.73,1.0,1.0,-0.42953896652681695,-1.455282220117749
F102,1851.0,0.6679524581307402,0.4202629420270738,0.0,0.245,1.0,1.0,1.0,-0.6966573446141221,-1.277483916276486
F103,1231.0,0.41705117790414303,0.37942767745558986,0.0,0.0,0.37,0.705,1.0,0.40504575662249703,-1.253007913431243
F104,874.0,0.3844279176201373,0.4205142817089603,0.0,0.0,0.22,1.0,1.0,0.5070791659543582,-1.4473136457388636
F105,964.0,0.4779668049792531,0.37896839660573056,0.0,0.0775,0.43,1.0,1.0,0.17562285993576573,-1.3671525097532622
F106,1231.0,0.42154346060113723,0.402717665656216,0.0,0.0,0.33,0.91,1.0,0.3526535713819559,-1.4954829204220008
F107,874.0,0.3907437070938215,0.43174811367968574,0.0,0.0,0.18,1.0,1.0,0.4640193780360271,-1.560468377151882
F108,964.0,0.48520746887966804,0.40035687416840776,0.0,0.0075,0.45,1.0,1.0,0.1011380855300189,-1.5718251744883418
F109,9030.0,0.6024008859357697,0.22138588962895517,0.0,0.45,0.53,0.73,1.0,0.6238407632758382,-0.5397289838865373
F110,8844.0,0.5939484396200814,0.241485779525516,0.0,0.43,0.53,0.75,1.0,0.3236339612340621,-0.45744859147073047
F111,8791.0,0.5967023091798431,0.22631823415427232,0.0,0.44,0.53,0.73,1.0,0.5639313410538839,-0.5221955940593457
F112,9030.0,0.688905869324474,0.24426526789016795,0.0,0.49,0.67,0.95,1.0,-0.1736890567017794,-1.0499475845007396
F113,8844.0,0.6733808231569426,0.2694367606197563,0.0,0.48,0.67,0.96,1.0,-0.40429679790457207,-0.6573589684544143
F114,8791.0,0.6808451825730861,0.24800983050846498,0.0,0.48,0.66,0.95,1.0,-0.180262289842498,-0.9770219516725227
F115,8724.0,0.591723979825768,0.21750586434684668,0.0,0.45,0.53,0.7,1.0,0.6496342661387547,-0.3124168209003537
F116,8301.0,0.5687820744488616,0.2354844242598592,0.0,0.43,0.51,0.69,1.0,0.31045453007083096,-0.06737449803151252
F117,8447.0,0.5885923996685214,0.22166548334434505,0.0,0.44,0.53,0.71,1.0,0.5973142508242575,-0.35685071008027247
F118,8724.0,0.6755421824850986,0.24261749866100438,0.0,0.48,0.65,0.93,1.0,-0.14030716502101004,-0.9413392155963973
F119,8301.0,0.6436911215516203,0.27131640357278375,0.0,0.46,0.63,0.91,1.0,-0.34704707489313413,-0.5841257209697157
F120,8447.0,0.6690245057416835,0.24463680375269145,0.0,0.48,0.64,0.92,1.0,-0.13098216913034047,-0.9186219728831495
F121,8724.0,0.591723979825768,0.21750586434684668,0.0,0.45,0.53,0.7,1.0,0.6496342661387547,-0.3124168209003537
F122,8301.0,0.5687820744488616,0.2354844242598592,0.0,0.43,0.51,0.69,1.0,0.31045453007083096,-0.06737449803151252
F123,8447.0,0.5885923996685214,0.22166548334434505,0.0,0.44,0.53,0.71,1.0,0.5973142508242575,-0.35685071008027247
F124,8724.0,0.6755421824850986,0.24261749866100438,0.0,0.48,0.65,0.93,1.0,-0.14030716502101004,-0.9413392155963973
F125,8301.0,0.6436911215516203,0.27131640357278375,0.0,0.46,0.63,0.91,1.0,-0.34704707489313413,-0.5841257209697157
F126,8447.0,0.6690245057416835,0.24463680375269145,0.0,0.48,0.64,0.92,1.0,-0.13098216913034047,-0.9186219728831495
F127,1809.0,0.5389165284687673,0.3946048463110782,0.0,0.1,0.5,1.0,1.0,-0.13539593493810098,-1.479321727114892
F128,0.0,,,,,,,,,
F129,1809.0,0.5389165284687673,0.3946048463110782,0.0,0.1,0.5,1.0,1.0,-0.13539593493810098,-1.479321727114892
F130,1809.0,0.5452791597567718,0.40601293901872265,0.0,0.02,0.55,1.0,1.0,-0.1714501433672136,-1.567002843144773
F131,0.0,,,,,,,,,
F132,1809.0,0.5452791597567718,0.40601293901872265,0.0,0.02,0.55,1.0,1.0,-0.1714501433672136,-1.567002843144773
F133,2097.0,0.5544778254649498,0.45266495307438376,0.0,0.0,0.64,1.0,1.0,-0.20815772808652167,-1.7683960870902897
F134,23.0,0.5756521739130435,0.4615273663407436,0.0,0.0,0.67,1.0,1.0,-0.34925794376101094,-1.8293397378113616
F135,2093.0,0.5543860487338748,0.45276257188225016,0.0,0.0,0.64,1.0,1.0,-0.20758287454746396,-1.768873573088987
F136,2097.0,0.5569766332856462,0.46436457849721535,0.0,0.0,0.76,1.0,1.0,-0.2322401050933108,-1.8261861324158033
F137,23.0,0.5965217391304349,0.4675235404442916,0.0,0.0,0.87,1.0,1.0,-0.46539242543535775,-1.8136331585637713
F138,2093.0,0.5570855231724797,0.46453281579039496,0.0,0.0,0.76,1.0,1.0,-0.23177176796587948,-1.8270235971753142
F139,1886.0,0.6109862142099682,0.41241629044792505,0.0,0.23,0.67,1.0,1.0,-0.41580341604775933,-1.470909363337514
F140,82.0,0.625,0.37953594146562397,0.0,0.33,0.61,1.0,1.0,-0.41414956819268517,-1.2650559873975962
F141,1818.0,0.6106325632563256,0.41453860178248714,0.0,0.2,0.67,1.0,1.0,-0.41670607290280254,-1.4825297758282117
F142,1886.0,0.6174178154825025,0.4232710344137511,0.0,0.0825,0.835,1.0,1.0,-0.4674393628382695,-1.507328035868636
F143,82.0,0.6319512195121952,0.39354494942854573,0.0,0.36,0.71,1.0,1.0,-0.5053400910655119,-1.308657794359175
F144,1818.0,0.6154840484048405,0.42503133623826134,0.0,0.06,0.83,1.0,1.0,-0.46004239442261585,-1.5223268028277785
F145,3396.0,0.28628680800942286,0.42477760850356566,0.0,0.0,0.0,0.605,1.0,0.9457677942174807,-0.953883270516656
F146,111.0,0.44756756756756755,0.4515674040418777,0.0,0.0,0.33,1.0,1.0,0.2055026379152146,-1.7927144423419834
F147,3350.0,0.28323582089552235,0.42513030819901054,0.0,0.0,0.0,0.6,1.0,0.9631583421826496,-0.9284799911229875
F148,3396.0,0.29769434628975266,0.44419470804403954,0.0,0.0,0.0,0.98,1.0,0.8757559118097646,-1.1807479745809504
F149,111.0,0.43765765765765763,0.4595985500312498,0.0,0.0,0.2,1.0,1.0,0.2477379124772792,-1.8259600518788672
F150,3350.0,0.29463582089552237,0.4441372530900897,0.0,0.0,0.0,0.98,1.0,0.8919964795437451,-1.1571749390522055
F151,7016.0,0.5922876282782211,0.2853665993384311,0.0,0.41,0.53,0.85,1.0,-0.03761381022106217,-0.7046746498022802
F152,6406.0,0.5657852013737121,0.2908494653005019,0.0,0.4,0.5,0.79,1.0,-0.027714427352251894,-0.6408082721215673
F153,3626.0,0.6179067843353557,0.3097282512998619,0.0,0.41,0.56,1.0,1.0,-0.1718837252546885,-0.9667340987599129
F154,7016.0,0.6375612884834664,0.3095261072487433,0.0,0.43,0.63,0.99,1.0,-0.3980077309714906,-0.8469177343937377
F155,6406.0,0.6110334061817047,0.3221223914998065,0.0,0.4,0.61,0.96,1.0,-0.36119608320330443,-0.9366850216790903
F156,3626.0,0.6392829564258136,0.3180230031527028,0.0,0.42,0.61,1.0,1.0,-0.34685128802805903,-0.9593056582585886
F157,6929.0,0.5566286621446096,0.22289276435886404,0.0,0.43,0.51,0.65,1.0,0.34536782327736165,0.3353835025245755
F158,6563.0,0.5430565290263599,0.26788249493445615,0.0,0.4,0.5,0.69,1.0,0.06550327948078985,-0.3512175475468915
F159,5816.0,0.553404401650619,0.19919441923593342,0.0,0.43,0.52,0.64,1.0,0.5834392265883496,0.5601391566759939
F160,6929.0,0.6295713667195842,0.25343079729652845,0.0,0.46,0.61,0.85,1.0,-0.25506579841892046,-0.42113817201582027
F161,6563.0,0.579844583269846,0.3118485264114823,0.0,0.38,0.57,0.87,1.0,-0.2571842453779441,-0.9283743832211875
F162,5816.0,0.639742090784044,0.2376003614300849,0.0,0.47,0.62,0.84,1.0,-0.1875719620503178,-0.513851729908827
F163,5701.0,0.5834344851780389,0.3265644002418217,0.0,0.38,0.5,1.0,1.0,-0.1534420320098465,-0.9907154538403247
F164,5289.0,0.5607128001512572,0.3238512260757314,0.0,0.38,0.5,0.94,1.0,-0.083587485013691,-0.9304778652448862
F165,1565.0,0.63629392971246,0.3952566461976114,0.0,0.33,0.75,1.0,1.0,-0.5087737967446462,-1.3229313276538888
F166,5701.0,0.6198017891597966,0.3541802187760307,0.0,0.37,0.64,1.0,1.0,-0.4170363765759675,-1.1543220226915254
F167,5289.0,0.5956532425789374,0.35640152059410046,0.0,0.34,0.6,1.0,1.0,-0.33069270039375165,-1.209535009904894
F168,1565.0,0.6558849840255592,0.4039766358500693,0.0,0.3,0.93,1.0,1.0,-0.6356820249403754,-1.2686541218127505
F169,1723.0,0.5975972141613464,0.34083508539965346,0.0,0.36,0.57,1.0,1.0,-0.28364221130030504,-1.083016730974848
F170,887.0,0.5632468996617813,0.3764543640093528,0.0,0.25,0.55,1.0,1.0,-0.21000988700225218,-1.3519455928344788
F171,1322.0,0.6030635400907716,0.3367081285961245,0.0,0.36,0.59,1.0,1.0,-0.2801765675981645,-1.0789559563234432
F172,1723.0,0.6224840394660476,0.35922161325293367,0.0,0.36,0.66,1.0,1.0,-0.44696613482111786,-1.1699200204628526
F173,887.0,0.5753438556933484,0.39405410091950893,0.0,0.185,0.62,1.0,1.0,-0.2925205845360801,-1.467125588935628
F174,1322.0,0.6296671709531013,0.35456731588690676,0.0,0.37,0.67,1.0,1.0,-0.47134239393510236,-1.1218570377468975
F175,480.0,0.5449583333333333,0.41558872185631845,0.0,0.0,0.5,1.0,1.0,-0.1554904319360948,-1.6078696100590093
F176,6.0,0.8333333333333334,0.408248290463863,0.0,1.0,1.0,1.0,1.0,-2.4494897427831783,6.0000000000000036
F177,480.0,0.5443749999999999,0.41574846985634406,0.0,0.0,0.5,1.0,1.0,-0.1514605921840437,-1.610721203103208
F178,480.0,0.5507708333333333,0.43092563088808933,0.0,0.0,0.61,1.0,1.0,-0.18988731145850093,-1.7077552454758513
F179,6.0,0.8333333333333334,0.408248290463863,0.0,1.0,1.0,1.0,1.0,-2.4494897427831783,6.0000000000000036
F180,480.0,0.5505208333333333,0.43103741873535156,0.0,0.0,0.61,1.0,1.0,-0.18885852756324337,-1.7084413727267362
F181,1.0,0.45,,0.45,0.45,0.45,0.45,0.45,,
F182,0.0,,,,,,,,,
F183,1.0,0.45,,0.45,0.45,0.45,0.45,0.45,,
F184,1.0,0.49,,0.49,0.49,0.49,0.49,0.49,,
F185,0.0,,,,,,,,,
F186,1.0,0.49,,0.49,0.49,0.49,0.49,0.49,,
F187,311.0,0.39707395498392284,0.4566979565810158,0.0,0.0,0.0,1.0,1.0,0.42312908320356973,-1.6752658123214732
F188,311.0,0.39707395498392284,0.4566979565810158,0.0,0.0,0.0,1.0,1.0,0.42312908320356973,-1.6752658123214732
F189,0.0,,,,,,,,,
F190,311.0,0.39881028938906754,0.46152083728540977,0.0,0.0,0.0,1.0,1.0,0.4158940246248338,-1.7069409259090507
F191,311.0,0.39881028938906754,0.46152083728540977,0.0,0.0,0.0,1.0,1.0,0.4158940246248338,-1.7069409259090507
F192,0.0,,,,,,,,,
F193,1999.0,0.6076788394197099,0.4284923810618828,0.0,0.0,0.8,1.0,1.0,-0.4285803062235578,-1.5502224312255368
F194,450.0,0.6854,0.4080126695705255,0.0,0.33,1.0,1.0,1.0,-0.787007844710083,-1.0871521732485354
F195,1713.0,0.5852539404553415,0.436004395914711,0.0,0.0,0.71,1.0,1.0,-0.33220690366490285,-1.6483760723736371
F196,1999.0,0.6148424212106054,0.44177463429768066,0.0,0.0,0.96,1.0,1.0,-0.4680683532935268,-1.6035262757680773
F197,450.0,0.6987333333333333,0.4124827809053729,0.0,0.3525,1.0,1.0,1.0,-0.8730388529552309,-1.0065128214064654
F198,1713.0,0.5892761237594863,0.4497290866711315,0.0,0.0,0.91,1.0,1.0,-0.35661531593086915,-1.7136341779220619
F199,2399.0,0.4805919132972072,0.41257574909574773,0.0,0.0,0.5,1.0,1.0,0.09519631870579705,-1.5865117559388715
F200,736.0,0.42563858695652174,0.4003629303589677,0.0,0.0,0.4,1.0,1.0,0.32798128001342997,-1.42101848762013
F201,1919.0,0.49591974986972387,0.4278561341788539,0.0,0.0,0.5,1.0,1.0,0.02214143771234178,-1.6811322288081891
F202,2399.0,0.4873905794080867,0.442759027830294,0.0,0.0,0.49,1.0,1.0,0.04986964095874365,-1.7931708112695017
F203,736.0,0.42436141304347824,0.4306200242177787,0.0,0.0,0.24,1.0,1.0,0.32187016530508616,-1.6613023304594243
F204,1919.0,0.5030640958832726,0.4491738350063712,0.0,0.0,0.5,1.0,1.0,-0.014790311166594518,-1.8176673208212644
F205,3240.0,0.4426728395061729,0.42420848809735373,0.0,0.0,0.33,1.0,1.0,0.31466617638841193,-1.6002522994422528
F206,1962.0,0.4137054026503568,0.4262712407491472,0.0,0.0,0.25,1.0,1.0,0.44985007223919404,-1.533887108282602
F207,1851.0,0.5025931928687196,0.4563854183627896,0.0,0.0,0.5,1.0,1.0,0.026747441413213023,-1.8267607209044752
F208,3240.0,0.4634259259259259,0.440851841860527,0.0,0.0,0.32,1.0,1.0,0.20377374745272048,-1.7498130191672359
F209,1962.0,0.4259683995922528,0.435979504709404,0.0,0.0,0.25,1.0,1.0,0.3723544830096533,-1.6482134007208433
F210,1851.0,0.5083522420313343,0.4625881796658797,0.0,0.0,0.5,1.0,1.0,-0.0112571790136147,-1.864035166330113
F211,1231.0,0.21709179528838343,0.32359588949313867,0.0,0.0,0.0,0.3,1.0,1.534176851967473,1.0754060888081742
F212,874.0,0.1890045766590389,0.33980729324516284,0.0,0.0,0.0,0.25,1.0,1.6519590145764673,1.1772551837767318
F213,964.0,0.2564522821576764,0.3449644688085615,0.0,0.0,0.11,0.33,1.0,1.2864512336611416,0.26438687955283235
F214,1231.0,0.22186027619821286,0.3447304118933392,0.0,0.0,0.0,0.32,1.0,1.425145723528836,0.507151946754218
F215,874.0,0.1933066361556064,0.35161669458387773,0.0,0.0,0.0,0.1875,1.0,1.5814748567919532,0.832907441925439
F216,964.0,0.2662966804979254,0.36577245698673344,0.0,0.0,0.04,0.44,1.0,1.1508466765392436,-0.2447030618528352
F217,9023.0,0.4143821345450516,0.2680367654781363,0.0,0.24,0.31,0.5,1.0,1.2288609815307985,0.27160308499254926
F218,8837.0,0.39639923050809106,0.28113292261932826,0.0,0.21,0.3,0.5,1.0,1.098597301589905,0.1835447027763415
F219,8785.0,0.41212293682413204,0.2727158215268161,0.0,0.23,0.31,0.5,1.0,1.1883218181473616,0.21324508377200502
F220,9023.0,0.5239299567771252,0.30259735077883415,0.0,0.27,0.44,0.81,1.0,0.3937223771095152,-1.2359899458134602
F221,8837.0,0.4921319452302817,0.32659346352933016,0.0,0.24,0.41,0.8,1.0,0.3280440479558729,-1.2052441001178404
F222,8785.0,0.5254581673306773,0.30488874558663726,0.0,0.27,0.45,0.82,1.0,0.34992183761368406,-1.23338917564581
F223,8717.0,0.397960307445222,0.2570771867155815,0.0,0.23,0.3,0.46,1.0,1.3275600493300252,0.7139202208720454
F224,8294.0,0.36172052085845185,0.2584486428147578,0.0,0.21,0.29,0.44,1.0,1.2494900397288295,0.9629337953833623
F225,8441.0,0.3986743276862931,0.2616891144500663,0.0,0.23,0.31,0.47,1.0,1.2753097855427686,0.5839422942174219
F226,8717.0,0.5024779167144661,0.29609913721435094,0.0,0.26,0.42,0.75,1.0,0.46390090697111797,-1.0757526245954523
F227,8294.0,0.4493368700265252,0.3129698788001693,0.0,0.22,0.37,0.6875,1.0,0.4757439812444618,-0.9375862653131204
F228,8441.0,0.5065039687240849,0.29729800823596514,0.0,0.26,0.43,0.76,1.0,0.42497622803352486,-1.0983111984644052
F229,8717.0,0.397960307445222,0.2570771867155815,0.0,0.23,0.3,0.46,1.0,1.3275600493300252,0.7139202208720454
F230,8294.0,0.36172052085845185,0.2584486428147578,0.0,0.21,0.29,0.44,1.0,1.2494900397288295,0.9629337953833623
F231,8441.0,0.3986743276862931,0.2616891144500663,0.0,0.23,0.31,0.47,1.0,1.2753097855427686,0.5839422942174219
F232,8717.0,0.5024779167144661,0.29609913721435094,0.0,0.26,0.42,0.75,1.0,0.46390090697111797,-1.0757526245954523
F233,8294.0,0.4493368700265252,0.3129698788001693,0.0,0.22,0.37,0.6875,1.0,0.4757439812444618,-0.9375862653131204
F234,8441.0,0.5065039687240849,0.29729800823596514,0.0,0.26,0.43,0.76,1.0,0.42497622803352486,-1.0983111984644052
F235,1806.0,0.31773532668881505,0.37568643544352837,0.0,0.0,0.175,0.5,1.0,0.8364190796374065,-0.7882862474702526
F236,0.0,,,,,,,,,
F237,1806.0,0.31773532668881505,0.37568643544352837,0.0,0.0,0.175,0.5,1.0,0.8364190796374065,-0.7882862474702526
F238,1806.0,0.3251937984496124,0.38803709604381614,0.0,0.0,0.13,0.6,1.0,0.782145452669191,-0.9818399178467225
F239,0.0,,,,,,,,,
F240,1806.0,0.3251937984496124,0.38803709604381614,0.0,0.0,0.13,0.6,1.0,0.782145452669191,-0.9818399178467225
F241,2096.0,0.3576288167938931,0.44538605989432767,0.0,0.0,0.0,1.0,1.0,0.6174426820003802,-1.4668850984614545
F242,23.0,0.3,0.4209189081910283,0.0,0.0,0.0,0.585,1.0,0.9323682349378882,-0.9176870554885692
F243,2092.0,0.3573183556405354,0.44542955370602716,0.0,0.0,0.0,1.0,1.0,0.6189875117661248,-1.4653625994121229
F244,2096.0,0.358506679389313,0.45374286763705507,0.0,0.0,0.0,1.0,1.0,0.6008287330098352,-1.5363700861426615
F245,23.0,0.3060869565217391,0.43395369600532246,0.0,0.0,0.0,0.745,1.0,0.8864925367080614,-1.1432343856596665
F246,2092.0,0.3581261950286807,0.4538081887306803,0.0,0.0,0.0,1.0,1.0,0.6031460815848708,-1.5341411159540825
F247,1885.0,0.42076923076923084,0.43188619085969826,0.0,0.0,0.27,1.0,1.0,0.37603244992803087,-1.5970141252289694
F248,82.0,0.36743902439024395,0.4041690484102705,0.0,0.0,0.24,0.9175,1.0,0.7118281538501926,-1.1392183784554908
F249,1817.0,0.4224545954870666,0.433314403781249,0.0,0.0,0.28,1.0,1.0,0.36609951842926475,-1.6099350584982974
F250,1885.0,0.42410610079575595,0.4424052543978332,0.0,0.0,0.25,1.0,1.0,0.33881477159794987,-1.6847751006508072
F251,82.0,0.3754878048780488,0.4175565384620457,0.0,0.0,0.225,0.96,1.0,0.6163906610673086,-1.3577647478170405
F252,1817.0,0.4248651623555311,0.4432115175847884,0.0,0.0,0.25,1.0,1.0,0.3336911936207508,-1.691113794117857
F253,3393.0,0.10187444739168877,0.27324950937449954,0.0,0.0,0.0,0.0,1.0,2.6352555735511634,5.504204025284592
F254,111.0,0.3053153153153153,0.41817747389403903,0.0,0.0,0.0,0.67,1.0,0.8611134061821029,-1.0379101422679278
F255,3347.0,0.09725724529429339,0.26906493988332575,0.0,0.0,0.0,0.0,1.0,2.719565900609349,5.953098940372772
F256,3393.0,0.1097465369879163,0.2973636033954967,0.0,0.0,0.0,0.0,1.0,2.483285693956581,4.363741084149659
F257,111.0,0.2892792792792793,0.4204644871215462,0.0,0.0,0.0,0.64,1.0,0.964849222589951,-0.9110860269539969
F258,3347.0,0.10435613982671049,0.2915326727950595,0.0,0.0,0.0,0.0,1.0,2.571788256481165,4.808936706842873
F259,7011.0,0.3900698901725859,0.3091937114131438,0.0,0.19,0.3,0.5,1.0,0.8352473358819087,-0.3601257970784726
F260,6401.0,0.3514357131698172,0.2957308493894748,0.0,0.17,0.27,0.5,1.0,0.9515876641857679,0.0650092469664365
F261,3624.0,0.4393818984547461,0.3541426361640908,0.0,0.19,0.31,0.78,1.0,0.5839104233623349,-1.1015500695141358
F262,7011.0,0.44242618741976897,0.34577239521707015,0.0,0.18,0.34,0.75,1.0,0.4466455407520577,-1.155231335288102
F263,6401.0,0.4021715356975472,0.3410133830891493,0.0,0.12,0.31,0.66,1.0,0.5604926280175093,-0.9776062565904868
F264,3624.0,0.4649834437086092,0.3659949513936756,0.0,0.18,0.33,0.93,1.0,0.4032288235702569,-1.340556092229985
F265,6925.0,0.35502671480144404,0.23718687591062151,0.0,0.22,0.29,0.41,1.0,1.422506533993948,1.6873587360053452
F266,6560.0,0.33233079268292687,0.2730698420104718,0.0,0.17,0.27,0.43,1.0,1.134474537564983,0.7228999439050656
F267,5813.0,0.3486839841734044,0.2088412433256094,0.0,0.23,0.29,0.41,1.0,1.537591589463776,2.4203215169329924
F268,6925.0,0.4505314079422382,0.28098886732635486,0.0,0.25,0.38,0.63,1.0,0.549369719701393,-0.6432308187159328
F269,6560.0,0.3801082317073171,0.3241695085573565,0.0,0.12,0.3,0.59,1.0,0.6466327021020433,-0.7670337099168312
F270,5813.0,0.4637261310854981,0.26677294954162495,0.0,0.26,0.41,0.64,1.0,0.5056899108964189,-0.6458210818056518
F271,5697.0,0.370617869053888,0.3414252145925568,0.0,0.11,0.26,0.5,1.0,0.7843300246732379,-0.6356922665388187
F272,5285.0,0.3372582781456953,0.3224664752189103,0.0,0.03,0.25,0.5,1.0,0.9386424237376807,-0.19209684709319674
F273,1565.0,0.46304792332268374,0.432247709930602,0.0,0.0,0.33,1.0,1.0,0.22163112275127736,-1.6918196284956442
F274,5697.0,0.4111514832367913,0.3798532034312023,0.0,0.03,0.29,0.8,1.0,0.4857475635661714,-1.2981948879040461
F275,5285.0,0.3746414380321665,0.36605132713369853,0.0,0.0,0.26,0.67,1.0,0.6422575120237142,-1.0475567061530122
F276,1565.0,0.48754632587859426,0.4455508802449701,0.0,0.0,0.4,1.0,1.0,0.08278774610563495,-1.8029188686233069
F277,1720.0,0.40031976744186043,0.36081054454709893,0.0,0.08,0.305,0.67,1.0,0.5861594465671851,-1.0294809154016291
F278,886.0,0.3546162528216704,0.37181372458805834,0.0,0.0,0.25,0.57,1.0,0.7122503911630823,-0.9343796571585523
F279,1320.0,0.41009090909090906,0.35966666933883334,0.0,0.11,0.33,0.67,1.0,0.5617880620444688,-1.0555664228595603
F280,1720.0,0.4315116279069768,0.385554811866897,0.0,0.04,0.315,0.87,1.0,0.3932301468154418,-1.3975238976056052
F281,886.0,0.3721331828442438,0.39421762363529655,0.0,0.0,0.25,0.7575000000000001,1.0,0.5882666903953769,-1.2609989054495403
F282,1320.0,0.44406060606060604,0.3834255985877829,0.0,0.09,0.33,0.9,1.0,0.3532730077675056,-1.4168313865894442
F283,479.0,0.3545511482254697,0.4100262224925669,0.0,0.0,0.19,0.75,1.0,0.6596098376041558,-1.2429116540270664
F284,6.0,0.5,0.5477225575051661,0.0,0.0,0.5,1.0,1.0,0.0,-3.3333333333333335
F285,479.0,0.35446764091858035,0.41005265313616085,0.0,0.0,0.19,0.75,1.0,0.6600331321562166,-1.2427997911230393
F286,479.0,0.36219206680584554,0.4252579781384537,0.0,0.0,0.11,0.9550000000000001,1.0,0.6067569387778051,-1.4107039094638734
F287,479.0,0.3620041753653444,0.4253039178948062,0.0,0.0,0.11,0.9550000000000001,1.0,0.607808536567873,-1.4102876074387538
F288,311.0,0.20466237942122187,0.37517023899196456,0.0,0.0,0.0,0.33,1.0,1.4692401506318136,0.40072433501884497
F289,311.0,0.20466237942122187,0.37517023899196456,0.0,0.0,0.0,0.33,1.0,1.4692401506318136,0.40072433501884497
F290,0.0,,,,,,,,,
F291,311.0,0.20366559485530547,0.37771648875444097,0.0,0.0,0.0,0.005,1.0,1.4729138817551068,0.38047462578691915
F292,311.0,0.20366559485530547,0.37771648875444097,0.0,0.0,0.0,0.005,1.0,1.4729138817551068,0.38047462578691915
F293,0.0,,,,,,,,,
F294,1997.0,0.3909814722083125,0.43416337227463764,0.0,0.0,0.19,1.0,1.0,0.47301517739108706,-1.5471884789017984
F295,450.0,0.4798,0.44621467063957754,0.0,0.0,0.43,1.0,1.0,0.09859205510532497,-1.7900274426652667
F296,1711.0,0.3692168322618352,0.43281247411736756,0.0,0.0,0.05,1.0,1.0,0.5675862975652609,-1.4589342944601957
F297,1997.0,0.399549323985979,0.44789621480233816,0.0,0.0,0.1,1.0,1.0,0.4270498141744301,-1.6611183061265704
F298,450.0,0.49400000000000005,0.45691714122157157,0.0,0.0,0.495,1.0,1.0,0.02351990244091927,-1.8602471445859743
F299,1711.0,0.3750146113383986,0.446186423311812,0.0,0.0,0.0,1.0,1.0,0.5345227983752645,-1.5675104600053231
F300,2398.0,0.23821100917431193,0.3520015035508039,0.0,0.0,0.0,0.4,1.0,1.2806277190130428,0.18093435750195352
F301,735.0,0.22057142857142858,0.34119313012368335,0.0,0.0,0.0,0.33,1.0,1.4416814837584948,0.6695865634286569
F302,1919.0,0.24124544033350706,0.36373735166984567,0.0,0.0,0.0,0.41500000000000004,1.0,1.240862734249189,-0.008664135143908958
F303,2398.0,0.24542952460383652,0.3777708962562676,0.0,0.0,0.0,0.44,1.0,1.1971597467790955,-0.2583961228760572
F304,735.0,0.21627210884353743,0.3603415454789182,0.0,0.0,0.0,0.27,1.0,1.4402483912812418,0.4113784474107507
F305,1919.0,0.2502344971339239,0.3839565403236334,0.0,0.0,0.0,0.46499999999999997,1.0,1.1580723274182583,-0.37310454014391015
F306,2591.0,1.0130027016595908,0.6507026908539645,0.0,0.74,1.0,1.37,6.5,0.4534402152716338,2.4098051604840633
F307,1532.0,1.0086227154046998,0.6833215042741333,0.0,0.67,1.0,1.39,6.5,0.6345865172653068,3.044659749818854
F308,1448.0,1.028529005524862,0.6838992269179495,0.0,0.79,1.0,1.41,6.0,0.4555167367762862,2.3147126706612866
F309,2591.0,1.034600540331918,0.6843745733051313,0.0,0.72,1.0,1.45,6.5,0.5345354940957918,2.768039240308306
F310,1532.0,1.013439947780679,0.6962006491498547,0.0,0.6174999999999999,1.0,1.43,6.5,0.59510753924484,2.703702725246987
F311,1448.0,1.035117403314917,0.7013641461776432,0.0,0.7475,1.0,1.46,6.0,0.45534316784576406,2.042590005437341
F312,855.0,0.8882456140350876,0.770927973031921,0.0,0.0,0.88,1.43,4.71,0.7073270839428181,0.8789674517708903
F313,488.0,0.8154303278688525,0.8586113013459996,0.0,0.0,0.71,1.4425,4.71,0.8696422164634801,0.6278442819010244
F314,725.0,0.9303586206896551,0.7650409900897022,0.0,0.0,0.92,1.47,4.35,0.5413854776602101,0.33160599326403073
F315,855.0,0.8897543859649123,0.8344917035557275,0.0,0.0,0.89,1.52,5.36,0.8049269513631312,1.0801168505493224
F316,488.0,0.8248975409836067,0.9060367867173558,0.0,0.0,0.635,1.52,5.39,1.0124996435656164,1.3727653919571368
F317,725.0,0.9414068965517242,0.829493093032628,0.0,0.0,1.0,1.56,5.33,0.6692640490929991,0.7829890043219749
F318,8997.0,0.9997399133044348,0.07998026059630282,0.0,1.0,1.0,1.0,2.5,-3.0271858462320935,112.57351697123627
F319,8690.0,0.9904637514384349,0.3237322327660201,0.0,0.91,1.0,1.07,11.0,4.380135215623754,121.07209534490438
F320,8748.0,1.0179721079103794,0.2324639065312166,0.0,0.96,1.0,1.05,9.0,10.966784648399189,322.71868733121374
F321,8997.0,1.1522574191397132,0.39765579369576953,0.0,1.0,1.07,1.29,10.6,3.680473145987764,53.347587946192334
F322,8690.0,1.1083981588032221,0.49220152728873484,0.0,0.97,1.06,1.3,12.4,3.3868255822912503,61.39662299918828
F323,8748.0,1.1761328303612253,0.41230067380673047,0.0,1.0,1.1,1.32,9.0,3.0078798454801348,31.700163031585046
F324,8678.0,1.0039571329799493,0.15422478504124254,0.0,1.0,1.0,1.0,4.6,4.858296050610449,124.59879750842369
F325,8075.0,0.9869560371517028,0.35395902692443326,0.0,0.9,1.0,1.08,11.0,4.053250331194267,96.8314572218846
F326,8402.0,1.0254939300166628,0.2523941308919544,0.0,0.96,1.0,1.06,8.7,6.610504683368381,139.05457962284626
F327,8678.0,1.1468656372436046,0.4034866116918506,0.0,1.0,1.08,1.29,10.6,3.2281615012237976,49.05149837830619
F328,8075.0,1.0968866873065015,0.5018612535108065,0.0,0.95,1.07,1.3,12.4,3.0232342039974034,56.983482282666436
F329,8402.0,1.1751344917876696,0.41272029615095446,0.0,1.0,1.1,1.33,7.45,2.2694738366705236,17.974413320596078
F330,8678.0,1.0039571329799493,0.15422478504124254,0.0,1.0,1.0,1.0,4.6,4.858296050610449,124.59879750842369
F331,8075.0,0.9869560371517028,0.35395902692443326,0.0,0.9,1.0,1.08,11.0,4.053250331194267,96.8314572218846
F332,8402.0,1.0254939300166628,0.2523941308919544,0.0,0.96,1.0,1.06,8.7,6.610504683368381,139.05457962284626
F333,8678.0,1.1468656372436046,0.4034866116918506,0.0,1.0,1.08,1.29,10.6,3.2281615012237976,49.05149837830619
F334,8075.0,1.0968866873065015,0.5018612535108065,0.0,0.95,1.07,1.3,12.4,3.0232342039974034,56.983482282666436
F335,8402.0,1.1751344917876696,0.41272029615095446,0.0,1.0,1.1,1.33,7.45,2.2694738366705236,17.974413320596078
F336,1356.0,0.9490855457227139,0.7188476151337915,0.0,0.0,1.0,1.5,3.56,0.08017425567048944,-0.819283673384589
F337,1356.0,0.9490855457227139,0.7188476151337915,0.0,0.0,1.0,1.5,3.56,0.08017425567048944,-0.819283673384589
F338,1356.0,0.9543067846607669,0.7318732213209989,0.0,0.0,1.04,1.52,3.56,0.060033949535804286,-0.9273440412275153
F339,1356.0,0.9543067846607669,0.7318732213209989,0.0,0.0,1.04,1.52,3.56,0.060033949535804286,-0.9273440412275153
F340,1364.0,0.9659017595307918,0.8447803531533731,0.0,0.0,1.0,1.54,13.5,2.5496635311903093,34.426561009981064
F341,15.0,1.1613333333333336,1.17084137431572,0.0,0.0,1.06,2.0549999999999997,3.25,0.4916352671087033,-1.087683783310141
F342,1361.0,0.9639456282145482,0.8440134825974294,0.0,0.0,1.0,1.54,13.5,2.563161385756984,34.65947313127709
F343,1364.0,0.9599046920821114,0.8573941853948595,0.0,0.0,1.0,1.57,13.5,2.4626743366596417,32.39824104972837
F344,15.0,1.1833333333333333,1.211549578412861,0.0,0.0,1.13,2.125,3.25,0.38489666772535086,-1.4197811513886403
F345,1361.0,0.957964731814842,0.8566330561406602,0.0,0.0,1.0,1.56,13.5,2.4760386109545593,32.61620149225793
F346,1453.0,1.0069373709566414,0.699297892330695,0.0,0.57,1.0,1.46,4.65,0.21938055243839896,0.40023855808547903
F347,69.0,1.010144927536232,0.7872298654396112,0.0,0.0,1.01,1.46,2.68,0.21866527618474577,-0.8333487146811733
F348,1393.0,1.0060014357501796,0.695572527348899,0.0,0.58,1.0,1.46,4.65,0.22074722481919895,0.4780561350897683
F349,1453.0,1.0069098417068134,0.7228441992270825,0.0,0.28,1.0,1.5,4.65,0.2542361733013941,0.4007754797656462
F350,69.0,1.0204347826086957,0.7984441392347125,0.0,0.0,1.01,1.52,2.68,0.1850761769063035,-0.9528064452084686
F351,1393.0,1.0053050969131372,0.7192835952015132,0.0,0.29,1.0,1.5,4.65,0.2616958535214885,0.4893202133210641
F352,1154.0,0.6972097053726171,0.9776359680785682,0.0,0.0,0.0,1.41,13.5,2.9775473014348424,26.93648786156488
F353,62.0,1.2888709677419354,1.0571367218347432,0.0,0.0,1.34,1.95,4.76,0.7963528804127377,1.524925053062152
F354,1114.0,0.6712208258527828,0.9774879973558239,0.0,0.0,0.0,1.3875,13.5,3.11696752750358,28.286913524571712
F355,1154.0,0.6948786828422877,0.9918021447728679,0.0,0.0,0.0,1.4575,13.5,2.8887467750116844,25.34330585463961
F356,62.0,1.2645161290322582,1.0662738512995138,0.0,0.0,1.32,1.95,4.76,0.8300861422651236,1.4605762964646742
F357,1114.0,0.6678276481149013,0.9888480337645408,0.0,0.0,0.0,1.42,13.5,3.0444718795388384,26.956914792377958
F358,6615.0,1.03432350718065,0.46127381571623133,0.0,0.9,1.0,1.19,6.33,0.8537857034786854,8.395717255595212
F359,5896.0,1.0267825644504749,0.5165128499999144,0.0,0.83,1.01,1.25,4.64,0.49099678936341157,3.243440942690181
F360,3389.0,1.0665978164650338,0.48160626092476916,0.0,0.92,1.01,1.22,6.33,1.3839628056628595,11.976748535045335
F361,6615.0,1.0952078609221467,0.547146470825616,0.0,0.89,1.07,1.37,7.45,0.746503677415423,6.958627590642361
F362,5896.0,1.082245590230665,0.5967674966171654,0.0,0.82,1.09,1.41,6.6,0.4648419373762411,3.167242543348094
F363,3389.0,1.1067187961050458,0.5446502492806969,0.0,0.93,1.04,1.33,7.45,1.6628741011249337,14.995281036370564
F364,6742.0,0.9993355087511123,0.25606878824022106,0.0,0.97,1.0,1.03,4.94,2.4199530687930184,38.033003194742264
F365,6142.0,0.964814392705959,0.46553304136770124,0.0,0.82,1.0,1.12,11.0,2.6866921754987225,48.700994538808175
F366,5759.0,1.009064073623893,0.25372400219016955,0.0,0.95,1.0,1.07,8.7,6.014980184426116,166.18077616504576
F367,6742.0,1.141505487985761,0.4115003824992809,0.0,0.99,1.1,1.3,10.6,2.796620911771857,49.45616427821664
F368,6142.0,1.029993487463367,0.5929451166614487,0.0,0.79,1.04,1.31,12.4,3.1278334068021754,55.64516144875494
F369,5759.0,1.1722538635179718,0.3957346273076867,0.0,1.0,1.14,1.35,4.8,1.0184648474536533,8.126835236298383
F370,5079.0,1.0127485725536522,0.5691415822026994,0.0,0.79,1.0,1.29,4.8,0.2989014914107233,1.7109951229035096
F371,4638.0,1.0121280724450195,0.5962294535983128,0.0,0.76,1.0,1.33,4.8,0.33394735012313725,1.5241954402339908
F372,1290.0,1.0184108527131783,0.636908774353728,0.0,0.74,1.0,1.4,4.83,0.13534316995379309,0.8403752306138439
F373,5079.0,1.0583028155148648,0.6448546264252766,0.0,0.71,1.07,1.47,5.17,0.22966532504866022,1.028453053577342
F374,4638.0,1.0509271237602416,0.6760534815959213,0.0,0.65,1.08,1.48,6.6,0.39259975808613345,1.7612305099712917
F375,1290.0,1.0497441860465118,0.6799112429989643,0.0,0.6924999999999999,1.0,1.4975,4.83,0.1382589424462957,0.50334441199188
F376,1513.0,1.0545274289491078,0.631226595831889,0.0,0.81,1.02,1.33,6.76,1.171318887796647,8.315632792613375
F377,714.0,1.0446638655462186,0.7293953857755385,0.0,0.615,1.0550000000000002,1.5,6.76,0.8130743828642135,4.747111667925091
F378,1178.0,1.047648556876061,0.5990025598419016,0.0,0.82,1.02,1.31,6.33,0.9221541894905244,6.357590878988987
F379,1513.0,1.0935558493060147,0.6745492662901662,0.0,0.8,1.07,1.45,6.76,0.9314244334051399,5.990171756808463
F380,714.0,1.0692857142857144,0.7613630425944851,0.0,0.51,1.0950000000000002,1.5875000000000001,6.76,0.6382942231615457,3.547607830090559
F381,1178.0,1.0930984719864176,0.64445361957255,0.0,0.83,1.06,1.43,6.33,0.7407765438641912,4.502356882888758
F382,348.0,1.0379310344827586,0.7653653896460768,0.0,0.0,1.11,1.58,4.57,0.1990068692913407,0.14461423149252672
F383,5.0,1.204,1.1053189584911678,0.0,0.0,1.85,1.99,2.18,-0.5571761391519926,-3.2550023147892926
F384,348.0,1.0375287356321838,0.7653796306402288,0.0,0.0,1.11,1.58,4.57,0.20057269268218889,0.14480436457474122
F385,348.0,1.0467816091954023,0.7853925676432255,0.0,0.0,1.17,1.61,4.57,0.13712389117372617,-0.11031978947653531
F386,5.0,1.204,1.1053189584911678,0.0,0.0,1.85,1.99,2.18,-0.5571761391519926,-3.2550023147892926
F387,348.0,1.0460632183908045,0.7853318588703498,0.0,0.0,1.17,1.61,4.57,0.13984051577830053,-0.10893378703840018
F388,144.0,0.8636805555555556,0.9054672684115777,0.0,0.0,0.97,1.59,4.5,0.7183742503546988,0.3032758328582079
F389,144.0,0.8636805555555556,0.9054672684115777,0.0,0.0,0.97,1.59,4.5,0.7183742503546988,0.3032758328582079
F390,0.0,,,,,,,,,
F391,144.0,0.8609027777777778,0.9114316051692091,0.0,0.0,1.0,1.59,4.5,0.7076260154114712,0.23562254013291772
F392,144.0,0.8609027777777778,0.9114316051692091,0.0,0.0,1.0,1.59,4.5,0.7076260154114712,0.23562254013291772
F393,0.0,,,,,,,,,
F394,1471.0,0.9703806934058462,0.741865449235816,0.0,0.0,1.0,1.5,4.65,0.26600783192242167,-0.06636823063547359
F395,358.0,1.0844692737430168,0.7150174806623208,0.0,0.6900000000000001,1.06,1.6175000000000002,3.35,-0.08910390702290608,-0.5264348688373048
F396,1220.0,0.9447131147540984,0.7567645172234467,0.0,0.0,1.0,1.5,4.65,0.3371563052457716,-0.028568081799590583
F397,1471.0,0.9848470428280082,0.7615410175992802,0.0,0.0,1.0,1.53,4.65,0.22340338088915296,-0.2784645880234513
F398,358.0,1.0991061452513966,0.7314543931906297,0.0,0.635,1.105,1.6875,3.35,-0.12707532541118444,-0.6677761731128795
F399,1220.0,0.9564262295081969,0.7750114018376689,0.0,0.0,1.0,1.53,4.65,0.2982676011090962,-0.224073345094435
F400,1603.0,0.8573112913287586,0.8052994385995533,0.0,0.0,0.87,1.5,4.5,0.5287108332810444,-0.26849365177915363
F401,465.0,0.8849032258064516,0.8129066895241989,0.0,0.0,0.87,1.47,4.0,0.5647368034843867,-0.2499837384489365
F402,1248.0,0.8585416666666666,0.8333753484463179,0.0,0.0,0.885,1.56,4.5,0.5117663235860427,-0.391166657832247
F403,1603.0,0.8590580162195882,0.845266646610977,0.0,0.0,0.87,1.59,4.72,0.5236014891257794,-0.4080895039414161
F404,465.0,0.8627526881720429,0.8566658964273028,0.0,0.0,0.82,1.53,4.72,0.6786882602256382,0.061518938877318075
F405,1248.0,0.8643910256410258,0.8544214628803183,0.0,0.0,0.925,1.6125,4.5,0.4804975227944824,-0.5744368139028468
F406,3240.0,1.0225802469135803,0.7753278005148861,0.0,0.6375,1.0,1.35,14.6,2.68896037910732,35.326194542857124
F407,1962.0,1.0017176350662589,0.7654481149697695,0.0,0.56,1.0,1.3175000000000001,8.0,1.2008734602696676,5.616553845195499
F408,1851.0,1.059184224743382,0.8381190227605916,0.0,0.62,1.0,1.5,14.6,3.241860532711786,43.232636533861694
F409,3240.0,1.0544783950617285,0.8185428054321197,0.0,0.56,1.0,1.5,14.6,2.4389603879406274,29.153607415761666
F410,1962.0,1.028710499490316,0.791959993363347,0.0,0.49,1.0,1.47,8.0,1.0457463641297502,4.468637418142521
F411,1851.0,1.0711507293354943,0.8588306471660347,0.0,0.53,1.0,1.53,14.6,3.0049293946131814,38.8707709621148
F412,1231.0,0.8255645816409423,0.7620210518269471,0.0,0.0,0.77,1.2850000000000001,4.0,0.7168070057417,0.05970133391342625
F413,874.0,0.7667505720823798,0.880353576021649,0.0,0.0,0.505,1.39,6.8,1.091754600900102,1.8536534475127726
F414,964.0,0.9669087136929462,0.7918423566105434,0.0,0.1625,0.92,1.5,4.0,0.561359397648626,-0.11280208248514123
F415,1231.0,0.8354752233956133,0.8189335207313783,0.0,0.0,0.74,1.4449999999999998,4.19,0.6832732022582383,-0.29691933193926
F416,874.0,0.779233409610984,0.9075567861175381,0.0,0.0,0.36,1.53,6.8,1.0289220303579536,1.3886233144764142
F417,964.0,0.9829771784232365,0.846130496882635,0.0,0.01,0.95,1.64,4.19,0.5034451509762927,-0.41123338880332794
F418,9030.0,1.0005658914728683,0.07813192189795203,0.0,1.0,1.0,1.0,2.5,-3.017069512952769,123.07244753249817
F419,8844.0,1.0068905472636815,0.3005035711122982,0.0,0.93,1.0,1.08,9.32,6.198642894275182,151.756182985888
F420,8791.0,1.008405187123194,0.18677505001658903,0.0,0.96,1.0,1.04,6.97,5.801854658598123,146.42045223230386
F421,9030.0,1.1897751937984495,0.4809533444889239,0.0,1.0,1.08,1.33,22.04,11.790202456867746,420.4397112842506
F422,8844.0,1.1729308005427406,0.5309789705391392,0.0,1.0,1.08,1.35,20.17,7.5504361546168015,213.62918754327865
F423,8791.0,1.1916755772949608,0.5060435459445037,0.0,1.0,1.08,1.33,23.49,12.399011459055366,458.6326688699804
F424,8724.0,1.0082072443833106,0.3321353314571833,0.0,1.0,1.0,1.01,28.41,66.63062105881234,5370.050740334195
F425,8301.0,1.003828454403084,0.44513941659565137,0.0,0.92,1.0,1.08,27.97,29.199639609313753,1665.3479317499045
F426,8447.0,1.0226044749615246,0.3805328438782262,0.0,0.96,1.0,1.05,28.61,47.30071923532983,3307.0942592128386
F427,8724.0,1.1871354883081155,0.4611197258469343,0.0,1.0,1.09,1.33,18.18,8.393596201346051,239.73179607032375
F428,8301.0,1.157077460546922,0.5408765642307684,0.0,0.98,1.09,1.35,20.19,6.970513398950628,202.27278664649876
F429,8447.0,1.1908997277139812,0.4421876334291063,0.0,1.0,1.09,1.34,11.56,3.7307197906521448,50.415581396936425
F430,8724.0,1.0082072443833106,0.3321353314571833,0.0,1.0,1.0,1.01,28.41,66.63062105881234,5370.050740334195
F431,8301.0,1.003828454403084,0.44513941659565137,0.0,0.92,1.0,1.08,27.97,29.199639609313753,1665.3479317499045
F432,8447.0,1.0226044749615246,0.3805328438782262,0.0,0.96,1.0,1.05,28.61,47.30071923532983,3307.0942592128386
F433,8724.0,1.1871354883081155,0.4611197258469343,0.0,1.0,1.09,1.33,18.18,8.393596201346051,239.73179607032375
F434,8301.0,1.157077460546922,0.5408765642307684,0.0,0.98,1.09,1.35,20.19,6.970513398950628,202.27278664649876
F435,8447.0,1.1908997277139812,0.4421876334291063,0.0,1.0,1.09,1.34,11.56,3.7307197906521448,50.415581396936425
F436,1809.0,0.9792426755113323,0.7425369327490569,0.0,0.17,1.0,1.5,3.55,0.24947954938916578,-0.6485765575594806
F437,0.0,,,,,,,,,
F438,1809.0,0.9792426755113323,0.7425369327490569,0.0,0.17,1.0,1.5,3.55,0.24947954938916578,-0.6485765575594806
F439,1809.0,0.989657269209508,0.7667074139310449,0.0,0.03,1.01,1.55,3.55,0.22530173471674267,-0.7854761825355672
F440,0.0,,,,,,,,,
F441,1809.0,0.989657269209508,0.7667074139310449,0.0,0.03,1.01,1.55,3.55,0.22530173471674267,-0.7854761825355672
F442,2097.0,1.0123843586075347,1.2278749326741634,0.0,0.0,1.0,1.67,34.97,11.163180262279313,285.25338701036264
F443,23.0,1.7726086956521738,2.719012550359387,0.0,0.0,1.41,2.125,13.05,3.472787972243636,14.339110204364259
F444,2093.0,1.011868131868132,1.2283788216375304,0.0,0.0,1.0,1.67,34.97,11.17127833015327,285.34980688390226
F445,2097.0,1.0172198378636146,1.2433496165275673,0.0,0.0,1.0,1.78,34.97,10.654708916821189,270.26228775495906
F446,23.0,1.8134782608695657,2.7127403265059087,0.0,0.0,1.43,2.125,13.05,3.4488909919496598,14.252550016202337
F447,2093.0,1.0171810797897756,1.2442802922508736,0.0,0.0,1.0,1.78,34.97,10.653026325047641,269.9730449333089
F448,1886.0,1.0620731707317073,0.7776639144733238,0.0,0.5,1.0,1.59,4.67,0.3195238389669729,-0.17905597291276054
F449,82.0,1.2354878048780489,0.8254054782669829,0.0,0.78,1.08,1.7975,3.1,0.3165442918103053,-0.3755511180455646
F450,1818.0,1.0573817381738173,0.7801838320666616,0.0,0.4525,1.0,1.5875000000000001,4.67,0.32860001776401415,-0.16962803494673429
F451,1886.0,1.0804825026511136,0.8260644161247835,0.0,0.1825,1.0,1.67,6.75,0.4159500110678369,0.4727934442593975
F452,82.0,1.2458536585365854,0.849413670279714,0.0,0.8075,1.15,1.8,3.1,0.18923595632750023,-0.5717278938917931
F453,1818.0,1.072057205720572,0.8253962561488966,0.0,0.1325,1.0,1.67,6.75,0.42474581239951703,0.5135171954749409
F454,3396.0,0.5661012956419317,0.8908993290369224,0.0,0.0,0.0,1.13,9.96,1.5854025590893905,4.077201072942074
F455,111.0,0.832972972972973,0.8915426819891203,0.0,0.0,0.75,1.5150000000000001,3.7,0.6706240559972199,-0.476883855579048
F456,3350.0,0.563955223880597,0.9012302883457177,0.0,0.0,0.0,1.12,9.96,1.6401988369532112,4.336452310019743
F457,3396.0,0.5890459363957596,0.9324290271504482,0.0,0.0,0.0,1.37,9.96,1.4616029352979756,3.0517587760623166
F458,111.0,0.8145945945945945,0.9135532862836229,0.0,0.0,0.48,1.4849999999999999,3.7,0.7216499058931127,-0.5434647615621855
F459,3350.0,0.5870955223880597,0.9413800342561125,0.0,0.0,0.0,1.3775,9.96,1.5100842787512603,3.2930073868470746
F460,7016.0,1.0680159635119726,0.5458253387179937,0.0,0.9,1.01,1.2,19.98,7.310803813098241,216.14169351487334
F461,6406.0,1.0585326256634406,0.6559291348360833,0.0,0.84,1.01,1.25,27.97,12.320770169412132,456.714574452212
F462,3626.0,1.0900661886376173,0.590175236189184,0.0,0.92,1.01,1.21,14.4,4.6390076903631385,80.96521335565863
F463,7016.0,1.1660832383124287,0.6426737590477877,0.0,0.92,1.09,1.44,18.17,4.066109227837272,83.04025242203413
F464,6406.0,1.150006244146113,0.687402582665918,0.0,0.85,1.1,1.48,20.19,4.176294105321058,97.24382610932784
F465,3626.0,1.143830667402096,0.6592250187815438,0.0,0.91,1.04,1.3475000000000001,14.4,3.67187091752352,52.50832327998117
F466,6929.0,0.9884254582190791,0.3000215354446051,0.0,0.97,1.0,1.03,13.8,11.928338230177019,497.8596957543066
F467,6563.0,0.9773015389303673,0.4400434834596841,0.0,0.83,1.0,1.13,9.0,1.5399306668482453,22.94353903368878
F468,5816.0,1.002678817056396,0.301977393774537,0.0,0.94,1.0,1.05,17.15,26.798812176979222,1412.6139190289562
F469,6929.0,1.1363342473661424,0.4149465883369845,0.0,0.97,1.09,1.31,6.09,0.802201304238005,8.26790130297783
F470,6563.0,1.0482904159683073,0.5611453675378321,0.0,0.81,1.04,1.32,9.0,0.8377765477671073,8.615483448398393
F471,5816.0,1.1779281292984867,0.4205876685343234,0.0,0.99,1.12,1.36,8.96,2.4947401398778637,37.37794611130162
F472,5701.0,1.0720575337660059,0.6731733653726801,0.0,0.81,1.01,1.32,19.98,5.0010434797564445,116.07847328380257
F473,5289.0,1.070209869540556,0.7535171021739889,0.0,0.79,1.02,1.34,27.97,9.734994708392973,315.02260466164984
F474,1565.0,1.0858722044728435,0.7396368148821154,0.0,0.7,1.0,1.5,5.69,0.6001632443620375,1.7524397643462017
F475,5701.0,1.1499158042448694,0.7491842533992623,0.0,0.79,1.09,1.56,18.17,2.7626523393917135,49.5961419630135
F476,5289.0,1.1402268859897902,0.7785543558242559,0.0,0.74,1.1,1.58,20.19,3.3910232692428455,69.964156486192
F477,1565.0,1.1386134185303514,0.8133434402919002,0.0,0.6,1.03,1.65,6.88,0.7417005287688362,2.6052864550259964
F478,1723.0,1.0915380150899596,0.6986123728776592,0.0,0.79,1.02,1.38,10.46,2.2429305098568015,22.57620995909913
F479,887.0,1.0686696730552425,0.7422096761711191,0.0,0.56,1.05,1.56,5.14,0.3689489776475613,0.60431178456545
F480,1322.0,1.0824886535552194,0.6875655153312117,0.0,0.8,1.02,1.3375000000000001,10.46,2.84043895196497,30.65002690438515
F481,1723.0,1.1449332559489263,0.7624306549927843,0.0,0.76,1.07,1.565,10.46,1.8110736085720716,15.719424580014122
F482,887.0,1.094193912063134,0.7902851148839506,0.0,0.415,1.1,1.66,5.14,0.33431369409567907,0.3896093358991215
F483,1322.0,1.144069591527988,0.7696695052493696,0.0,0.79,1.06,1.5,10.46,2.2477419437932276,19.643616939346753
F484,480.0,1.0393958333333333,0.8421811883755086,0.0,0.0,1.02,1.7025,3.91,0.3386281105949309,-0.611291771912529
F485,6.0,1.7666666666666668,0.8859270097850424,0.0,1.8575,2.105,2.2474999999999996,2.32,-2.2123282511978313,5.037796817568768
F486,480.0,1.0382291666666665,0.8423845203644339,0.0,0.0,1.0150000000000001,1.7025,3.91,0.3423742425605191,-0.6116486083345363
F487,480.0,1.0515833333333333,0.8764177856499031,0.0,0.0,1.06,1.79,3.91,0.2783495227580919,-0.8717688874116392
F488,6.0,1.7666666666666668,0.8859270097850424,0.0,1.8575,2.105,2.2474999999999996,2.32,-2.2123282511978313,5.037796817568768
F489,480.0,1.0510625,0.8765825630381584,0.0,0.0,1.0550000000000002,1.79,3.91,0.2793077349509774,-0.8718427866973713
F490,311.0,0.6859163987138264,0.8460300342155299,0.0,0.0,0.0,1.3650000000000002,3.7,0.9138517410733383,-0.10366516775876722
F491,311.0,0.6859163987138264,0.8460300342155299,0.0,0.0,0.0,1.3650000000000002,3.7,0.9138517410733383,-0.10366516775876722
F492,0.0,,,,,,,,,
F493,311.0,0.687524115755627,0.8535447785164427,0.0,0.0,0.0,1.375,3.7,0.901956857168442,-0.17789573851422302
F494,311.0,0.687524115755627,0.8535447785164427,0.0,0.0,0.0,1.375,3.7,0.901956857168442,-0.17789573851422302
F495,0.0,,,,,,,,,
F496,1999.0,1.075967983991996,0.8810686312134806,0.0,0.0,1.0,1.7,10.46,1.1587072831856786,7.693644320942944
F497,450.0,1.1949111111111113,0.8065771481187398,0.0,0.72,1.21,1.8075,5.24,0.22300968636749097,0.5222679757948043
F498,1713.0,1.0406596614127264,0.9033669350078846,0.0,0.0,1.0,1.66,10.46,1.3088803247807854,8.31027736298218
F499,1999.0,1.0890095047523762,0.9123848231284758,0.0,0.0,1.01,1.8,10.46,1.0368267425196669,6.41580976000377
F500,450.0,1.2237777777777779,0.830228156820837,0.0,0.7024999999999999,1.25,1.87,5.24,0.1620303007425338,0.28477639545574585
F501,1713.0,1.046725043782837,0.9339190261307122,0.0,0.0,1.0,1.75,10.46,1.1993283173986389,7.048741238514866
F502,2399.0,0.9275072947061275,0.8443769000277027,0.0,0.0,0.9,1.55,4.72,0.5274181672137317,-0.5034284148374444
F503,736.0,0.8302717391304348,0.8278073206193486,0.0,0.0,0.75,1.35,3.77,0.7823064566651934,-0.060702250640601196
F504,1919.0,0.9566232412714956,0.8755933839615548,0.0,0.0,0.96,1.69,4.72,0.4468818130838368,-0.6479696420677006
F505,2399.0,0.9400708628595246,0.9090545106868165,0.0,0.0,0.93,1.71,4.72,0.47616630399142634,-0.8139424219388136
F506,736.0,0.8253260869565218,0.8897757278683088,0.0,0.0,0.505,1.54,3.77,0.7520512999392714,-0.482513986807243
F507,1919.0,0.9699166232412715,0.92175852773455,0.0,0.0,1.0,1.78,4.72,0.4167593642690611,-0.8323117460011189
F508,3240.0,1.0648487654320986,1.2785967828907616,0.0,0.0,1.0,1.41,14.67,2.7811636726695874,16.055320401133717
F509,1962.0,1.0531396534148827,1.3782006945208851,0.0,0.0,0.93,1.33,16.0,3.184717934687039,19.672612241141728
F510,1851.0,1.1090437601296597,1.3285375026403483,0.0,0.0,1.0,1.5,14.6,2.3190490053471247,10.940290656414309
F511,3240.0,1.127503086419753,1.3855221384597682,0.0,0.0,1.0,1.5,15.43,2.707738933425727,14.976986232649885
F512,1962.0,1.0973547400611623,1.447778084690258,0.0,0.0,0.95,1.45,16.0,2.92813456850493,16.305648679804698
F513,1851.0,1.127590491626148,1.3707324642060759,0.0,0.0,1.0,1.56,14.6,2.211201343745967,9.588909493243701
F514,1231.0,0.7601299756295695,1.1675869004423056,0.0,0.0,0.0,1.1,9.12,2.203687733506831,6.024530799321078
F515,874.0,0.6742219679633867,1.3066988919417701,0.0,0.0,0.0,0.86,9.47,2.5581665528113344,8.066405495391574
F516,964.0,0.929688796680498,1.3251054961583706,0.0,0.0,0.455,1.37,11.4,2.2470034243278514,7.795622457727162
F517,1231.0,0.7877173030056864,1.3293387578136606,0.0,0.0,0.0,1.13,13.05,2.6547395001397436,11.378718887497289
F518,874.0,0.6935469107551488,1.405325904804021,0.0,0.0,0.0,0.785,13.23,2.9960959333118495,13.661234389988165
F519,964.0,0.9797199170124482,1.501304667774122,0.0,0.0,0.195,1.4825,12.88,2.5316236748055436,10.52043137118979
F520,9023.0,1.0004743433447856,0.11533531820388856,0.0,1.0,1.0,1.0,5.0,2.0947505815056835,204.8374028801216
F521,8837.0,1.0026411678171325,0.48465142382870224,0.0,0.86,1.0,1.12,12.1,6.344086829504599,118.23283508689448
F522,8785.0,1.0278099032441659,0.3230940086867496,0.0,0.94,1.0,1.08,14.31,10.871715012040184,359.6280379643387
F523,9023.0,1.4038169123351434,0.9855644252204732,0.0,1.0,1.17,1.61,50.81,16.37270719601224,715.8907928731163
F524,8837.0,1.3340387009166006,1.0601907952196528,0.0,0.93,1.13,1.6,46.5,11.267376396303582,392.3816696872739
F525,8785.0,1.4452418895845192,1.0767359913871757,0.0,1.0,1.2,1.67,54.15,16.15778706556753,678.1875604452179
F526,8717.0,1.0100286795916027,0.2626377330108285,0.0,1.0,1.0,1.01,15.13,23.78841043875482,1130.4622914397994
F527,8294.0,1.0004448999276585,0.7527936200932264,0.0,0.83,1.0,1.13,48.42,32.97958077117354,1942.2260686999125
F528,8441.0,1.04573154839474,0.37685517534705615,0.0,0.94,1.0,1.1,14.31,8.953995515574256,223.81929823619708
F529,8717.0,1.3940449695996329,0.9371879088527343,0.0,1.0,1.18,1.62,41.87,11.79577476284219,416.9119796355765
F530,8294.0,1.3019881842295635,1.0620226530637895,0.0,0.89,1.13,1.59,46.54,11.639862697142828,415.54349813888183
F531,8441.0,1.4388010899182562,0.9020093595518791,0.0,1.0,1.21,1.68,20.96,4.24174604338025,46.0469651444214
F532,8717.0,1.0100286795916027,0.2626377330108285,0.0,1.0,1.0,1.01,15.13,23.78841043875482,1130.4622914397994
F533,8294.0,1.0004448999276585,0.7527936200932264,0.0,0.83,1.0,1.13,48.42,32.97958077117354,1942.2260686999125
F534,8441.0,1.04573154839474,0.37685517534705615,0.0,0.94,1.0,1.1,14.31,8.953995515574256,223.81929823619708
F535,8717.0,1.3940449695996329,0.9371879088527343,0.0,1.0,1.18,1.62,41.87,11.79577476284219,416.9119796355765
F536,8294.0,1.3019881842295635,1.0620226530637895,0.0,0.89,1.13,1.59,46.54,11.639862697142828,415.54349813888183
F537,8441.0,1.4388010899182562,0.9020093595518791,0.0,1.0,1.21,1.68,20.96,4.24174604338025,46.0469651444214
F538,1806.0,0.9523145071982282,1.2062791225620366,0.0,0.0,0.61,1.55,9.46,1.62727954266512,3.609102326088489
F539,0.0,,,,,,,,,
F540,1806.0,0.9523145071982282,1.2062791225620366,0.0,0.0,0.61,1.55,9.46,1.62727954266512,3.609102326088489
F541,1806.0,0.9691362126245847,1.2390015309208489,0.0,0.0,0.48,1.6175000000000002,9.46,1.5392094276591246,2.9994434628538955
F542,0.0,,,,,,,,,
F543,1806.0,0.9691362126245847,1.2390015309208489,0.0,0.0,0.48,1.6175000000000002,9.46,1.5392094276591246,2.9994434628538955
F544,2096.0,0.9465601145038169,1.5170490602736364,0.0,0.0,0.0,1.33,19.5,3.1272628742082094,19.930203546185197
F545,23.0,1.2769565217391303,1.9545667615347506,0.0,0.0,0.0,2.12,6.69,1.5463097582920324,1.687146093147195
F546,2092.0,0.9439435946462715,1.515288635428293,0.0,0.0,0.0,1.33,19.5,3.1394853023880818,20.076254215086113
F547,2096.0,0.9475954198473283,1.55063692832724,0.0,0.0,0.0,1.3025,19.5,2.9760447910144867,17.91690529776434
F548,23.0,1.3165217391304347,2.0192631615059535,0.0,0.0,0.0,2.465,6.69,1.4192000914212837,1.0475401093957926
F549,2092.0,0.9444455066921607,1.5487963047739295,0.0,0.0,0.0,1.2925,19.5,2.990810615327029,18.06578369033273
F550,1885.0,1.0777294429708222,1.2890266662458727,0.0,0.0,1.0,1.57,9.17,1.6321612485780934,3.4110467613794535
F551,82.0,1.3604878048780489,1.722422140682603,0.0,0.0,0.99,1.7675,7.35,1.6220166371150455,2.3271734964902637
F552,1817.0,1.0664061640066043,1.2746267122749324,0.0,0.0,1.0,1.56,9.17,1.6279380702451842,3.4410443517885527
F553,1885.0,1.0938355437665783,1.3592177579371927,0.0,0.0,0.89,1.64,9.17,1.5875356203143922,2.9447283674426448
F554,82.0,1.3859756097560976,1.7679819420870566,0.0,0.0,0.915,1.905,7.35,1.4923955781059295,1.781033089479784
F555,1817.0,1.0785910842047333,1.3369424386815527,0.0,0.0,0.89,1.62,9.17,1.5734985549426752,2.922658904385429
F556,3393.0,0.3513115237253168,1.1009481687165392,0.0,0.0,0.0,0.0,19.5,5.5058563816572885,52.31744309530838
F557,111.0,1.0015315315315316,1.5469484320007088,0.0,0.0,0.0,1.8050000000000002,7.12,1.6918395550248648,2.4633141305924764
F558,3347.0,0.3436838960262922,1.125466905509925,0.0,0.0,0.0,0.0,19.5,5.677307266853102,52.87155863047912
F559,3393.0,0.38091954022988506,1.205174492552167,0.0,0.0,0.0,0.0,19.5,4.881688683658899,38.784135662116064
F560,111.0,0.9184684684684685,1.5227291278241173,0.0,0.0,0.0,1.44,7.12,1.8966954459258167,3.1919164518829253
F561,3347.0,0.36843441888258144,1.206296590124406,0.0,0.0,0.0,0.0,19.5,5.037325875320135,40.42284197194381
F562,7011.0,1.1174768221366425,0.9344504640456601,0.0,0.79,1.01,1.3,34.58,8.81135112766086,248.59391498253868
F563,6401.0,1.1027839400093735,1.1163839778351516,0.0,0.65,1.0,1.36,48.42,13.990973694795983,519.3629860554013
F564,3624.0,1.1890259381898456,1.0171717568763767,0.0,0.81,1.02,1.33,17.67,4.080921475742924,37.70454560831955
F565,7011.0,1.313551561831408,1.20314649098121,0.0,0.72,1.1,1.68,41.89,7.216740450198486,192.37787288020775
F566,6401.0,1.2802343383846275,1.2926286715746875,0.0,0.5,1.07,1.71,46.54,8.244425282009438,241.11404294995805
F567,3624.0,1.3044701986754965,1.2034089704217295,0.0,0.77,1.06,1.57,23.08,4.403827657529878,48.582465521476365
F568,6925.0,0.9942758122743682,0.48908096136574797,0.0,0.94,1.0,1.04,15.2,9.679503953531583,208.48420700863608
F569,6560.0,0.9516509146341463,0.7072406240374216,0.0,0.65,0.97,1.16,15.2,3.875622043062816,47.061507947123715
F570,5813.0,1.0175021503526578,0.44470961689910254,0.0,0.91,1.0,1.1,17.15,14.70769477180602,456.70403301121013
F571,6925.0,1.3258036101083033,0.7833497533441733,0.0,0.95,1.18,1.59,11.06,2.2046475806584658,12.17070067861506
F572,6560.0,1.113140243902439,0.9967300639570036,0.0,0.44,1.01,1.48,21.19,3.4778034400419826,41.725914943615976
F573,5813.0,1.4179012558059523,0.7959206250089671,0.0,0.99,1.27,1.71,8.96,1.9943366529858713,9.268470860105344
F574,5697.0,1.0995997893628227,1.125851151763377,0.0,0.44,1.0,1.4,34.58,6.514336921608176,146.79559150449674
F575,5285.0,1.097771050141911,1.2654954135606833,0.0,0.15,0.98,1.42,48.42,11.584479160326698,379.14323981018396
F576,1565.0,1.1175079872204474,1.1939410875032699,0.0,0.0,1.0,1.57,10.23,1.5844627004628842,4.046521118717539
F577,5697.0,1.2506424433912586,1.370128580082203,0.0,0.11,1.0,1.79,41.89,6.071186632079626,141.2089154918287
F578,5285.0,1.231228003784295,1.4304487664372543,0.0,0.0,1.0,1.79,46.54,7.339639412028581,194.13390072940607
F579,1565.0,1.2350862619808307,1.4550345865047185,0.0,0.0,1.0,1.88,23.08,3.3008333598915764,33.92562100429291
F580,1720.0,1.2125232558139534,1.362862420978891,0.0,0.3675,1.0,1.51,17.67,3.8243051419822733,28.871198516366068
F581,886.0,1.1621557562076748,1.405103925828712,0.0,0.0,0.95,1.6575,16.71,2.8642280299790497,19.180432561365183
F582,1320.0,1.1948030303030301,1.3357463488276047,0.0,0.46749999999999997,1.01,1.5,17.67,4.533762739793553,38.81163541936357
F583,1720.0,1.338744186046512,1.5888311617060815,0.0,0.14,1.04,1.8,17.67,3.74935150667867,25.228533452390124
F584,886.0,1.2273927765237018,1.5389141660677614,0.0,0.0,0.95,1.8575000000000002,16.71,2.770263142016703,17.02309103804816
F585,1320.0,1.3346212121212122,1.5541314282549141,0.0,0.32,1.05,1.75,17.67,4.047779617665101,29.359474869411667
F586,479.0,1.136179540709812,1.4758408060670054,0.0,0.0,0.67,1.835,12.43,1.8871863266504794,7.028540301611855
F587,6.0,2.2183333333333333,2.433305707605739,0.0,0.0,2.11,4.415,4.61,0.010827147794262118,-3.303160022879968
F588,479.0,1.1358037578288098,1.4758780561829121,0.0,0.0,0.67,1.835,12.43,1.8877991252258521,7.029467128358858
F589,479.0,1.1679331941544886,1.5393982508133301,0.0,0.0,0.37,2.12,12.43,1.7170742490241342,5.563886345128363
F590,6.0,2.2183333333333333,2.433305707605739,0.0,0.0,2.11,4.415,4.61,0.010827147794262118,-3.303160022879968
F591,479.0,1.1670772442588726,1.5394150033692175,0.0,0.0,0.37,2.12,12.43,1.7186853175567929,5.5673659130316935
F592,311.0,0.6112540192926045,1.4079898860208546,0.0,0.0,0.0,0.59,14.83,4.449666275076945,34.085177986745215
F593,311.0,0.6112540192926045,1.4079898860208546,0.0,0.0,0.0,0.59,14.83,4.449666275076945,34.085177986745215
F594,0.0,,,,,,,,,
F595,311.0,0.6078778135048231,1.4142765155519115,0.0,0.0,0.0,0.03,14.83,4.413155366907297,33.503646337740385
F596,311.0,0.6078778135048231,1.4142765155519115,0.0,0.0,0.0,0.03,14.83,4.413155366907297,33.503646337740385
F597,0.0,,,,,,,,,
F598,1997.0,1.0492338507761643,1.3948864399141447,0.0,0.0,0.68,1.51,11.0,1.75243865812236,3.9028742123661324
F599,450.0,1.319,1.4432150217861273,0.0,0.0,1.0,2.1125,8.88,1.2114704750778467,1.6719156540918938
F600,1711.0,0.984541203974284,1.3808780609480595,0.0,0.0,0.22,1.38,11.0,1.8415860792522232,4.254439744847025
F601,1997.0,1.0814121181772658,1.4913308634914568,0.0,0.0,0.43,1.68,15.37,2.0017331954337996,7.01287236372095
F602,450.0,1.3688888888888888,1.5084430862381577,0.0,0.0,1.0,2.3575,8.88,1.1199902375214077,1.1751015582688593
F603,1711.0,1.0081940385739334,1.484437538858223,0.0,0.0,0.02,1.4449999999999998,15.37,2.1844262476594256,8.246447275361728
F604,2398.0,0.78720600500417,1.2538494220055425,0.0,0.0,0.0,1.23,8.91,1.9271568885484025,3.769843534155514
F605,735.0,0.7629251700680272,1.3173626793703233,0.0,0.0,0.0,1.105,8.91,2.373952424073286,6.3427358389663056
F606,1919.0,0.796039603960396,1.2974935131146546,0.0,0.0,0.0,1.28,11.5,1.945370020416782,4.573617340996188
F607,2398.0,0.8097122602168474,1.3466109597631897,0.0,0.0,0.0,1.26,8.91,1.7870982037325354,2.738349760293475
F608,735.0,0.7406802721088435,1.376711251143263,0.0,0.0,0.0,0.9199999999999999,8.91,2.306719044700689,5.5388092354984515
F609,1919.0,0.8264669098488796,1.374318647309432,0.0,0.0,0.0,1.31,11.5,1.8087013961885272,3.460153644994405
F610,9066.0,0.011030222810500772,0.10444979830582708,0.0,0.0,0.0,0.0,1.0,9.364837038189432,85.71908271526232
F611,9066.0,0.0018751378777851313,0.04326462992498373,0.0,0.0,0.0,0.0,1.0,23.031967489271963,528.5881352791889
F612,9066.0,0.0050739024928303554,0.0710543094458396,0.0,0.0,0.0,0.0,1.0,13.933998046343957,192.1987013978835
F613,9066.0,492.37083609088904,7336.1730314973765,0.0,0.0,0.0,0.0,253000.0,21.124652771873002,542.7441620676829
F614,9066.0,184.74112067063754,5010.958963101304,0.0,0.0,0.0,0.0,250000.0,33.628412688114004,1293.2902009626819
F615,9066.0,260.2746525479815,4516.612901640673,0.0,0.0,0.0,0.0,180000.0,24.399123923370098,743.0875668701742
F616,9066.0,0.0,0.0,0.0,0.0,0.0,0.0,0.0,0.0,0.0
F617,9066.0,0.0,0.0,0.0,0.0,0.0,0.0,0.0,0.0,0.0
F618,9066.0,0.0,0.0,0.0,0.0,0.0,0.0,0.0,0.0,0.0
F619,9066.0,0.0,0.0,0.0,0.0,0.0,0.0,0.0,0.0,0.0
F620,9066.0,0.0,0.0,0.0,0.0,0.0,0.0,0.0,0.0,0.0
F621,9066.0,0.0,0.0,0.0,0.0,0.0,0.0,0.0,0.0,0.0
F622,9066.0,0.7262298698433708,0.4459170087627779,0.0,0.0,1.0,1.0,1.0,-1.0148964212009681,-0.9701993332066894
F623,9066.0,0.013787778513125966,0.116615503669875,0.0,0.0,0.0,0.0,1.0,8.340563483114488,67.57990759632
F624,9066.0,0.03419369071255239,0.18173641710955415,0.0,0.0,0.0,0.0,1.0,5.127305779647149,24.294624011780726
F625,9066.0,107929.73638980808,4464068.7533756625,0.0,0.0,2.0,57.82,411684475.0,87.12936736527362,7981.344568926543
F626,9066.0,9520.94550739025,131244.34350312297,0.0,0.0,0.0,0.0,5500000.0,23.624539158961795,728.5897095079024
F627,9066.0,12897.24843812045,505475.2360574791,0.0,0.0,0.0,0.0,45446587.0,81.64118188898871,7227.2919806130785
F628,9066.0,0.5582395764394441,0.49662395850932195,0.0,0.0,1.0,1.0,1.0,-0.23459370490025444,-1.9453950051105289
F629,9066.0,0.011361129494815795,0.10598723172484752,0.0,0.0,0.0,0.0,1.0,9.222746594077135,83.07738193099996
F630,9066.0,0.027244650341936908,0.16280449306962017,0.0,0.0,0.0,0.0,1.0,5.8089264699227705,31.7506310151576
F631,9066.0,26439.297756452677,414799.4865330145,0.0,0.0,1.0,20.0,30000000.0,47.56409923085592,3111.6739659967548
F632,9066.0,7955.860495257004,122196.47657159893,0.0,0.0,0.0,0.0,5500000.0,27.001031718723336,933.7172661677067
F633,9066.0,5001.523587028458,133116.57434829688,0.0,0.0,0.0,0.0,9700000.0,52.91840709425948,3411.924470630564
F634,9066.0,0.5582395764394441,0.49662395850932195,0.0,0.0,1.0,1.0,1.0,-0.23459370490025444,-1.9453950051105289
F635,9066.0,0.011361129494815795,0.10598723172484752,0.0,0.0,0.0,0.0,1.0,9.222746594077135,83.07738193099996
F636,9066.0,0.027244650341936908,0.16280449306962017,0.0,0.0,0.0,0.0,1.0,5.8089264699227705,31.7506310151576
F637,9066.0,26439.297756452677,414799.4865330145,0.0,0.0,1.0,20.0,30000000.0,47.56409923085592,3111.6739659967548
F638,9066.0,7955.860495257004,122196.47657159893,0.0,0.0,0.0,0.0,5500000.0,27.001031718723336,933.7172661677067
F639,9066.0,5001.523587028458,133116.57434829688,0.0,0.0,0.0,0.0,9700000.0,52.91840709425948,3411.924470630564
F640,9066.0,0.0,0.0,0.0,0.0,0.0,0.0,0.0,0.0,0.0
F641,9066.0,0.0,0.0,0.0,0.0,0.0,0.0,0.0,0.0,0.0
F642,9066.0,0.0,0.0,0.0,0.0,0.0,0.0,0.0,0.0,0.0
F643,9066.0,0.0,0.0,0.0,0.0,0.0,0.0,0.0,0.0,0.0
F644,9066.0,0.0,0.0,0.0,0.0,0.0,0.0,0.0,0.0,0.0
F645,9066.0,0.0,0.0,0.0,0.0,0.0,0.0,0.0,0.0,0.0
F646,9066.0,0.0,0.0,0.0,0.0,0.0,0.0,0.0,0.0,0.0
F647,9066.0,0.0,0.0,0.0,0.0,0.0,0.0,0.0,0.0,0.0
F648,9066.0,0.0,0.0,0.0,0.0,0.0,0.0,0.0,0.0,0.0
F649,9066.0,0.0,0.0,0.0,0.0,0.0,0.0,0.0,0.0,0.0
F650,9066.0,0.0,0.0,0.0,0.0,0.0,0.0,0.0,0.0,0.0
F651,9066.0,0.0,0.0,0.0,0.0,0.0,0.0,0.0,0.0,0.0
F652,9066.0,0.0,0.0,0.0,0.0,0.0,0.0,0.0,0.0,0.0
F653,9066.0,0.0,0.0,0.0,0.0,0.0,0.0,0.0,0.0,0.0
F654,9066.0,0.0,0.0,0.0,0.0,0.0,0.0,0.0,0.0,0.0
F655,9066.0,0.0,0.0,0.0,0.0,0.0,0.0,0.0,0.0,0.0
F656,9066.0,0.0,0.0,0.0,0.0,0.0,0.0,0.0,0.0,0.0
F657,9066.0,0.0,0.0,0.0,0.0,0.0,0.0,0.0,0.0,0.0
F658,9066.0,0.0,0.0,0.0,0.0,0.0,0.0,0.0,0.0,0.0
F659,9066.0,0.0,0.0,0.0,0.0,0.0,0.0,0.0,0.0,0.0
F660,9066.0,0.0,0.0,0.0,0.0,0.0,0.0,0.0,0.0,0.0
F661,9066.0,0.0,0.0,0.0,0.0,0.0,0.0,0.0,0.0,0.0
F662,9066.0,0.0,0.0,0.0,0.0,0.0,0.0,0.0,0.0,0.0
F663,9066.0,0.0,0.0,0.0,0.0,0.0,0.0,0.0,0.0,0.0
F664,9066.0,0.01158173395102581,0.10699934684149008,0.0,0.0,0.0,0.0,1.0,9.131383536264645,81.40012246788274
F665,9066.0,0.00044120891242003087,0.02100149750222452,0.0,0.0,0.0,0.0,1.0,47.58413253599294,2262.7488416441697
F666,9066.0,0.003639973527465255,0.06022561083181712,0.0,0.0,0.0,0.0,1.0,16.486990933276637,269.88040680710867
F667,9066.0,2827.9846382086916,113536.46550687958,0.0,0.0,0.0,0.0,9700000.0,72.68104561083078,5961.232459636125
F668,9066.0,4.6822192808294725,413.88445612238024,0.0,0.0,0.0,0.0,39310.0,94.53575642120789,8975.81525913913
F669,9066.0,2097.3331502316346,109679.07471539262,0.0,0.0,0.0,0.0,9700000.0,79.27900335442699,6818.541170113911
F670,9066.0,0.0915508493271564,0.28840677191212455,0.0,0.0,0.0,0.0,1.0,2.8330768625793703,6.0276541880176
F671,9066.0,0.001544231193470108,0.03926851959727329,0.0,0.0,0.0,0.0,1.0,25.39264325453893,642.9281642251125
F672,9066.0,0.009816898301345687,0.09859816997860937,0.0,0.0,0.0,0.0,1.0,9.945240611307282,96.92919378072929
F673,9066.0,283.1129163909111,4730.055345826144,0.0,0.0,0.0,0.0,100000.0,19.682031724467638,399.0279108996147
F674,9066.0,3.0759982351643504,134.1827966073672,0.0,0.0,0.0,0.0,10000.0,57.80870496162159,3815.318983408597
F675,9066.0,228.60234943745863,4421.512073849749,0.0,0.0,0.0,0.0,100000.0,21.289212822243016,464.0749499284862
F676,9066.0,0.0009927200529450694,0.03149355429989668,0.0,0.0,0.0,0.0,1.0,31.69647875968953,1002.8880072836489
F677,9066.0,0.00022060445621001543,0.014851939952836714,0.0,0.0,0.0,0.0,1.0,67.31641455874376,4530.499117314434
F678,9066.0,0.0005515111405250386,0.023479092445227907,0.0,0.0,0.0,0.0,1.0,42.553492635954555,1809.1988528083796
F679,9066.0,1743.067174056916,108953.7546699738,0.0,0.0,0.0,0.0,9700000.0,80.82316411153897,7002.792710114827
F680,9066.0,4.64162806088683,413.8740088030007,0.0,0.0,0.0,0.0,39310.0,94.54318015965434,8976.758981316154
F681,9066.0,1673.1193470108096,108780.26224390992,0.0,0.0,0.0,0.0,9700000.0,81.1953515244524,7047.71087215694
F682,9066.0,0.001985440105890139,0.04451647696354562,0.0,0.0,0.0,0.0,1.0,22.37932928857238,498.9444487291507
F683,9066.0,0.00011030222810500772,0.01050248675814484,0.0,0.0,0.0,0.0,1.0,95.21554494934114,9066.000000000002
F684,9066.0,0.0012133245091550848,0.03481358984004583,0.0,0.0,0.0,0.0,1.0,28.661033615082708,819.6356631203821
F685,9066.0,451.8675270240459,16533.971418852012,0.0,0.0,0.0,0.0,1200000.0,52.89843058786392,3355.561545248276
F686,9066.0,33.090668431502316,3150.7460274434525,0.0,0.0,0.0,0.0,300000.0,95.21554494934108,9065.999999999996
F687,9066.0,332.76086476946836,15769.44626830621,0.0,0.0,0.0,0.0,1200000.0,59.55235340632069,4035.161647322368
F688,9066.0,0.0,0.0,0.0,0.0,0.0,0.0,0.0,0.0,0.0
F689,9066.0,0.0,0.0,0.0,0.0,0.0,0.0,0.0,0.0,0.0
F690,9066.0,0.0,0.0,0.0,0.0,0.0,0.0,0.0,0.0,0.0
F691,9066.0,0.0,0.0,0.0,0.0,0.0,0.0,0.0,0.0,0.0
F692,9066.0,0.0,0.0,0.0,0.0,0.0,0.0,0.0,0.0,0.0
F693,9066.0,0.0,0.0,0.0,0.0,0.0,0.0,0.0,0.0,0.0
F694,9066.0,0.0,0.0,0.0,0.0,0.0,0.0,0.0,0.0,0.0
F695,9066.0,0.0,0.0,0.0,0.0,0.0,0.0,0.0,0.0,0.0
F696,9066.0,0.0,0.0,0.0,0.0,0.0,0.0,0.0,0.0,0.0
F697,9066.0,0.0,0.0,0.0,0.0,0.0,0.0,0.0,0.0,0.0
F698,9066.0,0.0,0.0,0.0,0.0,0.0,0.0,0.0,0.0,0.0
F699,9066.0,0.0,0.0,0.0,0.0,0.0,0.0,0.0,0.0,0.0
F700,9066.0,0.0,0.0,0.0,0.0,0.0,0.0,0.0,0.0,0.0
F701,9066.0,0.0,0.0,0.0,0.0,0.0,0.0,0.0,0.0,0.0
F702,9066.0,0.0,0.0,0.0,0.0,0.0,0.0,0.0,0.0,0.0
F703,9066.0,0.0,0.0,0.0,0.0,0.0,0.0,0.0,0.0,0.0
F704,9066.0,0.0,0.0,0.0,0.0,0.0,0.0,0.0,0.0,0.0
F705,9066.0,0.0,0.0,0.0,0.0,0.0,0.0,0.0,0.0,0.0
F706,9066.0,0.004081182439885285,0.06375715462245385,0.0,0.0,0.0,0.0,1.0,15.55992410697604,240.16421946450774
F707,9066.0,0.00044120891242003087,0.02100149750222452,0.0,0.0,0.0,0.0,1.0,47.584132535992936,2262.7488416441693
F708,9066.0,0.0034193690712552393,0.058378531175753284,0.0,0.0,0.0,0.0,1.0,17.016193898594558,287.6143037445148
F709,9066.0,1798.276417383631,39666.89770891131,0.0,0.0,0.0,0.0,2000000.0,31.532114814599257,1189.0065504124768
F710,9066.0,343.1694242223693,22749.00093206611,0.0,0.0,0.0,0.0,2000000.0,79.81865724149321,6756.352329829149
F711,9066.0,1295.1687624090007,28998.145761881657,0.0,0.0,0.0,0.0,1300000.0,29.94804350133816,1023.5610690123394
F712,9066.0,0.00033090668431502316,0.01818883384862754,0.0,0.0,0.0,0.0,1.0,54.95452331095288,3018.665563376686
F713,9066.0,0.00022060445621001543,0.014851939952836712,0.0,0.0,0.0,0.0,1.0,67.31641455874379,4530.499117314437
F714,9066.0,0.00011030222810500772,0.01050248675814484,0.0,0.0,0.0,0.0,1.0,95.21554494934111,9066.0
F715,9066.0,1.66861350099272,157.54262586809102,0.0,0.0,0.0,0.0,15000.0,95.20567600216266,9064.740026734415
F716,9066.0,0.014080079417604236,1.3131027569418088,0.0,0.0,0.0,0.0,125.0,95.15228264835669,9057.855303309401
F717,9066.0,1.6545334215751157,157.53730137217264,0.0,0.0,0.0,0.0,15000.0,95.21554494934108,9065.999999999996
F718,9072.0,0.007495590828924162,0.08625675091203151,0.0,0.0,0.0,0.0,1.0,11.422016357310076,128.49078451126908
F719,9072.0,0.000992063492063492,0.03148314723926839,0.0,0.0,0.0,0.0,1.0,31.70699342990252,1003.5546745328502
F720,9072.0,0.001984126984126984,0.04450178112432488,0.0,0.0,0.0,0.0,1.0,22.38677538291237,499.2777820568117
F721,9072.0,264.65972222222223,5500.086880870025,0.0,0.0,0.0,0.0,253000.0,28.124300722415793,952.207816340614
F722,9072.0,109.22211199294533,3744.024167697032,0.0,0.0,0.0,0.0,200000.0,38.84402096259922,1654.2105959631442
F723,9072.0,112.10317460317461,2927.65432692216,0.0,0.0,0.0,0.0,150000.0,33.51911863565085,1341.1877573702054
F724,9072.0,0.0,0.0,0.0,0.0,0.0,0.0,0.0,0.0,0.0
F725,9072.0,0.0,0.0,0.0,0.0,0.0,0.0,0.0,0.0,0.0
F726,9072.0,0.0,0.0,0.0,0.0,0.0,0.0,0.0,0.0,0.0
F727,9072.0,0.0,0.0,0.0,0.0,0.0,0.0,0.0,0.0,0.0
F728,9072.0,0.0,0.0,0.0,0.0,0.0,0.0,0.0,0.0,0.0
F729,9072.0,0.0,0.0,0.0,0.0,0.0,0.0,0.0,0.0,0.0
F730,9072.0,0.6677689594356261,0.4710393122713874,0.0,0.0,1.0,1.0,1.0,-0.7124923517925583,-1.4926837721581185
F731,9072.0,0.010802469135802469,0.10337772396199954,0.0,0.0,0.0,0.0,1.0,9.466360520868923,87.6313005327103
F732,9072.0,0.015873015873015872,0.12499114099983533,0.0,0.0,0.0,0.0,1.0,7.748288938287394,58.04877877270808
F733,9072.0,86275.41172949737,4417893.880551246,0.0,0.0,1.0,15.0,411684475.0,89.67313897857477,8315.026555720155
F734,9072.0,8869.51924823633,128823.86715902739,0.0,0.0,0.0,0.0,5500000.0,24.530864852846644,778.6509456092514
F735,9072.0,2948.3701829805996,57781.7776688952,0.0,0.0,0.0,0.0,3000000.0,36.56011011790389,1690.5999351154294
F736,9072.0,0.4269179894179894,0.49465744843191967,0.0,0.0,0.0,1.0,1.0,0.2955504902263509,-1.9130717093668943
F737,9072.0,0.009259259259259259,0.09578380176090916,0.0,0.0,0.0,0.0,1.0,10.249101488291148,103.06680322762024
F738,9072.0,0.010141093474426807,0.10019659838926083,0.0,0.0,0.0,0.0,1.0,9.780110937928658,93.67122053189675
F739,9072.0,13432.728250661376,186154.9397270614,0.0,0.0,0.0,1.0,10000000.0,29.477379381732977,1192.4771748487499
F740,9072.0,7728.398009259258,121787.77896248524,0.0,0.0,0.0,0.0,5500000.0,27.239786549831955,945.8505508533299
F741,9072.0,1163.6164969135802,37306.72059046291,0.0,0.0,0.0,0.0,3000000.0,63.00114332792095,4747.2202195123145
F742,9072.0,0.4269179894179894,0.49465744843191967,0.0,0.0,0.0,1.0,1.0,0.2955504902263509,-1.9130717093668943
F743,9072.0,0.009259259259259259,0.09578380176090916,0.0,0.0,0.0,0.0,1.0,10.249101488291148,103.06680322762024
F744,9072.0,0.010141093474426807,0.10019659838926083,0.0,0.0,0.0,0.0,1.0,9.780110937928658,93.67122053189675
F745,9072.0,13432.728250661376,186154.9397270614,0.0,0.0,0.0,1.0,10000000.0,29.477379381732977,1192.4771748487499
F746,9072.0,7728.398009259258,121787.77896248524,0.0,0.0,0.0,0.0,5500000.0,27.239786549831955,945.8505508533299
F747,9072.0,1163.6164969135802,37306.72059046291,0.0,0.0,0.0,0.0,3000000.0,63.00114332792095,4747.2202195123145
F748,9072.0,0.0,0.0,0.0,0.0,0.0,0.0,0.0,0.0,0.0
F749,9072.0,0.0,0.0,0.0,0.0,0.0,0.0,0.0,0.0,0.0
F750,9072.0,0.0,0.0,0.0,0.0,0.0,0.0,0.0,0.0,0.0
F751,9072.0,0.0,0.0,0.0,0.0,0.0,0.0,0.0,0.0,0.0
F752,9072.0,0.0,0.0,0.0,0.0,0.0,0.0,0.0,0.0,0.0
F753,9072.0,0.0,0.0,0.0,0.0,0.0,0.0,0.0,0.0,0.0
F754,9072.0,0.0,0.0,0.0,0.0,0.0,0.0,0.0,0.0,0.0
F755,9072.0,0.0,0.0,0.0,0.0,0.0,0.0,0.0,0.0,0.0
F756,9072.0,0.0,0.0,0.0,0.0,0.0,0.0,0.0,0.0,0.0
F757,9072.0,0.0,0.0,0.0,0.0,0.0,0.0,0.0,0.0,0.0
F758,9072.0,0.0,0.0,0.0,0.0,0.0,0.0,0.0,0.0,0.0
F759,9072.0,0.0,0.0,0.0,0.0,0.0,0.0,0.0,0.0,0.0
F760,9072.0,0.0,0.0,0.0,0.0,0.0,0.0,0.0,0.0,0.0
F761,9072.0,0.0,0.0,0.0,0.0,0.0,0.0,0.0,0.0,0.0
F762,9072.0,0.0,0.0,0.0,0.0,0.0,0.0,0.0,0.0,0.0
F763,9072.0,0.0,0.0,0.0,0.0,0.0,0.0,0.0,0.0,0.0
F764,9072.0,0.0,0.0,0.0,0.0,0.0,0.0,0.0,0.0,0.0
F765,9072.0,0.0,0.0,0.0,0.0,0.0,0.0,0.0,0.0,0.0
F766,9072.0,0.0,0.0,0.0,0.0,0.0,0.0,0.0,0.0,0.0
F767,9072.0,0.0,0.0,0.0,0.0,0.0,0.0,0.0,0.0,0.0
F768,9072.0,0.0,0.0,0.0,0.0,0.0,0.0,0.0,0.0,0.0
F769,9072.0,0.0,0.0,0.0,0.0,0.0,0.0,0.0,0.0,0.0
F770,9072.0,0.0,0.0,0.0,0.0,0.0,0.0,0.0,0.0,0.0
F771,9072.0,0.0,0.0,0.0,0.0,0.0,0.0,0.0,0.0,0.0
F772,9072.0,0.0058421516754850085,0.07621457356576937,0.0,0.0,0.0,0.0,1.0,12.970401605538521,166.26797295810002
F773,9072.0,0.0002204585537918871,0.014847028326434268,0.0,0.0,0.0,0.0,1.0,67.33869370030553,4533.499117898401
F774,9072.0,0.0016534391534391533,0.04063111207578341,0.0,0.0,0.0,0.0,1.0,24.53570302997959,600.1330275893027
F775,9072.0,585.6689528218695,32774.96445176965,0.0,0.0,0.0,0.0,3000000.0,85.52943805930028,7749.158929249376
F776,9072.0,4.362654320987654,412.7254876720149,0.0,0.0,0.0,0.0,39310.0,95.24043570581456,9071.156468916002
F777,9072.0,509.08332120811286,32653.13278032569,0.0,0.0,0.0,0.0,3000000.0,86.46390679296265,7866.139303740191
F778,9072.0,0.05423280423280423,0.2264889878954552,0.0,0.0,0.0,0.0,1.0,3.937193545447358,13.50447014173453
F779,9072.0,0.000992063492063492,0.03148314723926839,0.0,0.0,0.0,0.0,1.0,31.70699342990251,1003.5546745328501
F780,9072.0,0.0026455026455026454,0.05136920121728271,0.0,0.0,0.0,0.0,1.0,19.368187777779934,373.20897485959614
F781,9072.0,107.10975749559083,2959.171264759808,0.0,0.0,0.0,0.0,100000.0,31.454567207030454,1019.0799611548648
F782,9072.0,0.5834435626102292,35.05262408138614,0.0,0.0,0.0,0.0,2350.0,66.45287672406128,4449.941330419407
F783,9072.0,59.27997134038801,2222.2784823772145,0.0,0.0,0.0,0.0,100000.0,41.348401060672785,1775.91453951306
F784,9072.0,0.0004409171075837742,0.020994553712525094,0.0,0.0,0.0,0.0,1.0,47.59989148539786,2264.2488424103985
F785,9072.0,0.00011022927689594356,0.0104990131391452,0.0,0.0,0.0,0.0,1.0,95.24704719832525,9072.0
F786,9072.0,0.0002204585537918871,0.014847028326434267,0.0,0.0,0.0,0.0,1.0,67.33869370030556,4533.499117898402
F787,9072.0,337.2778880070547,31500.092032039323,0.0,0.0,0.0,0.0,3000000.0,95.21895036657078,9068.403291587569
F788,9072.0,4.333112874779541,412.7162064997978,0.0,0.0,0.0,0.0,39310.0,95.24704719832526,9072.000000000007
F789,9072.0,332.2393077601411,31497.369777189175,0.0,0.0,0.0,0.0,3000000.0,95.24391159491695,9071.600503726211
F790,9072.0,0.0008818342151675485,0.02968423339958561,0.0,0.0,0.0,0.0,1.0,33.63591831374558,1129.624036047726
F791,9072.0,0.0,0.0,0.0,0.0,0.0,0.0,0.0,0.0,0.0
F792,9072.0,0.0006613756613756613,0.025710136257641233,0.0,0.0,0.0,0.0,1.0,38.8522820010612,1507.8322311624981
F793,9072.0,258.5758377425044,14143.893860051377,0.0,0.0,0.0,0.0,1200000.0,73.18728415108862,5895.863588348559
F794,9072.0,0.0,0.0,0.0,0.0,0.0,0.0,0.0,0.0,0.0
F795,9072.0,220.65696649029982,13908.214440993643,0.0,0.0,0.0,0.0,1200000.0,76.54375332652488,6301.174032006829
F796,9072.0,0.0,0.0,0.0,0.0,0.0,0.0,0.0,0.0,0.0
F797,9072.0,0.0,0.0,0.0,0.0,0.0,0.0,0.0,0.0,0.0
F798,9072.0,0.0,0.0,0.0,0.0,0.0,0.0,0.0,0.0,0.0
F799,9072.0,0.0,0.0,0.0,0.0,0.0,0.0,0.0,0.0,0.0
F800,9072.0,0.0,0.0,0.0,0.0,0.0,0.0,0.0,0.0,0.0
F801,9072.0,0.0,0.0,0.0,0.0,0.0,0.0,0.0,0.0,0.0
F802,9072.0,0.0,0.0,0.0,0.0,0.0,0.0,0.0,0.0,0.0
F803,9072.0,0.0,0.0,0.0,0.0,0.0,0.0,0.0,0.0,0.0
F804,9072.0,0.0,0.0,0.0,0.0,0.0,0.0,0.0,0.0,0.0
F805,9072.0,0.0,0.0,0.0,0.0,0.0,0.0,0.0,0.0,0.0
F806,9072.0,0.0,0.0,0.0,0.0,0.0,0.0,0.0,0.0,0.0
F807,9072.0,0.0,0.0,0.0,0.0,0.0,0.0,0.0,0.0,0.0
F808,9072.0,0.00011022927689594356,0.0104990131391452,0.0,0.0,0.0,0.0,1.0,95.24704719832526,9072.000000000002
F809,9072.0,0.00011022927689594356,0.0104990131391452,0.0,0.0,0.0,0.0,1.0,95.24704719832526,9072.000000000002
F810,9072.0,0.0,0.0,0.0,0.0,0.0,0.0,0.0,0.0,0.0
F811,9072.0,0.0021759259259259258,0.20725051936672625,0.0,0.0,0.0,0.0,19.74,95.24704719832529,9072.000000000004
F812,9072.0,0.0021759259259259258,0.20725051936672625,0.0,0.0,0.0,0.0,19.74,95.24704719832529,9072.000000000004
F813,9072.0,0.0,0.0,0.0,0.0,0.0,0.0,0.0,0.0,0.0
F814,9072.0,0.003747795414462081,0.06110778230198375,0.0,0.0,0.0,0.0,1.0,16.245447406358213,261.9723154233387
F815,9072.0,0.0002204585537918871,0.014847028326434268,0.0,0.0,0.0,0.0,1.0,67.33869370030553,4533.499117898401
F816,9072.0,0.0033068783068783067,0.05741346716748608,0.0,0.0,0.0,0.0,1.0,17.30613636820536,297.56795734943955
F817,9072.0,1553.3509700176367,33612.64916511477,0.0,0.0,0.0,0.0,1400000.0,28.63890629846226,930.4712019742421
F818,9072.0,110.22927689594356,8657.483450904792,0.0,0.0,0.0,0.0,800000.0,88.32448122911424,8067.051380920339
F819,9072.0,1283.289241622575,28970.0424730746,0.0,0.0,0.0,0.0,1300000.0,30.012282153015196,1026.9025382469092
F820,9072.0,0.0,0.0,0.0,0.0,0.0,0.0,0.0,0.0,0.0
F821,9072.0,0.0,0.0,0.0,0.0,0.0,0.0,0.0,0.0,0.0
F822,9072.0,0.0,0.0,0.0,0.0,0.0,0.0,0.0,0.0,0.0
F823,9072.0,0.0,0.0,0.0,0.0,0.0,0.0,0.0,0.0,0.0
F824,9072.0,0.0,0.0,0.0,0.0,0.0,0.0,0.0,0.0,0.0
F825,9072.0,0.0,0.0,0.0,0.0,0.0,0.0,0.0,0.0,0.0
F826,9080.0,0.004295154185022026,0.0654001291303963,0.0,0.0,0.0,0.0,1.0,15.162479418684228,227.95099154422238
F827,9080.0,0.0003303964757709251,0.018174809303018537,0.0,0.0,0.0,0.0,1.0,54.99696627603745,3023.332231744871
F828,9080.0,0.0003303964757709251,0.018174809303018537,0.0,0.0,0.0,0.0,1.0,54.99696627603744,3023.33223174487
F829,9080.0,114.16629955947137,4350.311871729101,0.0,0.0,0.0,0.0,253000.0,44.1628494520439,2120.163489214765
F830,9080.0,49.559471365638764,2825.4211265079716,0.0,0.0,0.0,0.0,200000.0,60.3913752650509,3808.4294765734207
F831,9080.0,32.48898678414097,1949.7886879978385,0.0,0.0,0.0,0.0,150000.0,66.32825970162669,4647.1299109522415
F832,9080.0,0.00011013215859030837,0.010494387004027836,0.0,0.0,0.0,0.0,1.0,95.28903399657274,9080.000000000002
F833,9080.0,0.0,0.0,0.0,0.0,0.0,0.0,0.0,0.0,0.0
F834,9080.0,0.0,0.0,0.0,0.0,0.0,0.0,0.0,0.0,0.0
F835,9080.0,16.519823788546255,1574.1580506041757,0.0,0.0,0.0,0.0,150000.0,95.28903399657275,9079.999999999996
F836,9080.0,0.0,0.0,0.0,0.0,0.0,0.0,0.0,0.0,0.0
F837,9080.0,0.0,0.0,0.0,0.0,0.0,0.0,0.0,0.0,0.0
F838,9080.0,0.583590308370044,0.49299029077994766,0.0,0.0,1.0,1.0,1.0,-0.3391901461440813,-1.8853653720068473
F839,9080.0,0.009251101321585903,0.09574198648156601,0.0,0.0,0.0,0.0,1.0,10.253746240341433,103.16203482850614
F840,9080.0,0.007709251101321586,0.08746805778456233,0.0,0.0,0.0,0.0,1.0,11.258949137445386,124.79142272924481
F841,9080.0,23369.589931718063,418625.4020060332,0.0,0.0,1.0,2.0,28296032.44,54.38989505179617,3389.9541069065954
F842,9080.0,8445.495982378854,126138.8232179606,0.0,0.0,0.0,0.0,5500000.0,25.446301117800623,835.355553507634
F843,9080.0,2071.971381057269,45287.215735491765,0.0,0.0,0.0,0.0,3000000.0,41.32191006969386,2309.964937781504
F844,9080.0,0.22004405286343612,0.4142988910676292,0.0,0.0,0.0,0.0,1.0,1.3517662299599529,-0.1727661622832608
F845,9080.0,0.008259911894273128,0.09051291630024275,0.0,0.0,0.0,0.0,1.0,10.86802734610032,116.13959975732139
F846,9080.0,0.0030837004405286344,0.05544844305054279,0.0,0.0,0.0,0.0,1.0,17.927492613263215,319.4653581707729
F847,9080.0,9970.056057268723,138891.4489980381,0.0,0.0,0.0,0.0,5500000.0,24.66807875123293,762.2933388253623
F848,9080.0,7664.781568281938,121595.45676902666,0.0,0.0,0.0,0.0,5500000.0,27.336150818029168,951.0348516440365
F849,9080.0,346.8797444933921,11525.25231969862,0.0,0.0,0.0,0.0,600000.0,41.34510703679556,1833.6597689666944
F850,9080.0,0.22004405286343612,0.4142988910676292,0.0,0.0,0.0,0.0,1.0,1.3517662299599529,-0.1727661622832608
F851,9080.0,0.008259911894273128,0.09051291630024275,0.0,0.0,0.0,0.0,1.0,10.86802734610032,116.13959975732139
F852,9080.0,0.0030837004405286344,0.05544844305054279,0.0,0.0,0.0,0.0,1.0,17.927492613263215,319.4653581707729
F853,9080.0,9970.056057268723,138891.4489980381,0.0,0.0,0.0,0.0,5500000.0,24.66807875123293,762.2933388253623
F854,9080.0,7664.781568281938,121595.45676902666,0.0,0.0,0.0,0.0,5500000.0,27.336150818029168,951.0348516440365
F855,9080.0,346.8797444933921,11525.25231969862,0.0,0.0,0.0,0.0,600000.0,41.34510703679556,1833.6597689666944
F856,9080.0,0.0,0.0,0.0,0.0,0.0,0.0,0.0,0.0,0.0
F857,9080.0,0.0,0.0,0.0,0.0,0.0,0.0,0.0,0.0,0.0
F858,9080.0,0.0,0.0,0.0,0.0,0.0,0.0,0.0,0.0,0.0
F859,9080.0,0.0,0.0,0.0,0.0,0.0,0.0,0.0,0.0,0.0
F860,9080.0,0.0,0.0,0.0,0.0,0.0,0.0,0.0,0.0,0.0
F861,9080.0,0.0,0.0,0.0,0.0,0.0,0.0,0.0,0.0,0.0
F862,9080.0,0.00011013215859030837,0.010494387004027838,0.0,0.0,0.0,0.0,1.0,95.2890339965727,9079.999999999995
F863,9080.0,0.0,0.0,0.0,0.0,0.0,0.0,0.0,0.0,0.0
F864,9080.0,0.00011013215859030837,0.010494387004027838,0.0,0.0,0.0,0.0,1.0,95.2890339965727,9079.999999999995
F865,9080.0,0.025991189427312777,2.47667533295057,0.0,0.0,0.0,0.0,236.0,95.28903399657277,9079.999999999998
F866,9080.0,0.0,0.0,0.0,0.0,0.0,0.0,0.0,0.0,0.0
F867,9080.0,0.025991189427312777,2.47667533295057,0.0,0.0,0.0,0.0,236.0,95.28903399657277,9079.999999999998
F868,9080.0,0.0,0.0,0.0,0.0,0.0,0.0,0.0,0.0,0.0
F869,9080.0,0.0,0.0,0.0,0.0,0.0,0.0,0.0,0.0,0.0
F870,9080.0,0.0,0.0,0.0,0.0,0.0,0.0,0.0,0.0,0.0
F871,9080.0,0.0,0.0,0.0,0.0,0.0,0.0,0.0,0.0,0.0
F872,9080.0,0.0,0.0,0.0,0.0,0.0,0.0,0.0,0.0,0.0
F873,9080.0,0.0,0.0,0.0,0.0,0.0,0.0,0.0,0.0,0.0
F874,9080.0,0.0,0.0,0.0,0.0,0.0,0.0,0.0,0.0,0.0
F875,9080.0,0.0,0.0,0.0,0.0,0.0,0.0,0.0,0.0,0.0
F876,9080.0,0.0,0.0,0.0,0.0,0.0,0.0,0.0,0.0,0.0
F877,9080.0,0.0,0.0,0.0,0.0,0.0,0.0,0.0,0.0,0.0
F878,9080.0,0.0,0.0,0.0,0.0,0.0,0.0,0.0,0.0,0.0
F879,9080.0,0.0,0.0,0.0,0.0,0.0,0.0,0.0,0.0,0.0
F880,9080.0,0.002312775330396476,0.04803832376871564,0.0,0.0,0.0,0.0,1.0,20.72498923793822,427.6193681545584
F881,9080.0,0.0003303964757709251,0.018174809303018534,0.0,0.0,0.0,0.0,1.0,54.99696627603746,3023.332231744872
F882,9080.0,0.00022026431718061675,0.014840487064918213,0.0,0.0,0.0,0.0,1.0,67.36838776128609,4537.4991186758125
F883,9080.0,21.445525330396475,1054.4121463218223,0.0,0.0,0.0,0.0,65508.0,53.09604525359543,2947.5442600585393
F884,9080.0,10.787224669603525,738.4867847422252,0.0,0.0,0.0,0.0,58370.0,70.97259071914065,5179.4087058263485
F885,9080.0,0.004744493392070484,0.33512899723447553,0.0,0.0,0.0,0.0,28.32,75.85107715216864,6027.899542634358
F886,9080.0,0.020704845814977973,0.1424022067155271,0.0,0.0,0.0,0.0,1.0,6.733052248570218,43.3435395688337
F887,9080.0,0.00011013215859030837,0.01049438700402784,0.0,0.0,0.0,0.0,1.0,95.2890339965727,9079.99999999999
F888,9080.0,0.000881057268722467,0.02967116385882647,0.0,0.0,0.0,0.0,1.0,33.65078009210989,1130.624036896535
F889,9080.0,36.978438325991185,1823.4608562320964,0.0,0.0,0.0,0.0,100000.0,54.47890882281851,2983.487943449219
F890,9080.0,0.022026431718061675,2.0988774008055673,0.0,0.0,0.0,0.0,200.0,95.28903399657281,9080.000000000004
F891,9080.0,33.59592511013216,1817.7435006425198,0.0,0.0,0.0,0.0,100000.0,54.972514509134605,3021.5170019474813
F892,9080.0,0.00022026431718061675,0.01484048706491821,0.0,0.0,0.0,0.0,1.0,67.36838776128612,4537.499118675815
F893,9080.0,0.00022026431718061675,0.01484048706491821,0.0,0.0,0.0,0.0,1.0,67.36838776128612,4537.499118675815
F894,9080.0,0.0,0.0,0.0,0.0,0.0,0.0,0.0,0.0,0.0
F895,9080.0,10.757709251101321,738.4818590955897,0.0,0.0,0.0,0.0,58370.0,70.97412615646674,5179.55832319007
F896,9080.0,10.757709251101321,738.4818590955897,0.0,0.0,0.0,0.0,58370.0,70.97412615646674,5179.55832319007
F897,9080.0,0.0,0.0,0.0,0.0,0.0,0.0,0.0,0.0,0.0
F898,9080.0,0.00011013215859030837,0.01049438700402784,0.0,0.0,0.0,0.0,1.0,95.28903399657266,9079.999999999989
F899,9080.0,0.0,0.0,0.0,0.0,0.0,0.0,0.0,0.0,0.0
F900,9080.0,0.0,0.0,0.0,0.0,0.0,0.0,0.0,0.0,0.0
F901,9080.0,16.519823788546255,1574.158050604176,0.0,0.0,0.0,0.0,150000.0,95.28903399657268,9079.99999999999
F902,9080.0,0.0,0.0,0.0,0.0,0.0,0.0,0.0,0.0,0.0
F903,9080.0,0.0,0.0,0.0,0.0,0.0,0.0,0.0,0.0,0.0
F904,9080.0,0.0,0.0,0.0,0.0,0.0,0.0,0.0,0.0,0.0
F905,9080.0,0.0,0.0,0.0,0.0,0.0,0.0,0.0,0.0,0.0
F906,9080.0,0.0,0.0,0.0,0.0,0.0,0.0,0.0,0.0,0.0
F907,9080.0,0.0,0.0,0.0,0.0,0.0,0.0,0.0,0.0,0.0
F908,9080.0,0.0,0.0,0.0,0.0,0.0,0.0,0.0,0.0,0.0
F909,9080.0,0.0,0.0,0.0,0.0,0.0,0.0,0.0,0.0,0.0
F910,9080.0,0.0,0.0,0.0,0.0,0.0,0.0,0.0,0.0,0.0
F911,9080.0,0.0,0.0,0.0,0.0,0.0,0.0,0.0,0.0,0.0
F912,9080.0,0.0,0.0,0.0,0.0,0.0,0.0,0.0,0.0,0.0
F913,9080.0,0.0,0.0,0.0,0.0,0.0,0.0,0.0,0.0,0.0
F914,9080.0,0.0,0.0,0.0,0.0,0.0,0.0,0.0,0.0,0.0
F915,9080.0,0.0,0.0,0.0,0.0,0.0,0.0,0.0,0.0,0.0
F916,9080.0,0.00011013215859030837,0.010494387004027838,0.0,0.0,0.0,0.0,1.0,95.28903399657273,9079.999999999996
F917,9080.0,0.00011013215859030837,0.010494387004027838,0.0,0.0,0.0,0.0,1.0,95.28903399657273,9079.999999999996
F918,9080.0,0.0,0.0,0.0,0.0,0.0,0.0,0.0,0.0,0.0
F919,9080.0,0.002174008810572687,0.2071591994595095,0.0,0.0,0.0,0.0,19.74,95.28903399657271,9079.999999999996
F920,9080.0,0.002174008810572687,0.2071591994595095,0.0,0.0,0.0,0.0,19.74,95.28903399657271,9079.999999999996
F921,9080.0,0.0,0.0,0.0,0.0,0.0,0.0,0.0,0.0,0.0
F922,9080.0,0.003524229074889868,0.05926378059160841,0.0,0.0,0.0,0.0,1.0,16.75847021425472,278.9077573017497
F923,9080.0,0.0,0.0,0.0,0.0,0.0,0.0,0.0,0.0,0.0
F924,9080.0,0.003303964757709251,0.05738825040967026,0.0,0.0,0.0,0.0,1.0,17.313838990108763,297.8346228683192
F925,9080.0,1441.8502202643172,32469.191675731192,0.0,0.0,0.0,0.0,1400000.0,30.09131171269032,1028.0876694177155
F926,9080.0,0.0,0.0,0.0,0.0,0.0,0.0,0.0,0.0,0.0
F927,9080.0,1282.15859030837,28957.30115525679,0.0,0.0,0.0,0.0,1300000.0,30.025547003561844,1027.8113695247
F928,9080.0,0.0,0.0,0.0,0.0,0.0,0.0,0.0,0.0,0.0
F929,9080.0,0.0,0.0,0.0,0.0,0.0,0.0,0.0,0.0,0.0
F930,9080.0,0.0,0.0,0.0,0.0,0.0,0.0,0.0,0.0,0.0
F931,9080.0,0.0,0.0,0.0,0.0,0.0,0.0,0.0,0.0,0.0
F932,9080.0,0.0,0.0,0.0,0.0,0.0,0.0,0.0,0.0,0.0
F933,9080.0,0.0,0.0,0.0,0.0,0.0,0.0,0.0,0.0,0.0
F934,9066.0,0.23681888374145157,0.4251536637434702,0.0,0.0,0.0,0.0,1.0,1.238324918471375,-0.46665439100522965
F935,9066.0,0.13909110964041474,0.3460606629360067,0.0,0.0,0.0,0.0,1.0,2.0862731000652546,2.353054493703837
F936,9066.0,0.12960511802338406,0.33588699842544467,0.0,0.0,0.0,0.0,1.0,2.2059598168704104,2.8668911139458357
F937,9066.0,67984.21365541584,332947.7711693975,0.0,0.0,0.0,0.0,9800000.0,13.907684539194102,277.9280035096624
F938,9066.0,34246.715861460405,254311.73858321665,0.0,0.0,0.0,0.0,9000000.0,19.27367991926226,500.3434057728811
F939,9066.0,36361.63214206927,223314.05966369028,0.0,0.0,0.0,0.0,9800000.0,18.72822733203815,566.6706573674073
F940,9066.0,0.059673505404809174,0.2368940019981098,0.0,0.0,0.0,0.0,1.0,3.718318322127895,11.82850051598792
F941,9066.0,0.026362232517096844,0.16021890238879785,0.0,0.0,0.0,0.0,1.0,5.913687711961984,32.978977615538795
F942,9066.0,0.05261416280608868,0.22327429632641257,0.0,0.0,0.0,0.0,1.0,4.008383962177871,14.070245898593807
F943,9066.0,26921.04780608868,445678.81142902275,0.0,0.0,0.0,0.0,29891914.0,45.55693960472841,2638.9707724440973
F944,9066.0,15395.438717185087,387130.2152095579,0.0,0.0,0.0,0.0,29891914.0,63.665121738723656,4516.520229736967
F945,9066.0,18529.039781601587,238279.97877089743,0.0,0.0,0.0,0.0,11200000.0,26.615376148356663,908.582322390725
F946,9066.0,0.9888594749613943,0.1049648941765682,0.0,1.0,1.0,1.0,1.0,-9.316778665326943,84.82107655794414
F947,9066.0,0.9329362453121554,0.2501461761618692,0.0,1.0,1.0,1.0,1.0,-3.462229810548673,9.989238883045573
F948,9066.0,0.9599602911978822,0.19606318018386137,0.0,1.0,1.0,1.0,1.0,-4.692995211501584,20.02862240996802
F949,9066.0,5563024.426010367,112111620.86171044,0.0,52701.25,150000.0,600000.0,7211345015.0,45.315045166262145,2412.8842222384615
F950,9066.0,4776807.257417825,107716918.44475242,0.0,39812.5,100000.0,500000.0,7211345015.0,49.07514167924368,2782.0634713458326
F951,9066.0,3798252.0196073237,71709715.64930326,0.0,24397.0,90000.0,315856.0,4689276821.0,46.49595842432151,2543.822304087035
F952,9066.0,0.9513567174056916,0.21513302555535543,0.0,1.0,1.0,1.0,1.0,-4.196996807107596,15.618227600890354
F953,9066.0,0.8626737260092654,0.3442104547553475,0.0,1.0,1.0,1.0,1.0,-2.1077439461337577,2.443123457726771
F954,9066.0,0.9216854180454446,0.26868079733447575,0.0,1.0,1.0,1.0,1.0,-3.139624926221492,7.8589783543680305
F955,9066.0,4907893.530932053,108285282.06356479,0.0,49995.0,100000.0,500000.0,7211345015.0,48.66981845311225,2734.2250816699693
F956,9066.0,4382623.747468565,107139405.06767856,0.0,20000.0,70000.0,300000.0,7211345015.0,49.702545894636984,2838.939101030155
F957,9066.0,2852864.8419942637,59897573.3831612,0.0,20000.0,75000.0,254425.0,4689276821.0,61.71599611617068,4449.050871325314
F958,9066.0,0.9513567174056916,0.21513302555535543,0.0,1.0,1.0,1.0,1.0,-4.196996807107596,15.618227600890354
F959,9066.0,0.8626737260092654,0.3442104547553475,0.0,1.0,1.0,1.0,1.0,-2.1077439461337577,2.443123457726771
F960,9066.0,0.9216854180454446,0.26868079733447575,0.0,1.0,1.0,1.0,1.0,-3.139624926221492,7.8589783543680305
F961,9066.0,4907893.530932053,108285282.06356479,0.0,49995.0,100000.0,500000.0,7211345015.0,48.66981845311225,2734.2250816699693
F962,9066.0,4382623.747468565,107139405.06767856,0.0,20000.0,70000.0,300000.0,7211345015.0,49.702545894636984,2838.939101030155
F963,9066.0,2852864.8419942637,59897573.3831612,0.0,20000.0,75000.0,254425.0,4689276821.0,61.71599611617068,4449.050871325314
F964,9066.0,0.10357379219060225,0.3047236519227708,0.0,0.0,0.0,0.0,1.0,2.6024476800032286,4.773786997192695
F965,9066.0,0.0,0.0,0.0,0.0,0.0,0.0,0.0,0.0,0.0
F966,9066.0,0.10357379219060225,0.3047236519227708,0.0,0.0,0.0,0.0,1.0,2.6024476800032286,4.773786997192695
F967,9066.0,883.7463798808735,2962.947587081019,0.0,0.0,0.0,0.0,20011.8,3.636338930483839,13.58442745223294
F968,9066.0,0.0,0.0,0.0,0.0,0.0,0.0,0.0,0.0,0.0
F969,9066.0,883.7463798808735,2962.947587081019,0.0,0.0,0.0,0.0,20011.8,3.636338930483839,13.58442745223294
F970,9066.0,0.09508052062651666,0.29334230294705843,0.0,0.0,0.0,0.0,1.0,2.761339377624139,5.626236282571805
F971,9066.0,0.000772115596735054,0.027777770679821394,0.0,0.0,0.0,0.0,1.0,35.95234810998787,1290.8561031886954
F972,9066.0,0.09463931171409662,0.29273224015992216,0.0,0.0,0.0,0.0,1.0,2.7701091767027703,5.674756678822929
F973,9066.0,730.4852305316568,16485.884062388344,0.0,0.0,0.0,0.0,713367.0,33.52219845865981,1284.1400680075196
F974,9066.0,164.83770350761085,10604.67436814692,0.0,0.0,0.0,0.0,713367.0,67.13355973377257,4513.608603415621
F975,9066.0,568.4939730862563,12632.20122189098,0.0,0.0,0.0,0.0,708507.4,34.92811574465958,1496.4768173655955
F976,9066.0,0.12651665563644385,0.33244906729910045,0.0,0.0,0.0,0.0,1.0,2.247356310358502,3.0512834637821333
F977,9066.0,0.004412089124200309,0.06628051873113877,0.0,0.0,0.0,0.0,1.0,14.957555353840867,221.77738719563447
F978,9066.0,0.12276637988087359,0.3281869530285725,0.0,0.0,0.0,0.0,1.0,2.29940193793464,3.287974565364559
F979,9066.0,925.1014736377674,30544.107457072194,0.0,0.0,0.0,0.0,2500000.0,66.26929679157121,5103.37879803138
F980,9066.0,628.0406265166557,27810.57118486218,0.0,0.0,0.0,0.0,2500000.0,81.27506467882702,7212.80068452837
F981,9066.0,330.4352283256121,13030.572443644292,0.0,0.0,0.0,0.0,1000000.0,65.15727888471703,4553.889375523941
F982,9066.0,0.052172953893668654,0.22238793116062133,0.0,0.0,0.0,0.0,1.0,4.028328859480256,14.230572679273678
F983,9066.0,0.0050739024928303554,0.07105430944583958,0.0,0.0,0.0,0.0,1.0,13.933998046343959,192.19870139788355
F984,9066.0,0.04820207368188838,0.21420479651125848,0.0,0.0,0.0,0.0,1.0,4.219304369521057,15.806016191679443
F985,9066.0,33236.5760544893,810494.4457351137,0.0,0.0,0.0,0.0,47588317.0,47.166705001117705,2543.294691896726
F986,9066.0,2311.8031105228324,62584.082920958615,0.0,0.0,0.0,0.0,3495808.0,38.36220725633544,1712.5284643783684
F987,9066.0,31102.207975954112,808199.8884782001,0.0,0.0,0.0,0.0,47588317.0,47.56041729168925,2572.77839395113
F988,9066.0,0.6790205162144275,0.46687867586716764,0.0,0.0,1.0,1.0,1.0,-0.7670515999458294,-1.4119433726997528
F989,9066.0,0.5907787337304213,0.49171728770179074,0.0,0.0,1.0,1.0,1.0,-0.36931288207023494,-1.8640192547727439
F990,9066.0,0.3452459739686742,0.47547463457870137,0.0,0.0,0.0,1.0,1.0,0.6510890875565125,-1.576430816407994
F991,9066.0,3693746.0292267813,88968235.06353115,0.0,0.0,50000.0,340000.0,7211345015.0,64.61200440153564,4902.343265141767
F992,9066.0,2937685.542821531,86951063.83383416,0.0,0.0,19394.0,188078.0,7211345015.0,68.09392867665127,5339.9816758477355
F993,9066.0,1898036.7690447827,34562894.21088029,0.0,0.0,0.0,102875.0,2420000000.0,47.765252656520225,2895.9702840948394
F994,9066.0,0.7332892124420913,0.44226430810351514,0.0,0.0,1.0,1.0,1.0,-1.0552092229118373,-0.886729160962612
F995,9066.0,0.629274211339069,0.48302578950522873,0.0,0.0,1.0,1.0,1.0,-0.5353864696595165,-1.7137394353426352
F996,9066.0,0.6384292962717847,0.48048183588386667,0.0,0.0,1.0,1.0,1.0,-0.57633746289302,-1.6682031906044001
F997,9066.0,43326.91682881094,56382.29927094607,0.0,0.0,30000.0,65585.5,2400227.0,9.790329594790895,344.1381352312063
F998,9066.0,22840.309383410546,40203.02177032649,0.0,0.0,7150.0,40000.0,2400227.0,24.073923145713056,1357.773812280794
F999,9066.0,34157.4841981028,49531.76393319019,0.0,0.0,16000.0,50000.0,564234.0,2.6643682411903464,12.111674923299422
F1000,9066.0,0.49382307522611957,0.4999894198784265,0.0,0.0,0.0,1.0,1.0,0.024713673874091405,-1.9998304545160082
F1001,9066.0,0.443414956982131,0.4968152154409509,0.0,0.0,0.0,1.0,1.0,0.22784136606876623,-1.9485182123907345
F1002,9066.0,0.11482461945731304,0.318827756901544,0.0,0.0,0.0,0.0,1.0,2.4167304279986808,3.841433350278918
F1003,9066.0,3370067.3161647916,88678733.77423091,0.0,0.0,0.0,200000.0,7211345015.0,65.23272727299215,4967.549375507608
F1004,9066.0,2920209.87594529,86951621.67953686,0.0,0.0,0.0,112427.0,7211345015.0,68.09322055135678,5339.89932953841
F1005,9066.0,1007578.2048830797,29764224.019129448,0.0,0.0,0.0,0.0,2420000000.0,65.56850259640612,4987.001919466681
F1006,9066.0,0.14405470990514008,0.3511645661933938,0.0,0.0,0.0,0.0,1.0,2.027675140448674,2.1119323282160103
F1007,9066.0,0.06331347893227443,0.24353936950735772,0.0,0.0,0.0,0.0,1.0,3.5869590875627355,10.868673124960004
F1008,9066.0,0.11460401500110302,0.3185610276560782,0.0,0.0,0.0,0.0,1.0,2.4201392534852557,3.857925033063202
F1009,9066.0,39060.57078866093,218377.858761594,0.0,0.0,0.0,0.0,10000000.0,19.447196932348135,655.2183357023036
F1010,9066.0,12148.572482903153,154895.49994651182,0.0,0.0,0.0,0.0,10000000.0,43.84334807821009,2426.461316681047
F1011,9066.0,31946.827585484225,177196.149123872,0.0,0.0,0.0,0.0,6500000.0,13.618915409037552,321.2448325433557
F1012,9066.0,0.02525921023604677,0.15692003888980763,0.0,0.0,0.0,0.0,1.0,6.052070164730887,34.63519390845793
F1013,9066.0,0.00022060445621001543,0.014851939952836712,0.0,0.0,0.0,0.0,1.0,67.31641455874379,4530.499117314437
F1014,9066.0,0.02525921023604677,0.15692003888980763,0.0,0.0,0.0,0.0,1.0,6.052070164730887,34.63519390845793
F1015,9066.0,262.75789322744316,2751.7432022213247,0.0,0.0,0.0,0.0,50000.0,14.28405106574512,225.4602167375431
F1016,9066.0,2.964456210015442,262.0980653691798,0.0,0.0,0.0,0.0,24875.76,94.34851824051508,8950.251481536754
F1017,9066.0,262.75789322744316,2751.7432022213247,0.0,0.0,0.0,0.0,50000.0,14.28405106574512,225.4602167375431
F1018,9066.0,0.0,0.0,0.0,0.0,0.0,0.0,0.0,0.0,0.0
F1019,9066.0,0.0,0.0,0.0,0.0,0.0,0.0,0.0,0.0,0.0
F1020,9066.0,0.0,0.0,0.0,0.0,0.0,0.0,0.0,0.0,0.0
F1021,9066.0,0.0,0.0,0.0,0.0,0.0,0.0,0.0,0.0,0.0
F1022,9066.0,0.0,0.0,0.0,0.0,0.0,0.0,0.0,0.0,0.0
F1023,9066.0,0.0,0.0,0.0,0.0,0.0,0.0,0.0,0.0,0.0
F1024,9066.0,0.00816236487977057,0.08998129670150072,0.0,0.0,0.0,0.0,1.0,10.93440923100803,117.58724545345376
F1025,9066.0,0.008052062651665564,0.08937621632646407,0.0,0.0,0.0,0.0,1.0,11.010904408948932,119.26632653808966
F1026,9066.0,0.00011030222810500772,0.01050248675814484,0.0,0.0,0.0,0.0,1.0,95.21554494934111,9065.999999999998
F1027,9066.0,41.64299360247077,1475.625402251029,0.0,0.0,0.0,0.0,75000.0,43.61613554112397,1963.9194685123455
F1028,9066.0,41.532770791969995,1475.5911835755492,0.0,0.0,0.0,0.0,75000.0,43.619363939899415,1964.1149440335828
F1029,9066.0,0.11022281050077211,10.494924967678976,0.0,0.0,0.0,0.0,999.28,95.21554494934112,9065.999999999998
F1030,9066.0,0.1158173395102581,0.32002340536202467,0.0,0.0,0.0,0.0,1.0,2.4014957978640874,3.7680132590233972
F1031,9066.0,0.0314361350099272,0.17450290332184124,0.0,0.0,0.0,0.0,1.0,5.371455100785848,26.858454946078847
F1032,9066.0,0.0928744760644165,0.2902724610026256,0.0,0.0,0.0,0.0,1.0,2.805745719394253,5.873504714572613
F1033,9066.0,76684.7002768586,3028466.2271993784,0.0,0.0,0.0,0.0,250000000.0,69.99964081131705,5380.370787061983
F1034,9066.0,6078.642723362012,84398.27976707747,0.0,0.0,0.0,0.0,3000000.0,22.102030315537306,592.0596987486715
F1035,9066.0,71675.50797264505,3027554.6434550756,0.0,0.0,0.0,0.0,250000000.0,70.06745734714949,5387.3209564508115
F1036,9066.0,0.11438341054489301,0.3182939219783089,0.0,0.0,0.0,0.0,1.0,2.4235566583649537,3.874481555550865
F1037,9066.0,0.03342157511581734,0.1797446441263336,0.0,0.0,0.0,0.0,1.0,5.192715244939864,24.969800015647365
F1038,9066.0,0.08702845797485109,0.2818923029335036,0.0,0.0,0.0,0.0,1.0,2.930641675500366,6.590114390144681
F1039,9066.0,40854.983684094426,908200.8561399956,0.0,0.0,0.0,0.0,55857568.78,39.927037011725076,1984.370254215352
F1040,9066.0,33253.44494153982,891982.3189642393,0.0,0.0,0.0,0.0,55857568.78,41.892256278596335,2132.043664056627
F1041,9066.0,9846.382722258988,226366.0375950355,0.0,0.0,0.0,0.0,10000000.0,35.59609938220642,1358.9457590029688
F1042,9072.0,0.2857142857142857,0.45177885176690397,0.0,0.0,0.0,1.0,1.0,0.9488401902087026,-1.0999448343053613
F1043,9072.0,0.17063492063492064,0.37621037427534587,0.0,0.0,0.0,0.0,1.0,1.7513483372702277,1.067456279725243
F1044,9072.0,0.16225749559082892,0.36870718169423694,0.0,0.0,0.0,0.0,1.0,1.832440461287057,1.3581374085708084
F1045,9072.0,82261.77336860671,380505.7451250502,0.0,0.0,0.0,19806.5,15000000.0,15.631336356926813,401.16190355568074
F1046,9072.0,42823.25947971781,308676.93815522984,0.0,0.0,0.0,0.0,15000000.0,22.317107968356673,779.8344958228193
F1047,9072.0,42990.00749559083,233182.37665374557,0.0,0.0,0.0,0.0,9800000.0,17.60697504909234,505.6890905999241
F1048,9072.0,0.08895502645502645,0.28469450980402805,0.0,0.0,0.0,0.0,1.0,2.8882580994652525,6.343433264676894
F1049,9072.0,0.04828042328042328,0.21436998282977585,0.0,0.0,0.0,0.0,1.0,4.2153213631803945,15.772411309349252
F1050,9072.0,0.07539682539682539,0.2640451273613532,0.0,0.0,0.0,0.0,1.0,3.216850141414474,8.349965605097243
F1051,9072.0,51584.739883156966,1171109.5951980103,0.0,0.0,0.0,0.0,101475000.0,74.2947819872816,6259.352127472525
F1052,9072.0,38070.439645061735,1150228.241229194,0.0,0.0,0.0,0.0,101475000.0,78.23883600454107,6728.7839822930355
F1053,9072.0,39109.009725529104,1105976.8608805672,0.0,0.0,0.0,0.0,101475000.0,85.52204439880991,7806.4497393682595
F1054,9072.0,0.9925044091710759,0.08625675091203151,0.0,1.0,1.0,1.0,1.0,-11.422016357310076,128.49078451126908
F1055,9072.0,0.9592151675485009,0.19780228182639256,0.0,1.0,1.0,1.0,1.0,-4.644197463677762,19.57288504305862
F1056,9072.0,0.9653880070546738,0.18280505052404072,0.0,1.0,1.0,1.0,1.0,-5.092754572272692,23.941427177336603
F1057,9072.0,7078828.430733024,143707396.01246443,0.0,64975.0,199000.0,738641.135,7211345015.0,39.63760209134541,1720.7633126658975
F1058,9072.0,6078163.135669092,128138870.41021195,0.0,50000.0,123468.89,590106.7325,7211345015.0,40.863750357346234,1845.6423848531545
F1059,9072.0,5339778.083395061,117051923.42394903,0.0,30000.0,99000.0,400000.0,7000000000.0,44.692127761241835,2229.1388845728547
F1060,9072.0,0.9588844797178131,0.1985683271476549,0.0,1.0,1.0,1.0,1.0,-4.622949426298767,19.375932939766855
F1061,9072.0,0.8938492063492064,0.3080475006777804,0.0,1.0,1.0,1.0,1.0,-2.5576318720649485,4.542482173470048
F1062,9072.0,0.927689594356261,0.2590154552377168,0.0,1.0,1.0,1.0,1.0,-3.30315349394297,8.912787856309137
F1063,9072.0,6409724.015520282,140141758.21558693,0.0,50000.0,129900.94,580500.0,7211345015.0,41.52999539611012,1866.4042619579598
F1064,9072.0,5615602.314884259,127769578.39514911,0.0,30000.0,92986.5,450000.0,7211345015.0,41.21361753863179,1867.6519938645206
F1065,9072.0,4049771.3985879635,98629032.10429041,0.0,25000.0,90000.0,306631.25,7000000000.0,55.51610121531947,3463.800475938429
F1066,9072.0,0.9588844797178131,0.1985683271476549,0.0,1.0,1.0,1.0,1.0,-4.622949426298767,19.375932939766855
F1067,9072.0,0.8938492063492064,0.3080475006777804,0.0,1.0,1.0,1.0,1.0,-2.5576318720649485,4.542482173470048
F1068,9072.0,0.927689594356261,0.2590154552377168,0.0,1.0,1.0,1.0,1.0,-3.30315349394297,8.912787856309137
F1069,9072.0,6409724.015520282,140141758.21558693,0.0,50000.0,129900.94,580500.0,7211345015.0,41.52999539611012,1866.4042619579598
F1070,9072.0,5615602.314884259,127769578.39514911,0.0,30000.0,92986.5,450000.0,7211345015.0,41.21361753863179,1867.6519938645206
F1071,9072.0,4049771.3985879635,98629032.10429041,0.0,25000.0,90000.0,306631.25,7000000000.0,55.51610121531947,3463.800475938429
F1072,9072.0,0.1404320987654321,0.34745392751635035,0.0,0.0,0.0,0.0,1.0,2.0701863473205564,2.2861754709753885
F1073,9072.0,0.0,0.0,0.0,0.0,0.0,0.0,0.0,0.0,0.0
F1074,9072.0,0.1404320987654321,0.34745392751635035,0.0,0.0,0.0,0.0,1.0,2.0701863473205564,2.2861754709753885
F1075,9072.0,1228.3443672839508,3458.0695249975693,0.0,0.0,0.0,0.0,20011.8,2.9630267867020157,8.51665067774454
F1076,9072.0,0.0,0.0,0.0,0.0,0.0,0.0,0.0,0.0,0.0
F1077,9072.0,1228.3443672839508,3458.0695249975693,0.0,0.0,0.0,0.0,20011.8,2.9630267867020157,8.51665067774454
F1078,9072.0,0.14153439153439154,0.34859116762531883,0.0,0.0,0.0,0.0,1.0,2.05710692639575,2.232180961416554
F1079,9072.0,0.0011022927689594356,0.03318432015262459,0.0,0.0,0.0,0.0,1.0,30.074909804132883,902.6992074447397
F1080,9072.0,0.14131393298059966,0.34836429566725335,0.0,0.0,0.0,0.0,1.0,2.0597125729002776,2.242910303129877
F1081,9072.0,1673.7980709876542,34473.78865339293,0.0,0.0,0.0,0.0,2256750.0,40.96614257444787,2242.1656927166164
F1082,9072.0,169.31146604938272,10606.501871222108,0.0,0.0,0.0,0.0,713367.0,67.05601945038457,4507.404112215645
F1083,9072.0,1511.9073357583775,32811.73105410228,0.0,0.0,0.0,0.0,2256750.0,45.27641939389042,2684.8828068429216
F1084,9072.0,0.16038359788359788,0.3669816679364342,0.0,0.0,0.0,0.0,1.0,1.8512711649986975,1.4275195866595354
F1085,9072.0,0.005731922398589065,0.07549632929848506,0.0,0.0,0.0,0.0,1.0,13.096717995390174,169.56140346486478
F1086,9072.0,0.15564373897707232,0.36253724399953613,0.0,0.0,0.0,0.0,1.0,1.900120331067267,1.6108123412956692
F1087,9072.0,1440.3650870811289,37442.69953734916,0.0,0.0,0.0,0.0,2500000.0,48.30646362590419,2759.7218669532845
F1088,9072.0,934.4421450617284,33495.24928747731,0.0,0.0,0.0,0.0,2500000.0,60.61452951415682,4113.273808323309
F1089,9072.0,551.6002193562609,17279.350604195424,0.0,0.0,0.0,0.0,1033591.0,51.824609381705294,2881.401548515971
F1090,9072.0,0.1275352733686067,0.33359000881650885,0.0,0.0,0.0,0.0,1.0,2.2335612454016696,2.9894548392594276
F1091,9072.0,0.007495590828924162,0.08625675091203151,0.0,0.0,0.0,0.0,1.0,11.422016357310076,128.49078451126908
F1092,9072.0,0.12235449735449735,0.32771285065336453,0.0,0.0,0.0,0.0,1.0,2.3052423817506353,3.3148731821775135
F1093,9072.0,54895.699261463844,999318.8247458582,0.0,0.0,0.0,0.0,47588317.0,36.227507021086026,1535.1701059399752
F1094,9072.0,10547.947641093475,482630.26260068733,0.0,0.0,0.0,0.0,43742056.0,83.21795288533346,7451.099103639915
F1095,9072.0,44642.62531305115,875626.7407877488,0.0,0.0,0.0,0.0,47588317.0,39.997325762169446,1923.1348074891418
F1096,9072.0,0.7278439153439153,0.4450943581435403,0.0,0.0,1.0,1.0,1.0,-1.02402626495029,-0.9515800412641036
F1097,9072.0,0.6505731922398589,0.47681524169289635,0.0,0.0,1.0,1.0,1.0,-0.6317180389331154,-1.601285384962588
F1098,9072.0,0.36860670194003525,0.48245358155180973,0.0,0.0,0.0,1.0,1.0,0.5448079411125757,-1.7035599202734584
F1099,9072.0,5299754.954432318,127691209.83521648,0.0,0.0,74318.975,450000.0,7211345015.0,47.362787667533986,2439.9166402012816
F1100,9072.0,3838719.1463679452,102983443.5297716,0.0,0.0,37000.0,250000.0,7211345015.0,54.97871617533029,3400.0105358967785
F1101,9072.0,3025278.7825341714,85630365.4205323,0.0,0.0,0.0,153885.25,7000000000.0,66.90371610141173,5114.341823387141
F1102,9072.0,0.747905643738977,0.43423907819208096,0.0,0.0,1.0,1.0,1.0,-1.1420451136843583,-0.6958864210347273
F1103,9072.0,0.6818783068783069,0.4657726860699668,0.0,0.0,1.0,1.0,1.0,-0.781146760164782,-1.3901162507170814
F1104,9072.0,0.6459435626102292,0.47825274573170834,0.0,0.0,1.0,1.0,1.0,-0.6104543905476153,-1.6277043270191291
F1105,9072.0,48582.42293981481,122018.20260225896,0.0,0.0,36362.0,76728.5,10000000.0,61.902473947482086,4924.19739733952
F1106,9072.0,28588.65946869489,114983.30635693514,0.0,0.0,13000.0,50000.0,10000000.0,74.15505145694475,6294.749594103863
F1107,9072.0,37237.673908730154,52529.02530339998,0.0,0.0,20000.0,50000.0,1254456.0,3.876179573758462,44.92192355274031
F1108,9072.0,0.5633818342151675,0.4959938110305028,0.0,0.0,1.0,1.0,1.0,-0.25563145730436565,-1.9350792114185693
F1109,9072.0,0.515542328042328,0.4997859239372901,0.0,0.0,1.0,1.0,1.0,-0.062209656144680735,-1.9965701682722325
F1110,9072.0,0.13723544973544974,0.34411471032766394,0.0,0.0,0.0,0.0,1.0,2.1088580729497504,2.4478219665418033
F1111,9072.0,4969543.8303461205,127481107.03989731,0.0,0.0,9694.0,300547.1925,7211345015.0,47.59647088116197,2456.527100324918
F1112,9072.0,3820695.806013007,102984088.87971239,0.0,0.0,908.5,200000.0,7211345015.0,54.97820707904091,3399.963740762957
F1113,9072.0,2154201.6264153435,84281537.23103435,0.0,0.0,0.0,0.0,7000000000.0,69.94825112876762,5450.281690999281
F1114,9072.0,0.16413139329805995,0.3704151769365675,0.0,0.0,0.0,0.0,1.0,1.8138709699481006,1.2904123294559913
F1115,9072.0,0.07782186948853616,0.26790583730669676,0.0,0.0,0.0,0.0,1.0,3.15238539077714,7.939283886464097
F1116,9072.0,0.12940917107583774,0.33567075771561977,0.0,0.0,0.0,0.0,1.0,2.2085483369499026,2.878320258373779
F1117,9072.0,46365.27238536155,235487.20508115075,0.0,0.0,0.0,0.0,10000000.0,17.011166017512956,508.1213821254878
F1118,9072.0,14711.890144400353,158685.9281354018,0.0,0.0,0.0,0.0,10000000.0,40.93186496948096,2199.884844084425
F1119,9072.0,37852.31540233686,196841.61770545453,0.0,0.0,0.0,0.0,6500000.0,12.570339769381285,263.3917818944365
F1120,9072.0,0.0341710758377425,0.18167842953218588,0.0,0.0,0.0,0.0,1.0,5.129190559145014,24.313955963113862
F1121,9072.0,0.0004409171075837742,0.02099455371252509,0.0,0.0,0.0,0.0,1.0,47.599891485397876,2264.2488424103994
F1122,9072.0,0.0341710758377425,0.18167842953218588,0.0,0.0,0.0,0.0,1.0,5.129190559145014,24.313955963113862
F1123,9072.0,334.60860449735446,3035.802106621017,0.0,0.0,0.0,0.0,50000.0,12.66042210388971,178.97216367975344
F1124,9072.0,5.747869268077602,369.946635923183,0.0,0.0,0.0,0.0,24875.76,67.01840225823808,4503.28490068773
F1125,9072.0,334.60860449735446,3035.802106621017,0.0,0.0,0.0,0.0,50000.0,12.66042210388971,178.97216367975344
F1126,9072.0,0.0,0.0,0.0,0.0,0.0,0.0,0.0,0.0,0.0
F1127,9072.0,0.0,0.0,0.0,0.0,0.0,0.0,0.0,0.0,0.0
F1128,9072.0,0.0,0.0,0.0,0.0,0.0,0.0,0.0,0.0,0.0
F1129,9072.0,0.0,0.0,0.0,0.0,0.0,0.0,0.0,0.0,0.0
F1130,9072.0,0.0,0.0,0.0,0.0,0.0,0.0,0.0,0.0,0.0
F1131,9072.0,0.0,0.0,0.0,0.0,0.0,0.0,0.0,0.0,0.0
F1132,9072.0,0.015983245149911816,0.1254173627431246,0.0,0.0,0.0,0.0,1.0,7.7201987575642965,57.61417034467074
F1133,9072.0,0.015873015873015872,0.12499114099983533,0.0,0.0,0.0,0.0,1.0,7.748288938287394,58.04877877270808
F1134,9072.0,0.00011022927689594356,0.0104990131391452,0.0,0.0,0.0,0.0,1.0,95.24704719832523,9071.999999999995
F1135,9072.0,76.8948368606702,1916.881269569744,0.0,0.0,0.0,0.0,75000.0,32.75943944662974,1126.8544007176738
F1136,9072.0,76.7846869488536,1916.856971331255,0.0,0.0,0.0,0.0,75000.0,32.760845382960156,1126.9192180106074
F1137,9072.0,0.11014991181657847,10.491453849685016,0.0,0.0,0.0,0.0,999.28,95.24704719832523,9072.0
F1138,9072.0,0.15421075837742504,0.36117056793934216,0.0,0.0,0.0,0.0,1.0,1.9152473724632666,1.6685402931090163
F1139,9072.0,0.040784832451499116,0.19780228182639256,0.0,0.0,0.0,0.0,1.0,4.644197463677761,19.57288504305862
F1140,9072.0,0.12654320987654322,0.332478887899154,0.0,0.0,0.0,0.0,1.0,2.246994643072501,3.049657200421488
F1141,9072.0,104107.43533068785,3322806.400546662,0.0,0.0,0.0,0.0,250000000.0,58.49640268810777,3900.110338311631
F1142,9072.0,8566.513440255732,104171.76430118637,0.0,0.0,0.0,0.0,3000000.0,19.167940505859146,440.25812899964905
F1143,9072.0,96825.45596230158,3321522.433052118,0.0,0.0,0.0,0.0,250000000.0,58.570353171225285,3906.662454356014
F1144,9072.0,0.18000440917107582,0.38421230302531034,0.0,0.0,0.0,0.0,1.0,1.666090073793708,0.7760271672177366
F1145,9072.0,0.05489417989417989,0.22778614602829322,0.0,0.0,0.0,0.0,1.0,3.908964411502868,13.28293105763088
F1146,9072.0,0.13921957671957672,0.34619459445995127,0.0,0.0,0.0,0.0,1.0,2.0847233534204053,2.34658873726102
F1147,9072.0,57250.863062169316,1088795.0441764616,0.0,0.0,0.0,0.0,55857568.78,34.71836845880196,1439.0153313752737
F1148,9072.0,43934.62977182539,1059904.445910356,0.0,0.0,0.0,0.0,55857568.78,37.13195301316807,1597.995586169511
F1149,9072.0,15682.551696428573,291347.7076085187,0.0,0.0,0.0,0.0,15928078.0,35.010418347337364,1471.233584192469
F1150,9080.0,0.35726872246696034,0.47922132110604104,0.0,0.0,0.0,1.0,1.0,0.5958112328443937,-1.645371439963683
F1151,9080.0,0.2185022026431718,0.4132527050254001,0.0,0.0,0.0,0.0,1.0,1.3626520117752405,-0.14321108761979584
F1152,9080.0,0.20881057268722467,0.40648113636179717,0.0,0.0,0.0,0.0,1.0,1.433048444464505,0.05363961055290112
F1153,9080.0,102223.08348017621,589039.3725474711,0.0,0.0,0.0,50000.0,41800000.0,43.369665670139035,2834.653593018281
F1154,9080.0,55556.86651982379,541690.8808729722,0.0,0.0,0.0,0.0,41800000.0,54.53294777036984,3964.58339472545
F1155,9080.0,52576.965088105724,247925.67922794202,0.0,0.0,0.0,0.0,9800000.0,16.354221978272914,440.654807622581
F1156,9080.0,0.1370044052863436,0.34387093660293444,0.0,0.0,0.0,0.0,1.0,2.1116967365277226,2.4598048657924214
F1157,9080.0,0.09548458149779736,0.2938992838647599,0.0,0.0,0.0,0.0,1.0,2.75335504819245,5.5821935309614314
F1158,9080.0,0.10881057268722467,0.31141854912969535,0.0,0.0,0.0,0.0,1.0,2.5128600236666667,4.3154159821980596
F1159,9080.0,89854.53567731277,1280579.2383943426,0.0,0.0,0.0,0.0,101475000.0,58.849211329711544,4401.62420386518
F1160,9080.0,69070.18519493392,1234684.5504826684,0.0,0.0,0.0,0.0,101475000.0,64.96348993166205,5088.784408181325
F1161,9080.0,55676.64741409692,1143305.515589591,0.0,0.0,0.0,0.0,101475000.0,78.09165923701516,6836.700739628234
F1162,9080.0,0.9955947136563876,0.06622962234117716,0.0,1.0,1.0,1.0,1.0,-14.969250375119456,222.127383482129
F1163,9080.0,0.9755506607929515,0.15444803700111812,0.0,1.0,1.0,1.0,1.0,-6.159423453315458,35.94641494146509
F1164,9080.0,0.9688325991189427,0.17377951524753268,0.0,1.0,1.0,1.0,1.0,-5.396906399403536,27.132574973646012
F1165,9080.0,8803110.511823786,166872475.75811285,0.0,77814.75,205251.5,828267.37,7687900000.0,37.60530214875707,1561.7863772791443
F1166,9080.0,7284548.724768722,134279752.53185737,0.0,55000.0,170000.0,700000.0,7211345015.0,36.92574547106858,1558.3939084830563
F1167,9080.0,6840533.480180616,147594312.35520223,0.0,38379.25,100000.0,491100.0,7687900000.0,42.22429555233837,1965.7343421926003
F1168,9080.0,0.9640969162995595,0.1860587671178605,0.0,1.0,1.0,1.0,1.0,-4.989812305024477,22.9032715644467
F1169,9080.0,0.9160792951541851,0.2772841283212339,0.0,1.0,1.0,1.0,1.0,-3.0017654835620093,7.01214049415794
F1170,9080.0,0.9320484581497798,0.25167658950148025,0.0,1.0,1.0,1.0,1.0,-3.4341187222095764,9.79532891119515
F1171,9080.0,8098182.653112334,163163513.07242498,0.0,56000.0,155500.125,687775.0,7687900000.0,39.09066624643248,1672.9591744520733
F1172,9080.0,6742954.929143171,133360680.55722153,0.0,40000.0,100000.0,500000.0,7211345015.0,37.40180479335765,1588.8803730423224
F1173,9080.0,5597150.727356829,132834151.27090012,0.0,30000.0,98860.0,400000.0,7687900000.0,49.40603936013139,2669.794482838266
F1174,9080.0,0.9640969162995595,0.1860587671178605,0.0,1.0,1.0,1.0,1.0,-4.989812305024477,22.9032715644467
F1175,9080.0,0.9160792951541851,0.2772841283212339,0.0,1.0,1.0,1.0,1.0,-3.0017654835620093,7.01214049415794
F1176,9080.0,0.9320484581497798,0.25167658950148025,0.0,1.0,1.0,1.0,1.0,-3.4341187222095764,9.79532891119515
F1177,9080.0,8098182.653112334,163163513.07242498,0.0,56000.0,155500.125,687775.0,7687900000.0,39.09066624643248,1672.9591744520733
F1178,9080.0,6742954.929143171,133360680.55722153,0.0,40000.0,100000.0,500000.0,7211345015.0,37.40180479335765,1588.8803730423224
F1179,9080.0,5597150.727356829,132834151.27090012,0.0,30000.0,98860.0,400000.0,7687900000.0,49.40603936013139,2669.794482838266
F1180,9080.0,0.1920704845814978,0.3939498770913636,0.0,0.0,0.0,0.0,1.0,1.5636372754823293,0.44505951148786904
F1181,9080.0,0.0,0.0,0.0,0.0,0.0,0.0,0.0,0.0,0.0
F1182,9080.0,0.1920704845814978,0.3939498770913636,0.0,0.0,0.0,0.0,1.0,1.5636372754823293,0.44505951148786904
F1183,9080.0,1689.4135286343612,3971.739955918814,0.0,0.0,0.0,0.0,20011.8,2.3853413242743744,5.098774729968843
F1184,9080.0,0.0,0.0,0.0,0.0,0.0,0.0,0.0,0.0,0.0
F1185,9080.0,1689.4135286343612,3971.739955918814,0.0,0.0,0.0,0.0,20011.8,2.3853413242743744,5.098774729968843
F1186,9080.0,0.22268722466960353,0.41607293874193463,0.0,0.0,0.0,0.0,1.0,1.3332944542625582,-0.2223749280172873
F1187,9080.0,0.002422907488986784,0.04916607805295645,0.0,0.0,0.0,0.0,1.0,20.24512569822785,407.9549724141432
F1188,9080.0,0.22213656387665198,0.4157053558806965,0.0,0.0,0.0,0.0,1.0,1.337123272893468,-0.21214813027256474
F1189,9080.0,3845.779137665198,51460.46802153058,0.0,0.0,0.0,0.0,2256750.0,22.99359956922463,715.5492103189706
F1190,9080.0,185.6999207048458,10684.831233682931,0.0,0.0,0.0,0.0,713367.0,65.71203128287488,4374.483324620653
F1191,9080.0,3669.64927092511,50353.64568890745,0.0,0.0,0.0,0.0,2256750.0,23.935869983437,772.4818310301047
F1192,9080.0,0.20495594713656387,0.4036916580416617,0.0,0.0,0.0,0.0,1.0,1.4620517862048192,0.1376256910525897
F1193,9080.0,0.007709251101321586,0.08746805778456233,0.0,0.0,0.0,0.0,1.0,11.25894913744539,124.79142272924487
F1194,9080.0,0.19911894273127753,0.39935968017758383,0.0,0.0,0.0,0.0,1.0,1.5071493701938272,0.2715589903109632
F1195,9080.0,1973.1636233480178,41590.29158974963,0.0,0.0,0.0,0.0,2500000.0,40.19024434219759,1987.6436643545485
F1196,9080.0,1259.406629955947,37632.23465631036,0.0,0.0,0.0,0.0,2500000.0,49.28755741937174,2843.2930205093353
F1197,9080.0,774.297,18265.25112093543,0.0,0.0,0.0,0.0,1033591.0,45.259833076692914,2325.9059066899904
F1198,9080.0,0.37698237885462554,0.4846571304639511,0.0,0.0,0.0,1.0,1.0,0.5077598812570551,-1.7425637761371418
F1199,9080.0,0.012885462555066078,0.11278664983984961,0.0,0.0,0.0,0.0,1.0,8.639707903833916,72.66055714344198
F1200,9080.0,0.37257709251101323,0.483517476779109,0.0,0.0,0.0,1.0,1.0,0.5271825177495364,-1.7224580375536926
F1201,9080.0,98648.50152092511,1268914.8270089047,0.0,0.0,0.0,23.6,47588317.0,27.570481368028098,895.3513756326253
F1202,9080.0,19226.49465859031,675091.2091860641,0.0,0.0,0.0,0.0,43742056.0,60.4850660414661,3881.83640473658
F1203,9080.0,80944.91494162996,1076660.9536731103,0.0,0.0,0.0,23.6,47588317.0,30.36229972628803,1136.147247139407
F1204,9080.0,0.7736784140969163,0.41847271349067,0.0,1.0,1.0,1.0,1.0,-1.308275068562318,-0.28847993533749605
F1205,9080.0,0.7094713656387666,0.4540313316399016,0.0,0.0,1.0,1.0,1.0,-0.9229209539983385,-1.1484699281431734
F1206,9080.0,0.3958149779735683,0.48905196216184343,0.0,0.0,0.0,1.0,1.0,0.4261632030441607,-1.8187855864678768
F1207,9080.0,6735954.452486784,155200473.59155497,0.0,2399.25,100000.0,500000.0,7687900000.0,43.02132810040244,1983.1818000395178
F1208,9080.0,4547507.527220265,106880839.32102585,0.0,0.0,50000.0,350000.0,7211345015.0,50.57433812388444,2957.7069820019083
F1209,9080.0,4440515.061944935,123471018.89396456,0.0,0.0,0.0,200000.0,7687900000.0,55.56682160488095,3351.6733243997987
F1210,9080.0,0.7658590308370044,0.42348403356383724,0.0,1.0,1.0,1.0,1.0,-1.2558565703571887,-0.4229174768439141
F1211,9080.0,0.7261013215859031,0.4459821719241798,0.0,0.0,1.0,1.0,1.0,-1.0141711882133044,-0.9716708739464943
F1212,9080.0,0.6515418502202643,0.47650821005301225,0.0,0.0,1.0,1.0,1.0,-0.6361915015879561,-1.5956118781983397
F1213,9080.0,55047.16653083701,165178.35070716438,0.0,1000.0,48500.0,90000.0,10000000.0,49.65710066904652,2918.8528904430314
F1214,9080.0,35814.006966960354,160420.23477809003,0.0,0.0,20000.0,50000.0,10000000.0,54.444769782428445,3306.7592554101734
F1215,9080.0,41294.003813876654,56853.570257303734,0.0,0.0,25000.0,60000.0,1270766.0,5.2192046899373095,78.64806626434782
F1216,9080.0,0.6359030837004406,0.4812025078765704,0.0,0.0,1.0,1.0,1.0,-0.5649722213426978,-1.6811767408886877
F1217,9080.0,0.5925110132158591,0.49139424687264155,0.0,0.0,1.0,1.0,1.0,-0.37660756172542725,-1.8585761709941073
F1218,9080.0,0.16806167400881059,0.3739416368585721,0.0,0.0,0.0,0.0,1.0,1.7757394392187995,1.153504583380967
F1219,9080.0,6427531.497812775,155015265.7583791,0.0,0.0,29472.0,428000.0,7687900000.0,43.17636823960688,1993.0211302864557
F1220,9080.0,4528700.465309472,106881611.81876968,0.0,0.0,13676.0,300000.0,7211345015.0,50.57376864310762,2957.6569993747257
F1221,9080.0,3619379.370685022,122876279.77523004,0.0,0.0,0.0,0.0,7687900000.0,56.369499084120044,3418.507949318363
F1222,9080.0,0.19008810572687224,0.39239211894476056,0.0,0.0,0.0,0.0,1.0,1.5799510585362002,0.49635462806382735
F1223,9080.0,0.09702643171806168,0.296010056013262,0.0,0.0,0.0,0.0,1.0,2.7233017280795435,5.417565550044927
F1224,9080.0,0.14768722466960352,0.35480920623539813,0.0,0.0,0.0,0.0,1.0,1.9863655630524868,1.94607675283665
F1225,9080.0,55524.082655286344,254151.78053877017,0.0,0.0,0.0,0.0,10000000.0,14.727261059261513,390.000504382677
F1226,9080.0,18932.144693832597,166755.68486886396,0.0,0.0,0.0,0.0,10000000.0,35.89083414303728,1806.256124637934
F1227,9080.0,45017.60446035242,215744.7645160935,0.0,0.0,0.0,0.0,6500000.0,11.364408217079523,213.8846932387704
F1228,9080.0,0.05011013215859031,0.21818421020646026,0.0,0.0,0.0,0.0,1.0,4.124853800666683,15.0177266977496
F1229,9080.0,0.0007709251101321586,0.027756362012038002,0.0,0.0,0.0,0.0,1.0,35.98015195584485,1292.8561047912085
F1230,9080.0,0.05011013215859031,0.21818421020646026,0.0,0.0,0.0,0.0,1.0,4.124853800666683,15.0177266977496
F1231,9080.0,500.248524229075,3928.8411348719437,0.0,0.0,0.0,0.0,100000.0,11.987961812367912,177.9760310149152
F1232,9080.0,6.870214757709251,376.18250977045153,0.0,0.0,0.0,0.0,24875.76,64.12177572149379,4213.788970041666
F1233,9080.0,500.248524229075,3928.8411348719437,0.0,0.0,0.0,0.0,100000.0,11.987961812367912,177.9760310149152
F1234,9080.0,0.0,0.0,0.0,0.0,0.0,0.0,0.0,0.0,0.0
F1235,9080.0,0.0,0.0,0.0,0.0,0.0,0.0,0.0,0.0,0.0
F1236,9080.0,0.0,0.0,0.0,0.0,0.0,0.0,0.0,0.0,0.0
F1237,9080.0,0.0,0.0,0.0,0.0,0.0,0.0,0.0,0.0,0.0
F1238,9080.0,0.0,0.0,0.0,0.0,0.0,0.0,0.0,0.0,0.0
F1239,9080.0,0.0,0.0,0.0,0.0,0.0,0.0,0.0,0.0,0.0
F1240,9080.0,0.0342511013215859,0.18188349768080395,0.0,0.0,0.0,0.0,1.0,5.12252639830501,24.245617097234067
F1241,9080.0,0.034140969162995596,0.1816011988825031,0.0,0.0,0.0,0.0,1.0,5.131702526551954,24.339731947065733
F1242,9080.0,0.00011013215859030837,0.01049438700402784,0.0,0.0,0.0,0.0,1.0,95.28903399657267,9079.99999999999
F1243,9080.0,129.88504295154186,2392.700453744541,0.0,0.0,0.0,0.0,86819.0,26.12815164866152,734.3123358187306
F1244,9080.0,129.77499008810574,2392.683442306706,0.0,0.0,0.0,0.0,86819.0,26.128841662778402,734.3381119964062
F1245,9080.0,0.11005286343612335,10.486831045384937,0.0,0.0,0.0,0.0,999.28,95.28903399657281,9079.999999999998
F1246,9080.0,0.21486784140969162,0.4107532512846047,0.0,0.0,0.0,0.0,1.0,1.3886437951506032,-0.07168424819380848
F1247,9080.0,0.04955947136563876,0.21704496844296683,0.0,0.0,0.0,0.0,1.0,4.151579920976368,15.238972393662687
F1248,9080.0,0.183920704845815,0.38744084859297084,0.0,0.0,0.0,0.0,1.0,1.6319855411778648,0.6635229085158181
F1249,9080.0,124220.68594823786,3368542.7131951824,0.0,0.0,0.0,0.0,250000000.0,56.44425432541862,3693.1294843238584
F1250,9080.0,15252.936698237885,535432.4504482903,0.0,0.0,0.0,0.0,50000000.0,89.77394310444556,8368.690878150052
F1251,9080.0,111095.12454405286,3326413.5231765965,0.0,0.0,0.0,0.0,250000000.0,58.25615557712621,3879.3123874743515
F1252,9080.0,0.2709251101321586,0.4444619793065681,0.0,0.0,0.0,1.0,1.0,1.0310234336167257,-0.9371971589521801
F1253,9080.0,0.08193832599118943,0.2742858404421396,0.0,0.0,0.0,0.0,1.0,3.049036564856784,7.298231465321281
F1254,9080.0,0.21905286343612335,0.41362730651832513,0.0,0.0,0.0,0.0,1.0,1.3587547456283045,-0.15381947069577961
F1255,9080.0,89873.07340969166,2329678.316704427,0.0,0.0,0.0,295.0,192200393.0,66.25460168856053,5191.497819898119
F1256,9080.0,72662.41725440529,2315445.9734028927,0.0,0.0,0.0,0.0,192200393.0,67.4525570951141,5322.105974571083
F1257,9080.0,20039.932387665198,301072.33470522595,0.0,0.0,0.0,0.0,15928078.0,32.78786097018312,1315.8730990932183
F1258,9066.0,0.22578866093095082,0.41812369626763835,0.0,0.0,0.0,0.0,1.0,1.3119172489312085,-0.27893471487105526
F1259,9066.0,0.13721597176262962,0.3440941858399806,0.0,0.0,0.0,0.0,1.0,2.109097407642053,2.4488320495265166
F1260,9066.0,0.12453121553055371,0.3302048132850321,0.0,0.0,0.0,0.0,1.0,2.274658743444851,3.1747727194848263
F1261,9066.0,67491.84281932496,332953.8025421836,0.0,0.0,0.0,0.0,9800000.0,13.910927133983774,277.9876869513221
F1262,9066.0,34061.97474078977,254287.1159823072,0.0,0.0,0.0,0.0,9000000.0,19.281318684923132,500.59435049910536
F1263,9066.0,36101.35748952129,223308.1904363408,0.0,0.0,0.0,0.0,9800000.0,18.73310753487114,566.8178734177318
F1264,9066.0,0.059673505404809174,0.2368940019981098,0.0,0.0,0.0,0.0,1.0,3.718318322127895,11.82850051598792
F1265,9066.0,0.026362232517096844,0.16021890238879785,0.0,0.0,0.0,0.0,1.0,5.913687711961984,32.978977615538795
F1266,9066.0,0.05261416280608868,0.22327429632641257,0.0,0.0,0.0,0.0,1.0,4.008383962177871,14.070245898593807
F1267,9066.0,26921.04780608868,445678.81142902275,0.0,0.0,0.0,0.0,29891914.0,45.55693960472841,2638.9707724440973
F1268,9066.0,15395.438717185087,387130.2152095579,0.0,0.0,0.0,0.0,29891914.0,63.665121738723656,4516.520229736967
F1269,9066.0,18529.039781601587,238279.97877089743,0.0,0.0,0.0,0.0,11200000.0,26.615376148356663,908.582322390725
F1270,9066.0,0.26262960511802336,0.4400871034244812,0.0,0.0,0.0,1.0,1.0,1.0789808179148135,-0.8359848652346589
F1271,9066.0,0.9191484667990294,0.27262201075139225,0.0,1.0,1.0,1.0,1.0,-3.075620725311482,7.4610887467595965
F1272,9066.0,0.9257666004853298,0.26216480127116953,0.0,1.0,1.0,1.0,1.0,-3.2488003359328377,8.556591196279426
F1273,9066.0,5455094.689731965,112019153.87337554,0.0,49997.0,123000.0,521886.75,7211344041.0,45.424128102937324,2421.0012945631065
F1274,9066.0,4767286.311910435,107717259.72312705,0.0,36000.0,100000.0,495000.0,7211345015.0,49.074940087032225,2782.0455342964124
F1275,9066.0,3785354.7711692033,71708592.84784928,0.0,21964.0,85633.0,300000.0,4689276821.0,46.4986599896928,2544.0152731626736
F1276,9066.0,0.3931171409662475,0.488469418508594,0.0,0.0,0.0,1.0,1.0,0.43772010701468606,-1.8088001859778784
F1277,9066.0,0.8513125965144496,0.3557996951472882,0.0,1.0,1.0,1.0,1.0,-1.9752131299278741,1.9018864245984535
F1278,9066.0,0.8944407677035076,0.3072895967495796,0.0,1.0,1.0,1.0,1.0,-2.56779146751464,4.5945665538500915
F1279,9066.0,4881454.233175601,108284801.8404618,0.0,44950.0,99999.0,499609.5,7211344041.0,48.671010464231365,2734.316916436265
F1280,9066.0,4374667.8869733075,107139660.20540528,0.0,18230.0,68970.5,299997.5,7211345015.0,49.70241338418712,2838.926799922844
F1281,9066.0,2847863.3184072357,59897653.9358615,0.0,20000.0,70103.5,250000.0,4689276821.0,61.715997247498954,4449.0475446822875
F1282,9066.0,0.3931171409662475,0.488469418508594,0.0,0.0,0.0,1.0,1.0,0.43772010701468606,-1.8088001859778784
F1283,9066.0,0.8513125965144496,0.3557996951472882,0.0,1.0,1.0,1.0,1.0,-1.9752131299278741,1.9018864245984535
F1284,9066.0,0.8944407677035076,0.3072895967495796,0.0,1.0,1.0,1.0,1.0,-2.56779146751464,4.5945665538500915
F1285,9066.0,4881454.233175601,108284801.8404618,0.0,44950.0,99999.0,499609.5,7211344041.0,48.671010464231365,2734.316916436265
F1286,9066.0,4374667.8869733075,107139660.20540528,0.0,18230.0,68970.5,299997.5,7211345015.0,49.70241338418712,2838.926799922844
F1287,9066.0,2847863.3184072357,59897653.9358615,0.0,20000.0,70103.5,250000.0,4689276821.0,61.715997247498954,4449.0475446822875
F1288,9066.0,0.10357379219060225,0.3047236519227708,0.0,0.0,0.0,0.0,1.0,2.6024476800032286,4.773786997192695
F1289,9066.0,0.0,0.0,0.0,0.0,0.0,0.0,0.0,0.0,0.0
F1290,9066.0,0.10357379219060225,0.3047236519227708,0.0,0.0,0.0,0.0,1.0,2.6024476800032286,4.773786997192695
F1291,9066.0,883.7463798808735,2962.947587081019,0.0,0.0,0.0,0.0,20011.8,3.636338930483839,13.58442745223294
F1292,9066.0,0.0,0.0,0.0,0.0,0.0,0.0,0.0,0.0,0.0
F1293,9066.0,883.7463798808735,2962.947587081019,0.0,0.0,0.0,0.0,20011.8,3.636338930483839,13.58442745223294
F1294,9066.0,0.09508052062651666,0.29334230294705843,0.0,0.0,0.0,0.0,1.0,2.761339377624139,5.626236282571805
F1295,9066.0,0.000772115596735054,0.027777770679821394,0.0,0.0,0.0,0.0,1.0,35.95234810998787,1290.8561031886954
F1296,9066.0,0.09463931171409662,0.29273224015992216,0.0,0.0,0.0,0.0,1.0,2.7701091767027703,5.674756678822929
F1297,9066.0,730.4852305316568,16485.884062388344,0.0,0.0,0.0,0.0,713367.0,33.52219845865981,1284.1400680075196
F1298,9066.0,164.83770350761085,10604.67436814692,0.0,0.0,0.0,0.0,713367.0,67.13355973377257,4513.608603415621
F1299,9066.0,568.4939730862563,12632.20122189098,0.0,0.0,0.0,0.0,708507.4,34.92811574465958,1496.4768173655955
F1300,9066.0,0.12651665563644385,0.33244906729910045,0.0,0.0,0.0,0.0,1.0,2.247356310358502,3.0512834637821333
F1301,9066.0,0.004412089124200309,0.06628051873113877,0.0,0.0,0.0,0.0,1.0,14.957555353840867,221.77738719563447
F1302,9066.0,0.12276637988087359,0.3281869530285725,0.0,0.0,0.0,0.0,1.0,2.29940193793464,3.287974565364559
F1303,9066.0,925.1014736377674,30544.107457072194,0.0,0.0,0.0,0.0,2500000.0,66.26929679157121,5103.37879803138
F1304,9066.0,628.0406265166557,27810.57118486218,0.0,0.0,0.0,0.0,2500000.0,81.27506467882702,7212.80068452837
F1305,9066.0,330.4352283256121,13030.572443644292,0.0,0.0,0.0,0.0,1000000.0,65.15727888471703,4553.889375523941
F1306,9066.0,0.052172953893668654,0.22238793116062133,0.0,0.0,0.0,0.0,1.0,4.028328859480256,14.230572679273678
F1307,9066.0,0.0050739024928303554,0.07105430944583958,0.0,0.0,0.0,0.0,1.0,13.933998046343959,192.19870139788355
F1308,9066.0,0.04820207368188838,0.21420479651125848,0.0,0.0,0.0,0.0,1.0,4.219304369521057,15.806016191679443
F1309,9066.0,33236.5760544893,810494.4457351137,0.0,0.0,0.0,0.0,47588317.0,47.166705001117705,2543.294691896726
F1310,9066.0,2311.8031105228324,62584.082920958615,0.0,0.0,0.0,0.0,3495808.0,38.36220725633544,1712.5284643783684
F1311,9066.0,31102.207975954112,808199.8884782001,0.0,0.0,0.0,0.0,47588317.0,47.56041729168925,2572.77839395113
F1312,9066.0,0.6674387822634017,0.47115681046419194,0.0,0.0,1.0,1.0,1.0,-0.7109129038815749,-1.4949326805854593
F1313,9066.0,0.5903375248180013,0.4917985461014466,0.0,0.0,1.0,1.0,1.0,-0.36745719885583383,-1.8653867683243828
F1314,9066.0,0.3416060004412089,0.47427434240374156,0.0,0.0,0.0,1.0,1.0,0.6680899029373077,-1.5539987493223026
F1315,9066.0,3690918.044590778,88968218.0502528,0.0,0.0,50000.0,332751.295,7211345015.0,64.6121324588807,4902.355188634279
F1316,9066.0,2937680.8606022503,86951063.99102251,0.0,0.0,19394.0,188078.0,7211345015.0,68.09392846875508,5339.9816518856105
F1317,9066.0,1895939.435894551,34562833.2313636,0.0,0.0,0.0,100008.5,2420000000.0,47.765686144788276,2896.0023417107445
F1318,9066.0,0.6417383631149349,0.47951600476977874,0.0,0.0,1.0,1.0,1.0,-0.5913030502367767,-1.650724908732085
F1319,9066.0,0.6277299801455989,0.48343648083010465,0.0,0.0,1.0,1.0,1.0,-0.5285416770640008,-1.7210234097207346
F1320,9066.0,0.628612397970439,0.4832024471796979,0.0,0.0,1.0,1.0,1.0,-0.5324508493277103,-1.7168748919830392
F1321,9066.0,43043.80391242003,56290.34466274379,0.0,0.0,29999.0,64998.5,2400227.0,9.83883604407098,346.53646605159213
F1322,9066.0,22837.233385175383,40201.9518150638,0.0,0.0,7100.0,40000.0,2400227.0,24.075914374030667,1357.9257095085495
F1323,9066.0,33928.88184866535,49419.02131073662,0.0,0.0,15500.0,50000.0,564234.0,2.677713209893244,12.176397909487928
F1324,9066.0,0.4928303551731745,0.49997616855354654,0.0,0.0,0.0,1.0,1.0,0.028686274596518072,-1.999618271033513
F1325,9066.0,0.44319435252592104,0.4967900371812671,0.0,0.0,0.0,1.0,1.0,0.22874122895282697,-1.9481072600020364
F1326,9066.0,0.114273108316788,0.31816022768108737,0.0,0.0,0.0,0.0,1.0,2.4252685908760068,3.882784248746616
F1327,9066.0,3368324.248990735,88678723.44755499,0.0,0.0,0.0,200000.0,7211345015.0,65.23280895582442,4967.556821913323
F1328,9066.0,2920205.234317229,86951621.83441974,0.0,0.0,0.0,112427.0,7211345015.0,68.09322034748507,5339.899306016334
F1329,9066.0,1005905.085536069,29764081.383143127,0.0,0.0,0.0,0.0,2420000000.0,65.56961112450543,4987.112321955957
F1330,9066.0,0.14206926979924994,0.3491404274979706,0.0,0.0,0.0,0.0,1.0,2.050806383571522,2.206293492413984
F1331,9066.0,0.06320317670416943,0.24334146114558186,0.0,0.0,0.0,0.0,1.0,3.590783106394835,10.896127002729573
F1332,9066.0,0.11339069049194794,0.317087262540704,0.0,0.0,0.0,0.0,1.0,2.4390422558453206,3.9497984202811853
F1333,9066.0,38608.70326163688,217034.83694415822,0.0,0.0,0.0,0.0,10000000.0,19.529122354720776,661.4634145569594
F1334,9066.0,12115.481814471652,154823.29567239652,0.0,0.0,0.0,0.0,10000000.0,43.90210412909537,2431.0234658392333
F1335,9066.0,31614.066720714756,176436.41772457684,0.0,0.0,0.0,0.0,6500000.0,13.755689653135848,326.70462679922673
F1336,9066.0,0.02525921023604677,0.15692003888980763,0.0,0.0,0.0,0.0,1.0,6.052070164730887,34.63519390845793
F1337,9066.0,0.00022060445621001543,0.014851939952836712,0.0,0.0,0.0,0.0,1.0,67.31641455874379,4530.499117314437
F1338,9066.0,0.02525921023604677,0.15692003888980763,0.0,0.0,0.0,0.0,1.0,6.052070164730887,34.63519390845793
F1339,9066.0,262.75789322744316,2751.7432022213247,0.0,0.0,0.0,0.0,50000.0,14.28405106574512,225.4602167375431
F1340,9066.0,2.964456210015442,262.0980653691798,0.0,0.0,0.0,0.0,24875.76,94.34851824051508,8950.251481536754
F1341,9066.0,262.75789322744316,2751.7432022213247,0.0,0.0,0.0,0.0,50000.0,14.28405106574512,225.4602167375431
F1342,9066.0,0.0,0.0,0.0,0.0,0.0,0.0,0.0,0.0,0.0
F1343,9066.0,0.0,0.0,0.0,0.0,0.0,0.0,0.0,0.0,0.0
F1344,9066.0,0.0,0.0,0.0,0.0,0.0,0.0,0.0,0.0,0.0
F1345,9066.0,0.0,0.0,0.0,0.0,0.0,0.0,0.0,0.0,0.0
F1346,9066.0,0.0,0.0,0.0,0.0,0.0,0.0,0.0,0.0,0.0
F1347,9066.0,0.0,0.0,0.0,0.0,0.0,0.0,0.0,0.0,0.0
F1348,9066.0,0.00816236487977057,0.08998129670150072,0.0,0.0,0.0,0.0,1.0,10.93440923100803,117.58724545345376
F1349,9066.0,0.008052062651665564,0.08937621632646407,0.0,0.0,0.0,0.0,1.0,11.010904408948932,119.26632653808966
F1350,9066.0,0.00011030222810500772,0.01050248675814484,0.0,0.0,0.0,0.0,1.0,95.21554494934111,9065.999999999998
F1351,9066.0,41.64299360247077,1475.625402251029,0.0,0.0,0.0,0.0,75000.0,43.61613554112397,1963.9194685123455
F1352,9066.0,41.532770791969995,1475.5911835755492,0.0,0.0,0.0,0.0,75000.0,43.619363939899415,1964.1149440335828
F1353,9066.0,0.11022281050077211,10.494924967678976,0.0,0.0,0.0,0.0,999.28,95.21554494934112,9065.999999999998
F1354,9066.0,0.11173615707037282,0.3150589422765323,0.0,0.0,0.0,0.0,1.0,2.46524991010886,4.078356774320366
F1355,9066.0,0.030994926097507168,0.17331345551582292,0.0,0.0,0.0,0.0,1.0,5.413411900944334,27.311053300822614
F1356,9066.0,0.08945510699316127,0.2854152698305744,0.0,0.0,0.0,0.0,1.0,2.877459788802387,6.28116043951983
F1357,9066.0,74886.42385947496,3028250.912524375,0.0,0.0,0.0,0.0,250000000.0,70.01629585424598,5382.0683788744345
F1358,9066.0,5735.473299139642,81298.76688255707,0.0,0.0,0.0,0.0,3000000.0,23.00792641688358,647.5691352779613
F1359,9066.0,70380.33921023604,3027445.879878568,0.0,0.0,0.0,0.0,250000000.0,70.07627240394574,5388.215568271166
F1360,9066.0,0.11405250386057798,0.31789255557504714,0.0,0.0,0.0,0.0,1.0,2.4286989417881553,3.8994387347537467
F1361,9066.0,0.03320097065960732,0.17917088812595408,0.0,0.0,0.0,0.0,1.0,5.211806838626619,25.1684827540702
F1362,9066.0,0.08691815574674608,0.2817306246625656,0.0,0.0,0.0,0.0,1.0,2.933106704685391,6.604571890424536
F1363,9066.0,40853.31507059343,908200.9175427915,0.0,0.0,0.0,0.0,55857568.78,39.92703441885726,1984.3700103139804
F1364,9066.0,33253.4308614604,891982.3194882412,0.0,0.0,0.0,0.0,55857568.78,41.89225625206689,2132.0436616859083
F1365,9066.0,9844.728188837413,226366.0547408401,0.0,0.0,0.0,0.0,10000000.0,35.596113215437825,1358.946387529802
F1366,9072.0,0.27821869488536155,0.44814639418329016,0.0,0.0,0.0,1.0,1.0,0.9899899334728571,-1.0201448799000876
F1367,9072.0,0.16964285714285715,0.3753394293560402,0.0,0.0,0.0,0.0,1.0,1.7606995861934975,1.1003055559921178
F1368,9072.0,0.16027336860670194,0.3668796162977661,0.0,0.0,0.0,0.0,1.0,1.8523871507452534,1.4316537279568529
F1369,9072.0,81997.11364638447,380517.33242459985,0.0,0.0,0.0,15292.5,15000000.0,15.63194047173417,401.1561752263524
F1370,9072.0,42714.037367724864,308669.3475149223,0.0,0.0,0.0,0.0,15000000.0,22.319787605986047,779.9430968610062
F1371,9072.0,42877.904320987655,233184.33004872056,0.0,0.0,0.0,0.0,9800000.0,17.607947428713047,505.7059144222065
F1372,9072.0,0.08895502645502645,0.28469450980402805,0.0,0.0,0.0,0.0,1.0,2.8882580994652525,6.343433264676894
F1373,9072.0,0.04828042328042328,0.21436998282977585,0.0,0.0,0.0,0.0,1.0,4.2153213631803945,15.772411309349252
F1374,9072.0,0.07539682539682539,0.2640451273613532,0.0,0.0,0.0,0.0,1.0,3.216850141414474,8.349965605097243
F1375,9072.0,51584.739883156966,1171109.5951980103,0.0,0.0,0.0,0.0,101475000.0,74.2947819872816,6259.352127472525
F1376,9072.0,38070.439645061735,1150228.241229194,0.0,0.0,0.0,0.0,101475000.0,78.23883600454107,6728.7839822930355
F1377,9072.0,39109.009725529104,1105976.8608805672,0.0,0.0,0.0,0.0,101475000.0,85.52204439880991,7806.4497393682595
F1378,9072.0,0.3247354497354497,0.46830173117204804,0.0,0.0,0.0,1.0,1.0,0.748676272945529,-1.4398013034565467
F1379,9072.0,0.9484126984126984,0.22120453336246557,0.0,1.0,1.0,1.0,1.0,-4.055175269769988,14.447631523975666
F1380,9072.0,0.9495149911816578,0.21895560569701059,0.0,1.0,1.0,1.0,1.0,-4.106897478394118,14.86988504286391
F1381,9072.0,6992553.019113756,143637288.3027664,0.0,55419.25,166109.5,684762.025,7211344930.0,39.69438144765996,1724.1874037945108
F1382,9072.0,6069293.616420856,128139225.73292455,0.0,50000.0,114406.0,554249.25,7211345015.0,40.86361777121687,1845.63319915599
F1383,9072.0,5336829.713212081,117052038.56638634,0.0,28882.5,98000.0,400000.0,7000000000.0,44.69207132838193,2229.134606589453
F1384,9072.0,0.5319664902998237,0.4990046003837768,0.0,0.0,1.0,1.0,1.0,-0.1281492760404685,-1.9840152047910165
F1385,9072.0,0.8845899470899471,0.31953376536437367,0.0,1.0,1.0,1.0,1.0,-2.407725214834694,3.79797795829181
F1386,9072.0,0.9175485008818343,0.27506651837989293,0.0,1.0,1.0,1.0,1.0,-3.0366514672776845,7.222844422986829
F1387,9072.0,6396291.287271826,140142133.8956786,0.0,49999.0,116026.0,547350.475,7211345015.0,41.52994827455512,1866.4001463232603
F1388,9072.0,5607873.916874999,127769859.59250562,0.0,28085.47,90000.0,401511.93,7211345015.0,41.2135266755516,1867.6455019988775
F1389,9072.0,4048607.782091049,98629072.1066798,0.0,25000.0,86979.28,300000.0,7000000000.0,55.516069023280885,3463.7974726731018
F1390,9072.0,0.5319664902998237,0.4990046003837768,0.0,0.0,1.0,1.0,1.0,-0.1281492760404685,-1.9840152047910165
F1391,9072.0,0.8845899470899471,0.31953376536437367,0.0,1.0,1.0,1.0,1.0,-2.407725214834694,3.79797795829181
F1392,9072.0,0.9175485008818343,0.27506651837989293,0.0,1.0,1.0,1.0,1.0,-3.0366514672776845,7.222844422986829
F1393,9072.0,6396291.287271826,140142133.8956786,0.0,49999.0,116026.0,547350.475,7211345015.0,41.52994827455512,1866.4001463232603
F1394,9072.0,5607873.916874999,127769859.59250562,0.0,28085.47,90000.0,401511.93,7211345015.0,41.2135266755516,1867.6455019988775
F1395,9072.0,4048607.782091049,98629072.1066798,0.0,25000.0,86979.28,300000.0,7000000000.0,55.516069023280885,3463.7974726731018
F1396,9072.0,0.1404320987654321,0.34745392751635035,0.0,0.0,0.0,0.0,1.0,2.0701863473205564,2.2861754709753885
F1397,9072.0,0.0,0.0,0.0,0.0,0.0,0.0,0.0,0.0,0.0
F1398,9072.0,0.1404320987654321,0.34745392751635035,0.0,0.0,0.0,0.0,1.0,2.0701863473205564,2.2861754709753885
F1399,9072.0,1228.3443672839508,3458.0695249975693,0.0,0.0,0.0,0.0,20011.8,2.9630267867020157,8.51665067774454
F1400,9072.0,0.0,0.0,0.0,0.0,0.0,0.0,0.0,0.0,0.0
F1401,9072.0,1228.3443672839508,3458.0695249975693,0.0,0.0,0.0,0.0,20011.8,2.9630267867020157,8.51665067774454
F1402,9072.0,0.14153439153439154,0.34859116762531883,0.0,0.0,0.0,0.0,1.0,2.05710692639575,2.232180961416554
F1403,9072.0,0.0011022927689594356,0.03318432015262459,0.0,0.0,0.0,0.0,1.0,30.074909804132883,902.6992074447397
F1404,9072.0,0.14131393298059966,0.34836429566725335,0.0,0.0,0.0,0.0,1.0,2.0597125729002776,2.242910303129877
F1405,9072.0,1673.7980709876542,34473.78865339293,0.0,0.0,0.0,0.0,2256750.0,40.96614257444787,2242.1656927166164
F1406,9072.0,169.31146604938272,10606.501871222108,0.0,0.0,0.0,0.0,713367.0,67.05601945038457,4507.404112215645
F1407,9072.0,1511.9073357583775,32811.73105410228,0.0,0.0,0.0,0.0,2256750.0,45.27641939389042,2684.8828068429216
F1408,9072.0,0.16038359788359788,0.3669816679364342,0.0,0.0,0.0,0.0,1.0,1.8512711649986975,1.4275195866595354
F1409,9072.0,0.005731922398589065,0.07549632929848506,0.0,0.0,0.0,0.0,1.0,13.096717995390174,169.56140346486478
F1410,9072.0,0.15564373897707232,0.36253724399953613,0.0,0.0,0.0,0.0,1.0,1.900120331067267,1.6108123412956692
F1411,9072.0,1440.3650870811289,37442.69953734916,0.0,0.0,0.0,0.0,2500000.0,48.30646362590419,2759.7218669532845
F1412,9072.0,934.4421450617284,33495.24928747731,0.0,0.0,0.0,0.0,2500000.0,60.61452951415682,4113.273808323309
F1413,9072.0,551.6002193562609,17279.350604195424,0.0,0.0,0.0,0.0,1033591.0,51.824609381705294,2881.401548515971
F1414,9072.0,0.1275352733686067,0.33359000881650885,0.0,0.0,0.0,0.0,1.0,2.2335612454016696,2.9894548392594276
F1415,9072.0,0.007495590828924162,0.08625675091203151,0.0,0.0,0.0,0.0,1.0,11.422016357310076,128.49078451126908
F1416,9072.0,0.12235449735449735,0.32771285065336453,0.0,0.0,0.0,0.0,1.0,2.3052423817506353,3.3148731821775135
F1417,9072.0,54895.699261463844,999318.8247458582,0.0,0.0,0.0,0.0,47588317.0,36.227507021086026,1535.1701059399752
F1418,9072.0,10547.947641093475,482630.26260068733,0.0,0.0,0.0,0.0,43742056.0,83.21795288533346,7451.099103639915
F1419,9072.0,44642.62531305115,875626.7407877488,0.0,0.0,0.0,0.0,47588317.0,39.997325762169446,1923.1348074891418
F1420,9072.0,0.7220017636684304,0.4480372128075839,0.0,0.0,1.0,1.0,1.0,-0.9912155075549675,-1.0177162304436689
F1421,9072.0,0.650352733686067,0.4768848117928337,0.0,0.0,1.0,1.0,1.0,-0.6307010993953616,-1.6025694719855468
F1422,9072.0,0.3669532627865961,0.4820001811645342,0.0,0.0,0.0,1.0,1.0,0.5521826761596594,-1.6954681212155776
F1423,9072.0,5299169.285479497,127691227.59109057,0.0,0.0,74026.0,450000.0,7211345015.0,47.36278165663921,2439.9161507403965
F1424,9072.0,3838714.7837136243,102983443.69158071,0.0,0.0,37000.0,250000.0,7211345015.0,54.97871604312137,3400.010523829629
F1425,9072.0,3024769.699212963,85630376.86397453,0.0,0.0,0.0,152310.0,7000000000.0,66.90370710686432,5114.340679614702
F1426,9072.0,0.6936728395061729,0.4609926859836755,0.0,0.0,1.0,1.0,1.0,-0.840427849053106,-1.2939663450993322
F1427,9072.0,0.6808862433862434,0.4661589001935414,0.0,0.0,1.0,1.0,1.0,-0.7762423071794218,-1.3977560764427561
F1428,9072.0,0.6432980599647267,0.479052150222928,0.0,0.0,1.0,1.0,1.0,-0.5983885393153675,-1.6422932622296464
F1429,9072.0,48475.31318231922,122005.91213795288,0.0,0.0,36000.0,75098.95000000001,10000000.0,61.92348501873568,4926.400378631354
F1430,9072.0,28588.076025132275,114983.29187148702,0.0,0.0,13000.0,50000.0,10000000.0,74.15509462378049,6294.754273403618
F1431,9072.0,37178.39393738977,52513.29807259774,0.0,0.0,20000.0,50000.0,1254456.0,3.881736821432538,44.995765277404935
F1432,9072.0,0.5629409171075838,0.4960499617809775,0.0,0.0,1.0,1.0,1.0,-0.25382441641500464,-1.9360000220142823
F1433,9072.0,0.5154320987654321,0.4997893400533029,0.0,0.0,1.0,1.0,1.0,-0.06176803071533094,-1.996624932044564
F1434,9072.0,0.13701499118165786,0.343882128828043,0.0,0.0,0.0,0.0,1.0,2.1115668374593666,2.459256624622858
F1435,9072.0,4969206.552458114,127481116.17969154,0.0,0.0,9691.5,300045.3975,7211345015.0,47.596468576420435,2456.5268989067085
F1436,9072.0,3820691.4729001326,102984089.03966084,0.0,0.0,900.0,200000.0,7211345015.0,54.97820694895721,3399.9637288789095
F1437,9072.0,2153869.387107583,84281539.72822563,0.0,0.0,0.0,0.0,7000000000.0,69.94825673784148,5450.28214812999
F1438,9072.0,0.1632495590828924,0.36961358122578525,0.0,0.0,0.0,0.0,1.0,1.8225774912577712,1.3220801269119988
F1439,9072.0,0.07782186948853616,0.26790583730669676,0.0,0.0,0.0,0.0,1.0,3.15238539077714,7.939283886464097
F1440,9072.0,0.12874779541446207,0.3349390490371914,0.0,0.0,0.0,0.0,1.0,2.2173232379123937,2.9171654068613657
F1441,9072.0,46106.69654761905,234998.58495173755,0.0,0.0,0.0,0.0,10000000.0,17.103582713535882,512.3839564328758
F1442,9072.0,14711.890144400353,158685.9281354018,0.0,0.0,0.0,0.0,10000000.0,40.93186496948096,2199.884844084425
F1443,9072.0,37631.65843584656,196287.5703126663,0.0,0.0,0.0,0.0,6500000.0,12.650887907152653,266.3070288842805
F1444,9072.0,0.0341710758377425,0.18167842953218588,0.0,0.0,0.0,0.0,1.0,5.129190559145014,24.313955963113862
F1445,9072.0,0.0004409171075837742,0.02099455371252509,0.0,0.0,0.0,0.0,1.0,47.599891485397876,2264.2488424103994
F1446,9072.0,0.0341710758377425,0.18167842953218588,0.0,0.0,0.0,0.0,1.0,5.129190559145014,24.313955963113862
F1447,9072.0,334.60860449735446,3035.802106621017,0.0,0.0,0.0,0.0,50000.0,12.66042210388971,178.97216367975344
F1448,9072.0,5.747869268077602,369.946635923183,0.0,0.0,0.0,0.0,24875.76,67.01840225823808,4503.28490068773
F1449,9072.0,334.60860449735446,3035.802106621017,0.0,0.0,0.0,0.0,50000.0,12.66042210388971,178.97216367975344
F1450,9072.0,0.0,0.0,0.0,0.0,0.0,0.0,0.0,0.0,0.0
F1451,9072.0,0.0,0.0,0.0,0.0,0.0,0.0,0.0,0.0,0.0
F1452,9072.0,0.0,0.0,0.0,0.0,0.0,0.0,0.0,0.0,0.0
F1453,9072.0,0.0,0.0,0.0,0.0,0.0,0.0,0.0,0.0,0.0
F1454,9072.0,0.0,0.0,0.0,0.0,0.0,0.0,0.0,0.0,0.0
F1455,9072.0,0.0,0.0,0.0,0.0,0.0,0.0,0.0,0.0,0.0
F1456,9072.0,0.015873015873015872,0.12499114099983533,0.0,0.0,0.0,0.0,1.0,7.748288938287396,58.04877877270808
F1457,9072.0,0.01576278659611993,0.12456336329665708,0.0,0.0,0.0,0.0,1.0,7.77666849001518,58.489467258664945
F1458,9072.0,0.00011022927689594356,0.0104990131391452,0.0,0.0,0.0,0.0,1.0,95.24704719832523,9071.999999999995
F1459,9072.0,76.89266093474427,1916.8813456593746,0.0,0.0,0.0,0.0,75000.0,32.759438947493685,1126.85437013335
F1460,9072.0,76.78251102292768,1916.857047296799,0.0,0.0,0.0,0.0,75000.0,32.760844890026185,1126.9191877145677
F1461,9072.0,0.11014991181657847,10.491453849685016,0.0,0.0,0.0,0.0,999.28,95.24704719832523,9072.0
F1462,9072.0,0.15046296296296297,0.3575443346275987,0.0,0.0,0.0,0.0,1.0,1.9556406218702722,1.8249325152946776
F1463,9072.0,0.04056437389770723,0.19728962452125454,0.0,0.0,0.0,0.0,1.0,4.658500780925545,19.705973827873315
F1464,9072.0,0.1232363315696649,0.32872640545334836,0.0,0.0,0.0,0.0,1.0,2.292768340283361,3.2575047584038446
F1465,9072.0,102554.08436067021,3322684.337313172,0.0,0.0,0.0,0.0,250000000.0,58.50423103328494,3900.7933568167086
F1466,9072.0,8456.284163359789,103820.36853919872,0.0,0.0,0.0,0.0,3000000.0,19.316878098108333,445.99803885744507
F1467,9072.0,95542.16672067902,3321433.012031092,0.0,0.0,0.0,0.0,250000000.0,58.57622889955128,3907.1740643035805
F1468,9072.0,0.18000440917107582,0.38421230302531034,0.0,0.0,0.0,0.0,1.0,1.666090073793708,0.7760271672177366
F1469,9072.0,0.05489417989417989,0.22778614602829322,0.0,0.0,0.0,0.0,1.0,3.908964411502868,13.28293105763088
F1470,9072.0,0.13921957671957672,0.34619459445995127,0.0,0.0,0.0,0.0,1.0,2.0847233534204053,2.34658873726102
F1471,9072.0,57250.863062169316,1088795.0441764616,0.0,0.0,0.0,0.0,55857568.78,34.71836845880196,1439.0153313752737
F1472,9072.0,43934.62977182539,1059904.445910356,0.0,0.0,0.0,0.0,55857568.78,37.13195301316807,1597.995586169511
F1473,9072.0,15682.551696428573,291347.7076085187,0.0,0.0,0.0,0.0,15928078.0,35.010418347337364,1471.233584192469
F1474,9080.0,0.3529735682819383,0.47792089668120535,0.0,0.0,0.0,1.0,1.0,0.6154107282214385,-1.6216268706557257
F1475,9080.0,0.2181718061674009,0.41302742861516417,0.0,0.0,0.0,0.0,1.0,1.364995468454559,-0.13681755564643616
F1476,9080.0,0.20848017621145373,0.4062442220259589,0.0,0.0,0.0,0.0,1.0,1.435511121344367,0.06070550223797122
F1477,9080.0,102108.91718061674,589040.4824912593,0.0,0.0,0.0,50000.0,41800000.0,43.369993700178405,2834.6658419573328
F1478,9080.0,55507.30704845815,541688.5912108336,0.0,0.0,0.0,0.0,41800000.0,54.53391073131775,3964.6704429413066
F1479,9080.0,52544.47610132158,247924.89861719447,0.0,0.0,0.0,0.0,9800000.0,16.35475906925035,440.66896950556014
F1480,9080.0,0.1368942731277533,0.34375462924353156,0.0,0.0,0.0,0.0,1.0,2.1130521181746524,2.4655322743967525
F1481,9080.0,0.09548458149779736,0.2938992838647599,0.0,0.0,0.0,0.0,1.0,2.75335504819245,5.5821935309614314
F1482,9080.0,0.10881057268722467,0.31141854912969535,0.0,0.0,0.0,0.0,1.0,2.5128600236666667,4.3154159821980596
F1483,9080.0,89838.01585352422,1280579.4299364567,0.0,0.0,0.0,0.0,101475000.0,58.84922358255047,4401.624606609579
F1484,9080.0,69070.18519493392,1234684.5504826684,0.0,0.0,0.0,0.0,101475000.0,64.96348993166205,5088.784408181325
F1485,9080.0,55676.64741409692,1143305.515589591,0.0,0.0,0.0,0.0,101475000.0,78.09165923701516,6836.700739628234
F1486,9080.0,0.41200440528634363,0.49222297641543156,0.0,0.0,0.0,1.0,1.0,0.35762240078416985,-1.872518716045485
F1487,9080.0,0.9662995594713656,0.18046691567939535,0.0,1.0,1.0,1.0,1.0,-5.168839834135106,24.72235063423379
F1488,9080.0,0.9611233480176211,0.1933115968657511,0.0,1.0,1.0,1.0,1.0,-4.771828973450302,20.774927678708686
F1489,9080.0,8779740.922142072,166868891.01130685,0.0,69999.0,199999.0,799998.25,7687899999.0,37.608076355896934,1561.9417664748748
F1490,9080.0,7276103.228786344,134280150.88990283,0.0,52249.0475,155120.0,679171.5175,7211345015.0,36.92560513124737,1558.3846740931433
F1491,9080.0,6838461.508799559,147594401.307642,0.0,36500.0,100000.0,485000.0,7687900000.0,42.22426125464585,1965.731968186195
F1492,9080.0,0.7440528634361233,0.4364162869654995,0.0,0.0,1.0,1.0,1.0,-1.1186870825281972,-0.7487041727236408
F1493,9080.0,0.9078193832599118,0.28929667796340797,0.0,1.0,1.0,1.0,1.0,-2.8200063269289832,5.953747033454587
F1494,9080.0,0.9289647577092511,0.25689784931173804,0.0,1.0,1.0,1.0,1.0,-3.3403102852328628,9.159690306090534
F1495,9080.0,8088212.597057269,163163915.8273602,0.0,53000.0,150000.0,650000.0,7687900000.0,39.090559708139395,1672.9521853437054
F1496,9080.0,6735290.14757489,133361012.26991205,0.0,40000.0,100000.0,500000.0,7211345015.0,37.40169782689591,1588.8731372519028
F1497,9080.0,5596803.847612335,132834165.26533753,0.0,30000.0,98158.98000000001,400000.0,7687900000.0,49.40603156795994,2669.7938727922765
F1498,9080.0,0.7440528634361233,0.4364162869654995,0.0,0.0,1.0,1.0,1.0,-1.1186870825281972,-0.7487041727236408
F1499,9080.0,0.9078193832599118,0.28929667796340797,0.0,1.0,1.0,1.0,1.0,-2.8200063269289832,5.953747033454587
F1500,9080.0,0.9289647577092511,0.25689784931173804,0.0,1.0,1.0,1.0,1.0,-3.3403102852328628,9.159690306090534
F1501,9080.0,8088212.597057269,163163915.8273602,0.0,53000.0,150000.0,650000.0,7687900000.0,39.090559708139395,1672.9521853437054
F1502,9080.0,6735290.14757489,133361012.26991205,0.0,40000.0,100000.0,500000.0,7211345015.0,37.40169782689591,1588.8731372519028
F1503,9080.0,5596803.847612335,132834165.26533753,0.0,30000.0,98158.98000000001,400000.0,7687900000.0,49.40603156795994,2669.7938727922765
F1504,9080.0,0.1920704845814978,0.3939498770913636,0.0,0.0,0.0,0.0,1.0,1.5636372754823293,0.44505951148786904
F1505,9080.0,0.0,0.0,0.0,0.0,0.0,0.0,0.0,0.0,0.0
F1506,9080.0,0.1920704845814978,0.3939498770913636,0.0,0.0,0.0,0.0,1.0,1.5636372754823293,0.44505951148786904
F1507,9080.0,1689.4135286343612,3971.739955918814,0.0,0.0,0.0,0.0,20011.8,2.3853413242743744,5.098774729968843
F1508,9080.0,0.0,0.0,0.0,0.0,0.0,0.0,0.0,0.0,0.0
F1509,9080.0,1689.4135286343612,3971.739955918814,0.0,0.0,0.0,0.0,20011.8,2.3853413242743744,5.098774729968843
F1510,9080.0,0.2225770925110132,0.41599950647323164,0.0,0.0,0.0,0.0,1.0,1.334059406325993,-0.22033408065185744
F1511,9080.0,0.002422907488986784,0.04916607805295645,0.0,0.0,0.0,0.0,1.0,20.24512569822785,407.9549724141432
F1512,9080.0,0.22202643171806166,0.4156317127412634,0.0,0.0,0.0,0.0,1.0,1.337890256716144,-0.2100959861557814
F1513,9080.0,3845.753146475771,51460.469904524456,0.0,0.0,0.0,0.0,2256750.0,22.993598552733555,715.5491516237164
F1514,9080.0,185.6999207048458,10684.831233682931,0.0,0.0,0.0,0.0,713367.0,65.71203128287488,4374.483324620653
F1515,9080.0,3669.623279735683,50353.647522367886,0.0,0.0,0.0,0.0,2256750.0,23.935868909952617,772.481767526302
F1516,9080.0,0.20495594713656387,0.4036916580416617,0.0,0.0,0.0,0.0,1.0,1.4620517862048192,0.1376256910525897
F1517,9080.0,0.007709251101321586,0.08746805778456233,0.0,0.0,0.0,0.0,1.0,11.25894913744539,124.79142272924487
F1518,9080.0,0.19911894273127753,0.39935968017758383,0.0,0.0,0.0,0.0,1.0,1.5071493701938272,0.2715589903109632
F1519,9080.0,1973.1636233480178,41590.29158974963,0.0,0.0,0.0,0.0,2500000.0,40.19024434219759,1987.6436643545485
F1520,9080.0,1259.406629955947,37632.23465631036,0.0,0.0,0.0,0.0,2500000.0,49.28755741937174,2843.2930205093353
F1521,9080.0,774.297,18265.25112093543,0.0,0.0,0.0,0.0,1033591.0,45.259833076692914,2325.9059066899904
F1522,9080.0,0.37698237885462554,0.4846571304639511,0.0,0.0,0.0,1.0,1.0,0.5077598812570551,-1.7425637761371418
F1523,9080.0,0.012885462555066078,0.11278664983984961,0.0,0.0,0.0,0.0,1.0,8.639707903833916,72.66055714344198
F1524,9080.0,0.37257709251101323,0.483517476779109,0.0,0.0,0.0,1.0,1.0,0.5271825177495364,-1.7224580375536926
F1525,9080.0,98648.50152092511,1268914.8270089047,0.0,0.0,0.0,23.6,47588317.0,27.570481368028098,895.3513756326253
F1526,9080.0,19226.49465859031,675091.2091860641,0.0,0.0,0.0,0.0,43742056.0,60.4850660414661,3881.83640473658
F1527,9080.0,80944.91494162996,1076660.9536731103,0.0,0.0,0.0,23.6,47588317.0,30.36229972628803,1136.147247139407
F1528,9080.0,0.7713656387665199,0.41997632697529536,0.0,1.0,1.0,1.0,1.0,-1.2925748746699788,-0.32932277995262105
F1529,9080.0,0.7091409691629956,0.4541836339903451,0.0,0.0,1.0,1.0,1.0,-0.9211562458422073,-1.1517249031731374
F1530,9080.0,0.39559471365638765,0.48900498119336777,0.0,0.0,0.0,1.0,1.0,0.42710521236145066,-1.8179816225858558
F1531,9080.0,6735933.006961454,155200474.42212903,0.0,2307.5,100000.0,500000.0,7687900000.0,43.021327823690754,1983.1817813115072
F1532,9080.0,4547496.739995595,106880839.77749299,0.0,0.0,50000.0,350000.0,7211345015.0,50.57433777821236,2957.706951849903
F1533,9080.0,4440515.057200441,123471018.89412497,0.0,0.0,0.0,200000.0,7687900000.0,55.56682160477955,3351.6733243909107
F1534,9080.0,0.7451541850220265,0.4357985106713882,0.0,0.0,1.0,1.0,1.0,-1.1253282865057967,-0.733797925614597
F1535,9080.0,0.7259911894273128,0.44603799511073594,0.0,0.0,1.0,1.0,1.0,-1.0135503282984228,-0.9729300823133182
F1536,9080.0,0.6506607929515419,0.4767875432622996,0.0,0.0,1.0,1.0,1.0,-0.6321221583444332,-1.600774218900531
F1537,9080.0,55010.188092511016,165179.3009197279,0.0,1000.0,48000.0,90000.0,10000000.0,49.65689449200053,2918.830145035667
F1538,9080.0,35813.98494052864,160420.23284380426,0.0,0.0,20000.0,50000.0,10000000.0,54.44477216067856,3306.759444956334
F1539,9080.0,41260.40788876652,56848.36449119461,0.0,0.0,25000.0,60000.0,1270766.0,5.221907935016567,78.6900255224486
F1540,9080.0,0.6356828193832599,0.48126466820150643,0.0,0.0,1.0,1.0,1.0,-0.5639836913782724,-1.6822929935075548
F1541,9080.0,0.5922907488986784,0.49143566779073494,0.0,0.0,1.0,1.0,1.0,-0.3756792100624387,-1.8592747115332997
F1542,9080.0,0.16806167400881059,0.3739416368585721,0.0,0.0,0.0,0.0,1.0,1.7757394392187995,1.153504583380967
F1543,9080.0,6427520.740103524,155015266.20272464,0.0,0.0,29310.5,428000.0,7687900000.0,43.17636807620035,1993.0211193910322
F1544,9080.0,4528689.70760022,106881612.27208446,0.0,0.0,13665.0,300000.0,7211345015.0,50.57376830109754,2957.6569695169565
F1545,9080.0,3619379.370685022,122876279.77523004,0.0,0.0,0.0,0.0,7687900000.0,56.369499084120044,3418.507949318363
F1546,9080.0,0.18997797356828194,0.3923051017116965,0.0,0.0,0.0,0.0,1.0,1.5808630931036025,0.4992380349429193
F1547,9080.0,0.09702643171806168,0.296010056013262,0.0,0.0,0.0,0.0,1.0,2.7233017280795435,5.417565550044927
F1548,9080.0,0.14768722466960352,0.35480920623539813,0.0,0.0,0.0,0.0,1.0,1.9863655630524868,1.94607675283665
F1549,9080.0,55507.562831497795,254140.76264300075,0.0,0.0,0.0,0.0,10000000.0,14.729279217132204,390.07239995489
F1550,9080.0,18932.144693832597,166755.68486886396,0.0,0.0,0.0,0.0,10000000.0,35.89083414303728,1806.256124637934
F1551,9080.0,45017.60446035242,215744.7645160935,0.0,0.0,0.0,0.0,6500000.0,11.364408217079523,213.8846932387704
F1552,9080.0,0.05011013215859031,0.21818421020646026,0.0,0.0,0.0,0.0,1.0,4.124853800666683,15.0177266977496
F1553,9080.0,0.0007709251101321586,0.027756362012038002,0.0,0.0,0.0,0.0,1.0,35.98015195584485,1292.8561047912085
F1554,9080.0,0.05011013215859031,0.21818421020646026,0.0,0.0,0.0,0.0,1.0,4.124853800666683,15.0177266977496
F1555,9080.0,500.248524229075,3928.8411348719437,0.0,0.0,0.0,0.0,100000.0,11.987961812367912,177.9760310149152
F1556,9080.0,6.870214757709251,376.18250977045153,0.0,0.0,0.0,0.0,24875.76,64.12177572149379,4213.788970041666
F1557,9080.0,500.248524229075,3928.8411348719437,0.0,0.0,0.0,0.0,100000.0,11.987961812367912,177.9760310149152
F1558,9080.0,0.0,0.0,0.0,0.0,0.0,0.0,0.0,0.0,0.0
F1559,9080.0,0.0,0.0,0.0,0.0,0.0,0.0,0.0,0.0,0.0
F1560,9080.0,0.0,0.0,0.0,0.0,0.0,0.0,0.0,0.0,0.0
F1561,9080.0,0.0,0.0,0.0,0.0,0.0,0.0,0.0,0.0,0.0
F1562,9080.0,0.0,0.0,0.0,0.0,0.0,0.0,0.0,0.0,0.0
F1563,9080.0,0.0,0.0,0.0,0.0,0.0,0.0,0.0,0.0,0.0
F1564,9080.0,0.034140969162995596,0.1816011988825031,0.0,0.0,0.0,0.0,1.0,5.131702526551954,24.339731947065733
F1565,9080.0,0.03403083700440528,0.18131839366612879,0.0,0.0,0.0,0.0,1.0,5.140921586206248,24.434456746061088
F1566,9080.0,0.00011013215859030837,0.01049438700402784,0.0,0.0,0.0,0.0,1.0,95.28903399657267,9079.99999999999
F1567,9080.0,129.88286894273128,2392.7005628012885,0.0,0.0,0.0,0.0,86819.0,26.128150795507867,734.312296397412
F1568,9080.0,129.77281607929515,2392.683551264223,0.0,0.0,0.0,0.0,86819.0,26.128840812787697,734.3380726949327
F1569,9080.0,0.11005286343612335,10.486831045384937,0.0,0.0,0.0,0.0,999.28,95.28903399657281,9079.999999999998
F1570,9080.0,0.21134361233480176,0.4082840291190617,0.0,0.0,0.0,0.0,1.0,1.4143094599998536,0.0002712598722363069
F1571,9080.0,0.04955947136563876,0.21704496844296683,0.0,0.0,0.0,0.0,1.0,4.151579920976368,15.238972393662687
F1572,9080.0,0.18061674008810572,0.384721501892824,0.0,0.0,0.0,0.0,1.0,1.660700650078463,0.7580935816184815
F1573,9080.0,122778.83572797355,3368438.786528911,0.0,0.0,0.0,0.0,250000000.0,56.45074483068905,3693.6823434344024
F1574,9080.0,15252.936698237885,535432.4504482903,0.0,0.0,0.0,0.0,50000000.0,89.77394310444556,8368.690878150052
F1575,9080.0,109812.9659537445,3326329.8134991517,0.0,0.0,0.0,0.0,250000000.0,58.2616969220118,3879.793072542632
F1576,9080.0,0.2709251101321586,0.4444619793065681,0.0,0.0,0.0,1.0,1.0,1.0310234336167257,-0.9371971589521801
F1577,9080.0,0.08193832599118943,0.2742858404421396,0.0,0.0,0.0,0.0,1.0,3.049036564856784,7.298231465321281
F1578,9080.0,0.21905286343612335,0.41362730651832513,0.0,0.0,0.0,0.0,1.0,1.3587547456283045,-0.15381947069577961
F1579,9080.0,89873.07340969166,2329678.316704427,0.0,0.0,0.0,295.0,192200393.0,66.25460168856053,5191.497819898119
F1580,9080.0,72662.41725440529,2315445.9734028927,0.0,0.0,0.0,0.0,192200393.0,67.4525570951141,5322.105974571083
F1581,9080.0,20039.932387665198,301072.33470522595,0.0,0.0,0.0,0.0,15928078.0,32.78786097018312,1315.8730990932183
F1582,9069.0,1.2326607123166833,27.401846098320693,0.0,0.0,0.0,0.0,2111.0,60.308378200994454,4210.457972717403
F1583,9069.0,1.0573381850259125,27.400318967197574,0.0,0.0,0.0,0.0,2111.0,60.337580295973744,4212.942078923974
F1584,9069.0,0.17532252729077075,0.5415303249225544,0.0,0.0,0.0,0.0,9.0,4.924815635489091,39.78832378630636
F1585,9069.0,380571.79975741537,9415949.07685381,0.0,0.0,0.0,0.0,658146080.0,50.47304966872427,3030.8036495092133
F1586,9069.0,325849.0657183813,9376319.660499306,0.0,0.0,0.0,0.0,658146080.0,51.08484651436616,3083.3038425856967
F1587,9069.0,54722.73403903407,875872.9784694687,0.0,0.0,0.0,0.0,66000000.0,60.03246201925847,4123.6348867354045
F1588,9069.0,0.3435880471937369,4.557157703053157,0.0,0.0,0.0,0.0,339.0,51.69313234505813,3519.054677934391
F1589,9069.0,0.11368397838791487,3.109985621612897,0.0,0.0,0.0,0.0,252.0,67.41240506863194,5091.431181462214
F1590,9069.0,0.22990406880582204,2.2114124833806894,0.0,0.0,0.0,0.0,87.0,23.788561406127858,744.1353039768453
F1591,9069.0,132872.1791200794,5689125.617339205,0.0,0.0,0.0,0.0,532568002.2,90.66749920288866,8465.334770958947
F1592,9069.0,58472.041301135745,2824322.6970503563,0.0,0.0,0.0,0.0,266284001.1,92.44689631277748,8709.240321319568
F1593,9069.0,74400.13781894365,2932670.7454752005,0.0,0.0,0.0,0.0,266284001.1,84.13063793449606,7525.8679267758225
F1594,9069.0,61.366302789723235,151.89473200164448,0.0,10.0,31.0,64.0,6614.0,16.726536211778527,535.4509091399934
F1595,9069.0,31.46664461351858,115.99663702667975,0.0,2.0,8.0,23.0,5750.0,20.275668135930346,766.792368658763
F1596,9069.0,29.899658176204653,57.53338599329218,0.0,6.0,18.0,38.0,2153.0,12.81079918969585,311.5141269595211
F1597,9069.0,42947928.88079832,1094911802.6854992,0.0,282410.0,741636.0,2218582.34,64067892617.0,43.50101064463938,2104.2416077504054
F1598,9069.0,22404708.49754438,614830836.1170262,0.0,114810.0,352521.3,1055913.23,41508948713.0,48.982200828816985,2792.1125221111265
F1599,9069.0,20543220.38306208,492535985.94516784,0.0,112635.4,369285.41,1066029.5,24201356800.0,40.18690177242665,1744.2459267611516
F1600,9069.0,60.13353181166612,151.20195952529642,0.0,9.0,31.0,63.0,6602.0,16.859787665572867,541.8124712562008
F1601,9069.0,31.01841437865255,115.68938757903364,0.0,2.0,8.0,23.0,5742.0,20.338905983266464,770.5397159167351
F1602,9069.0,29.115117433013562,56.74586182141662,0.0,5.0,17.0,37.0,2144.0,13.126308193168033,324.95477990809644
F1603,9069.0,21165417.774171352,395088022.6849807,0.0,229607.0,621136.07,1907108.98,25020690803.0,42.94458847147428,2228.1416901562607
F1604,9069.0,11537302.357186018,238081420.9431136,0.0,66120.0,257397.53,874945.0,13274112527.0,40.99137633788438,1883.0953234062697
F1605,9069.0,9628115.41674275,172616822.9987187,0.0,100000.0,330207.24,964205.92,11746578276.0,46.16499660708592,2672.5582119980595
F1606,9069.0,60.13353181166612,151.20195952529642,0.0,9.0,31.0,63.0,6602.0,16.859787665572867,541.8124712562008
F1607,9069.0,31.01841437865255,115.68938757903364,0.0,2.0,8.0,23.0,5742.0,20.338905983266464,770.5397159167351
F1608,9069.0,29.115117433013562,56.74586182141662,0.0,5.0,17.0,37.0,2144.0,13.126308193168033,324.95477990809644
F1609,9069.0,21165417.774171352,395088022.6849807,0.0,229607.0,621136.07,1907108.98,25020690803.0,42.94458847147428,2228.1416901562607
F1610,9069.0,11537302.357186018,238081420.9431136,0.0,66120.0,257397.53,874945.0,13274112527.0,40.99137633788438,1883.0953234062697
F1611,9069.0,9628115.41674275,172616822.9987187,0.0,100000.0,330207.24,964205.92,11746578276.0,46.16499660708592,2672.5582119980595
F1612,9069.0,0.25239827985444924,0.9683603129976135,0.0,0.0,0.0,0.0,15.0,5.997586492718561,48.17677095721096
F1613,9069.0,0.0,0.0,0.0,0.0,0.0,0.0,0.0,0.0,0.0
F1614,9069.0,0.25239827985444924,0.9683603129976135,0.0,0.0,0.0,0.0,15.0,5.997586492718561,48.17677095721096
F1615,9069.0,1872.5600595434998,7944.158339812355,0.0,0.0,0.0,0.0,206653.4,7.529112663504247,92.87822129185142
F1616,9069.0,0.0,0.0,0.0,0.0,0.0,0.0,0.0,0.0,0.0
F1617,9069.0,1872.5600595434998,7944.158339812355,0.0,0.0,0.0,0.0,206653.4,7.529112663504247,92.87822129185142
F1618,9069.0,0.14433785422869114,0.5521004672911336,0.0,0.0,0.0,0.0,11.0,6.9612835125987145,78.55012088128375
F1619,9069.0,0.00011026574043444702,0.010500749517746199,0.0,0.0,0.0,0.0,1.0,95.23129737644027,9069.0
F1620,9069.0,0.1442275884882567,0.5518296065573922,0.0,0.0,0.0,0.0,11.0,6.968355646728748,78.70245237333836
F1621,9069.0,711.9748671297828,14330.050798895754,0.0,0.0,0.0,0.0,621630.0,30.512140484886412,1068.165680243443
F1622,9069.0,0.16881684860513838,16.076647511669428,0.0,0.0,0.0,0.0,1531.0,95.23129737644028,9069.000000000007
F1623,9069.0,711.8060502811776,14330.046691606574,0.0,0.0,0.0,0.0,621630.0,30.512202016252232,1068.168346758824
F1624,9069.0,0.2349762928658066,1.0872940597131442,0.0,0.0,0.0,0.0,53.0,18.853401710133014,695.3394699952452
F1625,9069.0,0.021942882346454955,0.668847523708178,0.0,0.0,0.0,0.0,53.0,62.85092176033049,4612.854518285231
F1626,9069.0,0.21303341051935162,0.8595976897542065,0.0,0.0,0.0,0.0,19.0,8.981336106906962,121.62976423949085
F1627,9069.0,1756.5005171463226,47782.124424419475,0.0,0.0,0.0,0.0,3323000.0,49.288773309849205,2981.438611702733
F1628,9069.0,1009.9841217333775,39037.67393411289,0.0,0.0,0.0,0.0,3323000.0,71.14744915773373,5840.522280566722
F1629,9069.0,746.5163954129451,27512.671762566464,0.0,0.0,0.0,0.0,2000215.96,54.983867033600916,3482.731624474776
F1630,9069.0,0.10409085897011798,1.217961184690227,0.0,0.0,0.0,0.0,84.0,48.24207639918867,2960.9571674979247
F1631,9069.0,0.017311721248208182,0.3598574160984382,0.0,0.0,0.0,0.0,14.0,30.761073214777554,1044.3064474649484
F1632,9069.0,0.0867791377219098,1.0886340260320977,0.0,0.0,0.0,0.0,80.0,53.750722257997914,3576.034854992555
F1633,9069.0,38277.674680780685,754519.4550149582,0.0,0.0,0.0,0.0,46659988.0,38.13654576503073,1909.788476437952
F1634,9069.0,10727.092552651891,323373.7256242111,0.0,0.0,0.0,0.0,21756188.0,45.214590128732375,2545.853790316174
F1635,9069.0,27550.582128128794,677031.150741354,0.0,0.0,0.0,0.0,46659988.0,47.5764148334857,2810.935946859104
F1636,9069.0,18.449112360789503,103.84841528617454,0.0,0.0,2.0,11.0,6430.0,38.69651820477822,2105.486714544749
F1637,9069.0,8.4785533134855,72.39456464807573,0.0,0.0,1.0,6.0,5589.0,60.67636023488133,4320.817697716956
F1638,9069.0,9.970559047304002,50.323336032658325,0.0,0.0,0.0,3.0,1993.0,16.376640622127432,441.54124708801356
F1639,9069.0,14900956.656214578,296085494.97712404,0.0,0.0,137068.0,960538.85,18746400000.0,44.12215294152784,2299.655701784722
F1640,9069.0,7781631.184421657,167807562.16027206,0.0,0.0,49320.0,442554.66,9588332708.0,42.55251919119044,2015.1945877453632
F1641,9069.0,7119325.471571288,152262172.8999399,0.0,0.0,0.0,385366.0,11746400000.0,57.751452402509884,4075.075579493672
F1642,9069.0,35.6894916749366,75.78832978558826,0.0,0.0,18.0,45.0,1423.0,8.526855227579865,109.10902942814857
F1643,9069.0,19.219869886426288,73.44046376534291,0.0,0.0,2.0,12.0,1422.0,9.782286266438383,130.00007571191142
F1644,9069.0,16.46962178851031,19.529735059084274,0.0,0.0,9.0,28.0,158.0,1.3075793816456653,1.5189728930331525
F1645,9069.0,331325.5133057669,759876.9819381688,0.0,0.0,151358.0,418196.0,12438782.48,8.728596143072773,101.5186401638043
F1646,9069.0,177862.39661484177,739777.7393860087,0.0,0.0,13001.0,112247.0,12438782.48,9.96527492785931,120.8644930079649
F1647,9069.0,153463.11669092512,202410.38599122048,0.0,0.0,71251.0,226614.0,1473300.0,1.5546588866697335,2.2927094554275036
F1648,9069.0,5.65486823244018,57.248594770286054,0.0,0.0,1.0,3.0,4097.0,53.113397642574085,3360.2375707139413
F1649,9069.0,4.519020840224942,52.27803284582822,0.0,0.0,0.0,2.0,4097.0,63.42967246632304,4598.2105484790445
F1650,9069.0,1.1358473922152388,22.42397496626528,0.0,0.0,0.0,0.0,1993.0,78.08874771142573,6872.9760595856005
F1651,9069.0,10032736.89537766,232046482.7491875,0.0,0.0,1.0,340000.0,14456400000.0,45.69611237336809,2378.4770338028225
F1652,9069.0,7552829.622165619,167687764.6895138,0.0,0.0,0.0,200000.0,9588332708.0,42.6443117143501,2021.19191230567
F1653,9069.0,2479907.273275995,88601273.1040836,0.0,0.0,0.0,0.0,7456400000.0,70.5857119853695,5651.158751425506
F1654,9069.0,2.28018524644393,19.71132382324093,0.0,0.0,0.0,0.0,891.0,25.928924205680794,897.6679500516426
F1655,9069.0,0.36156136288455176,3.0385597249239704,0.0,0.0,0.0,0.0,106.0,19.444542251157333,511.96489097466593
F1656,9069.0,1.918623883559378,19.126710332102338,0.0,0.0,0.0,0.0,891.0,28.077880627325825,1012.6717924353602
F1657,9069.0,153942.96380857867,972350.7238342862,0.0,0.0,0.0,0.0,37099725.0,17.98321304743145,512.1963363553273
F1658,9069.0,29860.44439188444,450105.9945173529,0.0,0.0,0.0,0.0,36000000.0,60.32570309955191,4576.699437390479
F1659,9069.0,124082.51941669422,830634.6449002601,0.0,0.0,0.0,0.0,36139725.0,17.873866706819527,524.3482625088403
F1660,9069.0,0.06086668871981475,0.5276226934483295,0.0,0.0,0.0,0.0,15.0,15.480935265824447,326.76288881188367
F1661,9069.0,0.00022053148086889404,0.014849483530420572,0.0,0.0,0.0,0.0,1.0,67.3275550510647,4531.999117606513
F1662,9069.0,0.06064615723894586,0.5253440712503592,0.0,0.0,0.0,0.0,15.0,15.544525148175232,330.4777047080905
F1663,9069.0,497.21138273238495,8084.920888073619,0.0,0.0,0.0,0.0,518551.77,39.24010949468094,2098.1574774370033
F1664,9069.0,1.7664571617598412,148.7086382227891,0.0,0.0,0.0,0.0,14020.0,92.6641237379276,8714.329153251194
F1665,9069.0,495.4449255706251,8067.322894337478,0.0,0.0,0.0,0.0,518551.77,39.42733630667159,2115.5444869843905
F1666,9069.0,0.0,0.0,0.0,0.0,0.0,0.0,0.0,0.0,0.0
F1667,9069.0,0.0,0.0,0.0,0.0,0.0,0.0,0.0,0.0,0.0
F1668,9069.0,0.0,0.0,0.0,0.0,0.0,0.0,0.0,0.0,0.0
F1669,9069.0,0.0,0.0,0.0,0.0,0.0,0.0,0.0,0.0,0.0
F1670,9069.0,0.0,0.0,0.0,0.0,0.0,0.0,0.0,0.0,0.0
F1671,9069.0,0.0,0.0,0.0,0.0,0.0,0.0,0.0,0.0,0.0
F1672,9069.0,0.009482853677362443,0.10667224194494125,0.0,0.0,0.0,0.0,4.0,14.635552339595037,315.60231391469637
F1673,9069.0,0.009482853677362443,0.10667224194494125,0.0,0.0,0.0,0.0,4.0,14.635552339595037,315.60231391469637
F1674,9069.0,0.0,0.0,0.0,0.0,0.0,0.0,0.0,0.0,0.0
F1675,9069.0,25.461085014885878,1039.3604413447363,0.0,0.0,0.0,0.0,75000.0,63.870057006227505,4279.2187372421
F1676,9069.0,25.461085014885878,1039.3604413447363,0.0,0.0,0.0,0.0,75000.0,63.870057006227505,4279.2187372421
F1677,9069.0,0.0,0.0,0.0,0.0,0.0,0.0,0.0,0.0,0.0
F1678,9069.0,0.7758297496967692,11.398887405568072,0.0,0.0,0.0,0.0,494.0,31.236731744262535,1092.9507533321519
F1679,9069.0,0.07288565442716947,0.7095062012919784,0.0,0.0,0.0,0.0,27.0,20.855527205830047,578.371015808642
F1680,9069.0,0.7029440952695998,11.368296734481078,0.0,0.0,0.0,0.0,494.0,31.49295132933245,1105.5237797976586
F1681,9069.0,90765.40829970226,2291918.8944800203,0.0,0.0,0.0,0.0,150508618.0,57.773950403597134,3615.90881257416
F1682,9069.0,12791.60671518359,238788.33505628078,0.0,0.0,0.0,0.0,13000000.0,35.76788495768962,1589.8332859118539
F1683,9069.0,77973.80158451869,2277753.638300685,0.0,0.0,0.0,0.0,150508618.0,58.828159597735684,3707.885805972904
F1684,9069.0,0.2553754548461793,1.5592457446791326,0.0,0.0,0.0,0.0,86.0,29.63630103822657,1348.361583798216
F1685,9069.0,0.08082478773844966,0.7237354874990101,0.0,0.0,0.0,0.0,37.0,23.549906357472157,890.6298653931291
F1686,9069.0,0.17455066710772962,1.3745387121313912,0.0,0.0,0.0,0.0,86.0,39.9080593848174,2175.3965929460137
F1687,9069.0,131096.7937413166,3150927.9675928815,0.0,0.0,0.0,0.0,187901768.2,45.98361998460594,2506.416260352778
F1688,9069.0,72489.72810122394,1532715.2459124299,0.0,0.0,0.0,0.0,60648349.14,29.43841874959762,978.6179917960693
F1689,9069.0,58607.06564009262,2754518.1429705294,0.0,0.0,0.0,0.0,187901768.2,63.85735474228476,4206.837679052392
F1690,9075.0,2.4611570247933883,62.039770405376785,0.0,0.0,0.0,1.0,4921.0,62.75928816547123,4575.719712105265
F1691,9075.0,2.2014325068870524,62.023525883254,0.0,0.0,0.0,0.0,4920.0,62.77752337998815,4577.685781969267
F1692,9075.0,0.2597245179063361,0.7802971938591147,0.0,0.0,0.0,0.0,14.0,5.7992721162125935,54.823120607402295
F1693,9075.0,708273.6952066115,18541542.079981934,0.0,0.0,0.0,21000.0,1283131656.0,49.58130702934271,2912.521185881457
F1694,9075.0,633854.1024793389,18502662.988458708,0.0,0.0,0.0,0.0,1282698019.0,49.84226371327747,2933.8089709805254
F1695,9075.0,74419.59272727273,1119144.5320836178,0.0,0.0,0.0,0.0,69300000.0,51.09854393134162,2977.64262615853
F1696,9075.0,0.7678236914600551,9.719324250574266,0.0,0.0,0.0,0.0,724.0,50.521673454423706,3466.883115470739
F1697,9075.0,0.3168044077134986,7.136953254388424,0.0,0.0,0.0,0.0,561.0,59.72012668973587,4346.201582292055
F1698,9075.0,0.4510192837465565,3.952564475440377,0.0,0.0,0.0,0.0,163.0,22.602395272884962,703.9473300085286
F1699,9075.0,197233.46703581268,5908926.992810675,0.0,0.0,0.0,0.0,544916052.2,86.73053731520372,7964.355417551902
F1700,9075.0,84450.2840352617,2872142.8197908644,0.0,0.0,0.0,0.0,266284001.1,88.0889543161826,8137.310240214825
F1701,9075.0,112783.18300055097,3147875.7029776503,0.0,0.0,0.0,0.0,278632051.1,78.1730316773128,6788.073666178831
F1702,9075.0,110.65013774104683,284.6981259918663,0.0,16.0,54.0,112.0,11540.0,16.129313893031046,481.94110389913556
F1703,9075.0,57.413333333333334,214.80835541362578,0.0,4.0,15.0,41.0,9113.0,17.17480382000462,515.6774490221175
F1704,9075.0,53.2368044077135,104.34495344155499,0.0,10.0,31.0,67.0,3035.0,11.330905169850489,220.84035698929418
F1705,9075.0,92019313.12915592,2516197526.1927724,0.0,406689.3,1106632.0,3293665.135,131567000000.0,43.55612091664729,2037.4935508608635
F1706,9075.0,48231435.96252011,1376994119.9441807,0.0,193380.625,575111.0,1636750.33,82428651510.0,45.882558621663705,2316.5759349024584
F1707,9075.0,43787945.30466777,1161990870.8310473,0.0,166976.5,518973.0,1558931.905,65983050837.0,43.57227621575885,2066.0736668047734
F1708,9075.0,108.57278236914601,283.45431940209716,0.0,15.0,53.0,110.5,11520.0,16.243370237485227,487.11360440791213
F1709,9075.0,56.62358126721763,214.06017740266248,0.0,3.0,14.0,40.0,9097.0,17.24309255198419,518.8724556343672
F1710,9075.0,51.949201101928374,103.71289143954225,0.0,9.0,30.0,66.0,3034.0,11.489746942463713,225.43460007539326
F1711,9075.0,43142380.036069416,851031216.9153838,0.0,330689.0,946824.0,2915448.805,42397065189.0,40.07368537798421,1776.6229254949158
F1712,9075.0,25042112.059842426,586750658.9543903,0.0,111380.0,450000.0,1416178.87,35409740314.0,44.7939661158682,2253.541453216569
F1713,9075.0,18100267.976448484,303504416.1570852,0.0,148278.24,495948.18,1434416.5,15123083329.0,36.82707341339844,1574.1634645580502
F1714,9075.0,108.57278236914601,283.45431940209716,0.0,15.0,53.0,110.5,11520.0,16.243370237485227,487.11360440791213
F1715,9075.0,56.62358126721763,214.06017740266248,0.0,3.0,14.0,40.0,9097.0,17.24309255198419,518.8724556343672
F1716,9075.0,51.949201101928374,103.71289143954225,0.0,9.0,30.0,66.0,3034.0,11.489746942463713,225.43460007539326
F1717,9075.0,43142380.036069416,851031216.9153838,0.0,330689.0,946824.0,2915448.805,42397065189.0,40.07368537798421,1776.6229254949158
F1718,9075.0,25042112.059842426,586750658.9543903,0.0,111380.0,450000.0,1416178.87,35409740314.0,44.7939661158682,2253.541453216569
F1719,9075.0,18100267.976448484,303504416.1570852,0.0,148278.24,495948.18,1434416.5,15123083329.0,36.82707341339844,1574.1634645580502
F1720,9075.0,0.4403305785123967,1.5748337306803433,0.0,0.0,0.0,0.0,27.0,6.313984665661207,56.56001087607974
F1721,9075.0,0.0,0.0,0.0,0.0,0.0,0.0,0.0,0.0,0.0
F1722,9075.0,0.4403305785123967,1.5748337306803433,0.0,0.0,0.0,0.0,27.0,6.313984665661207,56.56001087607974
F1723,9075.0,3245.550084848485,13295.739880990233,0.0,0.0,0.0,0.0,416318.6,9.14725601871269,154.86129490591486
F1724,9075.0,0.0,0.0,0.0,0.0,0.0,0.0,0.0,0.0,0.0
F1725,9075.0,3245.550084848485,13295.739880990233,0.0,0.0,0.0,0.0,416318.6,9.14725601871269,154.86129490591486
F1726,9075.0,0.2512396694214876,0.9879800835795293,0.0,0.0,0.0,0.0,39.0,12.729572685253167,325.43745062073936
F1727,9075.0,0.0019834710743801653,0.0839594200188588,0.0,0.0,0.0,0.0,6.0,55.80311793793836,3515.925198147291
F1728,9075.0,0.24925619834710744,0.9791850934011155,0.0,0.0,0.0,0.0,39.0,12.91147245196656,335.8663530320157
F1729,9075.0,2308.1332187327826,46760.4563136221,0.0,0.0,0.0,0.0,2586930.82,40.849189069662195,2051.4672277425598
F1730,9075.0,39.15222809917355,2535.5763272771637,0.0,0.0,0.0,0.0,227117.0,81.84929088481681,7154.028294565325
F1731,9075.0,2268.9809906336086,46616.3316866004,0.0,0.0,0.0,0.0,2586630.82,41.1597811692572,2075.775958189128
F1732,9075.0,0.39316804407713496,1.9243797514202032,0.0,0.0,0.0,0.0,100.0,21.690970193693804,875.3776791417192
F1733,9075.0,0.03724517906336088,1.2153693563740664,0.0,0.0,0.0,0.0,100.0,67.22460651626535,5218.099217337013
F1734,9075.0,0.3559228650137741,1.498377976367219,0.0,0.0,0.0,0.0,33.0,10.585672963288546,161.4307530772263
F1735,9075.0,3855.026624793389,105185.94934671429,0.0,0.0,0.0,0.0,7073000.0,48.48948298946152,2804.477294590133
F1736,9075.0,2644.359008264463,96534.15051522944,0.0,0.0,0.0,0.0,7073000.0,58.19722811322539,3831.0288028096415
F1737,9075.0,1210.6676165289255,41807.02809425399,0.0,0.0,0.0,0.0,3012807.02,56.3914953929078,3602.7839628580045
F1738,9075.0,0.2163085399449036,1.369492952640405,0.0,0.0,0.0,0.0,86.0,36.839615288308615,2006.2556519377442
F1739,9075.0,0.022148760330578512,0.39090217100018165,0.0,0.0,0.0,0.0,14.0,28.679081997990167,935.0303581863884
F1740,9075.0,0.19415977961432507,1.2439800143042854,0.0,0.0,0.0,0.0,82.0,39.561910160822485,2295.833061789442
F1741,9075.0,63279.44017410469,1008921.0547334776,0.0,0.0,0.0,0.0,46659988.0,29.08818680816041,1069.0125561972152
F1742,9075.0,18308.148911294767,588072.0530192727,0.0,0.0,0.0,0.0,43742056.0,55.18675990421626,3666.5037661909355
F1743,9075.0,44971.291262809915,814625.9400150637,0.0,0.0,0.0,0.0,46659988.0,34.39379793353958,1526.1630627387287
F1744,9075.0,33.69388429752066,191.86850672156896,0.0,0.0,4.0,18.0,11193.0,37.43631631285073,1957.9070386382684
F1745,9075.0,15.716143250688706,127.27668657909075,0.0,0.0,2.0,11.0,8801.0,52.84836352361935,3304.7481828376267
F1746,9075.0,17.977741046831955,90.9704866215264,0.0,0.0,0.0,4.0,2998.0,14.760148516889258,337.64705476977457
F1747,9075.0,31551416.470295317,676359091.8648926,0.0,0.0,238113.0,1442312.38,37124800000.0,41.51793538289504,1928.5464686491405
F1748,9075.0,17810649.022148762,451986920.1044636,0.0,0.0,104754.0,745885.0,30297200000.0,49.1180102621255,2787.547764638798
F1749,9075.0,13740767.44819394,270634526.41333115,0.0,0.0,0.0,544675.0,13633183329.0,40.241726964359835,1815.1377370183009
F1750,9075.0,63.58181818181818,141.03842113196617,0.0,1.0,30.0,79.0,2871.0,9.18199626240343,127.69719637247728
F1751,9075.0,34.56859504132231,136.79736419433127,0.0,0.0,4.0,20.0,2834.0,10.441469130893704,150.05881188525333
F1752,9075.0,29.013223140495867,34.80280798124242,0.0,0.0,15.0,49.0,219.0,1.3183946486301803,1.4055086003950898
F1753,9075.0,548654.81889146,1478340.1267514736,0.0,100.0,233290.0,611489.8,25899965.81,9.425792191097205,111.04123176586225
F1754,9075.0,318534.1933961432,1453526.1808353371,0.0,0.0,33680.0,181025.5,25899965.81,10.30357999920679,124.9758505715227
F1755,9075.0,230120.6254953168,305908.7583197785,0.0,0.0,103280.8,356031.6,2782822.8,1.8048638900820566,4.403912291045973
F1756,9075.0,10.58060606060606,96.99416792855092,0.0,0.0,1.0,4.0,6456.0,48.54859528870258,2853.4244813569635
F1757,9075.0,8.551184573002756,90.1737803635916,0.0,0.0,1.0,4.0,6456.0,56.89816504540717,3719.382997540666
F1758,9075.0,2.029421487603306,33.15599404302538,0.0,0.0,0.0,0.0,2797.0,67.7196368286954,5582.116449659999
F1759,9075.0,20603470.770632505,518990485.8707511,0.0,0.0,20000.0,616516.245,32994800000.0,48.62913095403217,2685.4048124825167
F1760,9075.0,17361423.21532782,451715263.24694794,0.0,0.0,2626.82,445324.695,30297200000.0,49.20665915952011,2794.454811898263
F1761,9075.0,3242047.555467769,95167516.4777702,0.0,0.0,0.0,0.0,7456400000.0,60.39782934250479,4334.547621867384
F1762,9075.0,3.8748209366391184,33.42375879905552,0.0,0.0,0.0,0.0,1390.0,25.43226191202707,867.3563314758965
F1763,9075.0,0.6440771349862259,5.632257462948621,0.0,0.0,0.0,0.0,232.0,22.436379572672173,695.6091312726878
F1764,9075.0,3.2307438016528924,32.185236442197066,0.0,0.0,0.0,0.0,1390.0,27.99025711109567,1007.0036718499081
F1765,9075.0,256739.51394820935,1840959.7839263598,0.0,0.0,0.0,0.0,96975000.0,24.708487396251407,999.4473879669146
F1766,9075.0,53241.31989972452,1097775.3874752682,0.0,0.0,0.0,0.0,96975000.0,77.48969452334573,6724.715769399997
F1767,9075.0,203498.19404848482,1426829.2358567927,0.0,0.0,0.0,0.0,52468325.0,16.59237417328697,390.9637783224865
F1768,9075.0,0.10865013774104683,0.8848684486970904,0.0,0.0,0.0,0.0,26.0,15.766235434044866,340.2931976452478
F1769,9075.0,0.00044077134986225897,0.020991084399506324,0.0,0.0,0.0,0.0,1.0,47.60776900392303,2264.9988427931326
F1770,9075.0,0.10820936639118457,0.8814285498774741,0.0,0.0,0.0,0.0,26.0,15.82396992779564,343.4849998139221
F1771,9075.0,818.3543867768595,13038.832376704746,0.0,0.0,0.0,0.0,770235.77,37.4007954315108,1763.4878087004352
F1772,9075.0,1.8879504132231406,148.90720157885298,0.0,0.0,0.0,0.0,14020.0,92.24480488028978,8661.9513641203
F1773,9075.0,816.4664363636364,13019.540089841958,0.0,0.0,0.0,0.0,770235.77,37.517337281371134,1773.2237691886144
F1774,9075.0,0.0,0.0,0.0,0.0,0.0,0.0,0.0,0.0,0.0
F1775,9075.0,0.0,0.0,0.0,0.0,0.0,0.0,0.0,0.0,0.0
F1776,9075.0,0.0,0.0,0.0,0.0,0.0,0.0,0.0,0.0,0.0
F1777,9075.0,0.0,0.0,0.0,0.0,0.0,0.0,0.0,0.0,0.0
F1778,9075.0,0.0,0.0,0.0,0.0,0.0,0.0,0.0,0.0,0.0
F1779,9075.0,0.0,0.0,0.0,0.0,0.0,0.0,0.0,0.0,0.0
F1780,9075.0,0.018292011019283745,0.15029305227352535,0.0,0.0,0.0,0.0,4.0,10.477917854948041,150.8847472863679
F1781,9075.0,0.018292011019283745,0.15029305227352535,0.0,0.0,0.0,0.0,4.0,10.477917854948041,150.8847472863679
F1782,9075.0,0.0,0.0,0.0,0.0,0.0,0.0,0.0,0.0,0.0
F1783,9075.0,57.02947878787878,1617.7348264598045,0.0,0.0,0.0,0.0,75000.0,39.79136286202226,1659.9934870683496
F1784,9075.0,57.02947878787878,1617.7348264598045,0.0,0.0,0.0,0.0,75000.0,39.79136286202226,1659.9934870683496
F1785,9075.0,0.0,0.0,0.0,0.0,0.0,0.0,0.0,0.0,0.0
F1786,9075.0,1.2463911845730027,16.33502516348944,0.0,0.0,0.0,0.0,714.0,29.594541046050047,1045.3356103862784
F1787,9075.0,0.11702479338842975,1.1048074396322118,0.0,0.0,0.0,0.0,42.0,20.77786201901539,588.719546488807
F1788,9075.0,1.129366391184573,16.26751145726368,0.0,0.0,0.0,0.0,714.0,29.94023665605984,1063.3312371113336
F1789,9075.0,135334.47391184577,2722307.148026916,0.0,0.0,0.0,0.0,153971017.0,45.93952978238225,2337.1230281131925
F1790,9075.0,22643.97545674931,431639.97159857844,0.0,0.0,0.0,0.0,18750000.0,30.289451114456874,1050.3004392040266
F1791,9075.0,112690.49845509643,2686087.77317511,0.0,0.0,0.0,0.0,153971017.0,47.716832399759156,2466.8026964614287
F1792,9075.0,0.5147107438016529,3.073215503066762,0.0,0.0,0.0,0.0,152.0,31.60596111751222,1400.7255016930976
F1793,9075.0,0.16980716253443526,1.2489063835158707,0.0,0.0,0.0,0.0,43.0,15.208817429251853,324.0647139356693
F1794,9075.0,0.34490358126721765,2.7849696517300266,0.0,0.0,0.0,0.0,152.0,41.00792722571029,2066.706631988669
F1795,9075.0,242899.0430842975,6083730.317430566,0.0,0.0,0.0,0.0,384174891.6,48.709627005354236,2773.829992594948
F1796,9075.0,116513.60173443524,2528145.5678002117,0.0,0.0,0.0,0.0,115872901.2,33.44038554622815,1271.321241925796
F1797,9075.0,126385.44135426996,5535502.707837763,0.0,0.0,0.0,0.0,384174891.6,61.552544534024534,3998.374823694187
F1798,9078.0,5.362194315928619,141.24109197409487,0.0,0.0,0.0,1.0,11049.0,61.290765554377934,4368.971452982716
F1799,9078.0,4.923000660938532,141.17863890790693,0.0,0.0,0.0,0.0,11045.0,61.306985846049585,4370.833757813604
F1800,9078.0,0.43919365499008595,1.4596755589579657,0.0,0.0,0.0,0.0,33.0,8.462925667866314,109.47125732820538
F1801,9078.0,1505601.0098039217,41158272.285780296,0.0,0.0,0.0,68125.0,2785222269.0,48.22307319385597,2731.4069800403377
F1802,9078.0,1379074.6362634941,41054027.278213196,0.0,0.0,0.0,0.0,2783318701.0,48.4604947971166,2751.10154443472
F1803,9078.0,126526.3735404274,2324780.8015445834,0.0,0.0,0.0,0.0,183800000.0,61.18517938664163,4475.576689140591
F1804,9078.0,2.209297202026878,25.147979657070866,0.0,0.0,0.0,0.0,1660.0,40.081765883294025,2258.389480568856
F1805,9078.0,1.1471689799515312,19.31467495843235,0.0,0.0,0.0,0.0,1258.0,42.45021670590712,2290.4030724969607
F1806,9078.0,1.062128222075347,9.207658793917933,0.0,0.0,0.0,0.0,402.0,22.971178566489087,747.1460027143303
F1807,9078.0,396649.9168506279,6673910.34617883,0.0,0.0,0.0,0.0,565536797.2,68.77273448576517,5686.897803574206
F1808,9078.0,180887.47970918706,3180358.884140241,0.0,0.0,0.0,0.0,266284001.1,67.59284458304425,5464.457033097207
F1809,9078.0,215762.43714144084,3886945.8797448967,0.0,0.0,0.0,0.0,299252796.1,55.83829975507817,3974.9562632641782
F1810,9078.0,219.8171403392818,577.2251846445384,0.0,30.0,106.0,221.0,21770.0,14.557170984160695,373.96473379677803
F1811,9078.0,113.31636924432695,431.43887626600997,0.0,7.0,28.0,79.0,16446.0,15.297605312496062,381.02287211077254
F1812,9078.0,106.50077109495484,231.0089154914419,0.0,17.0,61.0,133.0,10536.0,17.03758673756234,560.0380923450642
F1813,9078.0,230529544.9669101,6477171917.721823,0.0,617688.925,1627154.255,5255396.574999999,337872000000.0,42.032081169333324,1903.5301452427107
F1814,9078.0,120559197.19794668,3448163849.3631077,0.0,308717.25,864606.48,2705344.25,168350000000.0,41.236945314160735,1806.6601392825173
F1815,9078.0,109970297.44469377,3069747383.558993,0.0,263390.235,760973.99,2594252.7399999998,169522000000.0,44.2112777666258,2146.7751525347844
F1816,9078.0,215.50749063670412,573.8749777947131,0.0,27.0,103.0,217.0,21724.0,14.688999996600694,379.42772643920756
F1817,9078.0,111.72163472130426,429.48073588651783,0.0,6.0,27.0,78.0,16410.0,15.386948369260237,384.53091727122876
F1818,9078.0,103.78585591539986,229.78163798963456,0.0,15.0,59.0,130.0,10515.0,17.224066164464013,568.391227464146
F1819,9078.0,109673132.74848646,2559385773.3856373,0.0,500000.0,1466037.43,4876796.505,136748000000.0,43.64035433986571,2047.146941092776
F1820,9078.0,65186334.18766578,1722000198.0977395,0.0,190756.75,720582.53,2433124.06,87983304620.0,44.09116422619322,2047.453430770882
F1821,9078.0,44486859.35241573,968613453.2701883,0.0,236114.2125,720422.81,2448622.05,62342662127.0,51.96385171035418,3081.3963232653828
F1822,9078.0,215.50749063670412,573.8749777947131,0.0,27.0,103.0,217.0,21724.0,14.688999996600694,379.42772643920756
F1823,9078.0,111.72163472130426,429.48073588651783,0.0,6.0,27.0,78.0,16410.0,15.386948369260237,384.53091727122876
F1824,9078.0,103.78585591539986,229.78163798963456,0.0,15.0,59.0,130.0,10515.0,17.224066164464013,568.391227464146
F1825,9078.0,109673132.74848646,2559385773.3856373,0.0,500000.0,1466037.43,4876796.505,136748000000.0,43.64035433986571,2047.146941092776
F1826,9078.0,65186334.18766578,1722000198.0977395,0.0,190756.75,720582.53,2433124.06,87983304620.0,44.09116422619322,2047.453430770882
F1827,9078.0,44486859.35241573,968613453.2701883,0.0,236114.2125,720422.81,2448622.05,62342662127.0,51.96385171035418,3081.3963232653828
F1828,9078.0,0.8389513108614233,2.832446815901235,0.0,0.0,0.0,0.0,43.0,6.369393644305688,56.52778148806117
F1829,9078.0,0.0,0.0,0.0,0.0,0.0,0.0,0.0,0.0,0.0
F1830,9078.0,0.8389513108614233,2.832446815901235,0.0,0.0,0.0,0.0,43.0,6.369393644305688,56.52778148806117
F1831,9078.0,6065.572211940957,24146.91555028463,0.0,0.0,0.0,0.0,520881.14,8.513692764371687,104.2857482691574
F1832,9078.0,0.0,0.0,0.0,0.0,0.0,0.0,0.0,0.0,0.0
F1833,9078.0,6065.572211940957,24146.91555028463,0.0,0.0,0.0,0.0,520881.14,8.513692764371687,104.2857482691574
F1834,9078.0,0.4966953073364177,2.0720045112491925,0.0,0.0,0.0,0.0,104.0,19.850250082371186,758.06133496788
F1835,9078.0,0.0056179775280898875,0.19823877022267133,0.0,0.0,0.0,0.0,15.0,59.78860466386168,4100.7617488876695
F1836,9078.0,0.4910773298083278,1.9845935540351605,0.0,0.0,0.0,0.0,89.0,16.68490240590882,521.5190208270108
F1837,9078.0,5634.756998237497,77529.80856547707,0.0,0.0,0.0,0.0,3440891.89,26.73361399019004,914.7532788784703
F1838,9078.0,133.23357898215465,5675.539707333641,0.0,0.0,0.0,0.0,399840.0,58.770753470337795,3757.1839961657133
F1839,9078.0,5501.523419255343,76729.1988680311,0.0,0.0,0.0,0.0,3440891.89,26.882713164206663,923.5442283086849
F1840,9078.0,0.7672394800616876,4.108412640621916,0.0,0.0,0.0,0.0,236.0,26.32781695186538,1251.3482667528049
F1841,9078.0,0.07655871337298964,2.6906083564045122,0.0,0.0,0.0,0.0,236.0,76.13373626130785,6539.2836923899
F1842,9078.0,0.6906807666886979,3.116436603909547,0.0,0.0,0.0,0.0,77.0,11.862779711597325,194.82337379132073
F1843,9078.0,8461.083430270986,234161.6814652256,0.0,0.0,0.0,0.0,19156000.0,63.88195738251718,4983.083292403156
F1844,9078.0,6545.918704560476,229503.773041842,0.0,0.0,0.0,0.0,19156000.0,67.5061601114969,5398.544007565369
F1845,9078.0,1915.1647257105087,46258.088166564354,0.0,0.0,0.0,0.0,3012831.22,44.8495005628511,2463.6739321781743
F1846,9078.0,0.6391275611368142,2.3630445396904816,0.0,0.0,0.0,1.0,105.0,23.83696367368202,868.0642383779857
F1847,9078.0,0.053536021150033045,0.9150295083663293,0.0,0.0,0.0,0.0,44.0,29.811832416710452,1070.6674624894295
F1848,9078.0,0.5855915399867813,2.0159929959078333,0.0,0.0,0.0,1.0,95.0,25.115846103929442,979.6393196897327
F1849,9078.0,191954.82293456708,6568338.29684002,0.0,0.0,0.0,23.6,606818135.0,87.17819582598358,8020.522876884372
F1850,9078.0,100660.7891716237,6357381.686229579,0.0,0.0,0.0,0.0,600000000.0,92.68191018260418,8738.209484607212
F1851,9078.0,91294.03376294338,1343825.7077211845,0.0,0.0,0.0,23.6,68666643.0,33.44835466247001,1401.3711857228511
F1852,9078.0,67.28155981493721,386.2982344190727,0.0,1.0,6.0,35.0,21094.0,32.52260042408326,1498.879078572842
F1853,9078.0,31.492068737607404,242.55122403214548,0.0,0.0,4.0,21.0,15853.0,46.78122486452115,2687.0716776793815
F1854,9078.0,35.78949107732981,201.10390805533123,0.0,0.0,0.0,7.0,9825.0,21.388678165596016,777.6492986837562
F1855,9078.0,86605383.78601122,2233162907.563902,0.0,9023.635,400318.0,2375763.8425000003,118938000000.0,43.78168460367529,2043.2188732748375
F1856,9078.0,50739609.309214585,1442463653.13719,0.0,0.0,205539.0,1237471.11,77442750000.0,44.297082482969856,2086.4201206244543
F1857,9078.0,35865839.041896895,925647029.5123605,0.0,0.0,0.0,869400.0,60752762127.0,54.53184429500151,3305.4186778705603
F1858,9078.0,124.53370786516854,280.7093517017138,0.0,1.0,57.0,155.0,6180.0,9.834563313809472,150.5154618802284
F1859,9078.0,66.82044503194537,270.9073027787244,0.0,0.0,9.0,40.0,6086.0,11.248806744540422,178.31353560819358
F1860,9078.0,57.713262833223176,70.04071009909845,0.0,0.0,29.0,98.0,527.0,1.3535278183310115,1.6268683358397573
F1861,9078.0,991223.0761213922,3090219.062042034,0.0,4792.25,388824.4,999142.375,58007710.32,10.708090061417654,138.4071022607615
F1862,9078.0,605857.1169101123,3048243.330268836,0.0,0.0,72497.0,315076.25,58007710.32,11.457440973981278,151.65863560919536
F1863,9078.0,385365.95921128005,527160.221532298,0.0,0.0,172829.34,600000.0,7007993.52,2.2550986797133756,9.531640330155016
F1864,9078.0,22.291804362194316,202.69184417776177,0.0,0.0,2.0,8.0,11541.0,42.42789559914397,2134.016716238587
F1865,9078.0,17.758316809870017,168.60065566078157,0.0,0.0,1.0,7.0,11541.0,51.10146346520009,3151.6392989035717
F1866,9078.0,4.5334875523243,107.99120417167907,0.0,0.0,0.0,0.0,9825.0,83.39462264235901,7540.299286856572
F1867,9078.0,60776468.799710274,1726165221.6443977,0.0,0.0,61578.595,954822.5,80814589674.0,43.04897503828949,1932.2325873763862
F1868,9078.0,49771013.76390284,1441832313.4060178,0.0,0.0,27629.0,730565.0,77442750000.0,44.355274076709776,2090.1968579220625
F1869,9078.0,11005455.035820667,367404745.9845483,0.0,0.0,0.0,0.0,22629254754.0,54.75537598331095,3242.0219955803873
F1870,9078.0,6.709627671293236,56.34836772803945,0.0,0.0,0.0,0.0,2782.0,28.39682079387888,1179.4161929020206
F1871,9078.0,1.1942057721965191,10.806339641551354,0.0,0.0,0.0,0.0,497.0,26.545626084974995,994.4367515122468
F1872,9078.0,5.515421899096717,53.751169340369735,0.0,0.0,0.0,0.0,2782.0,31.966897340696235,1419.709744680964
F1873,9078.0,442203.58370786515,2962334.106148598,0.0,0.0,0.0,0.0,109975040.1,16.98819622731158,408.3290310486308
F1874,9078.0,88534.4674564882,1417538.83486842,0.0,0.0,0.0,0.0,109975040.1,59.13728024029622,4216.307735921527
F1875,9078.0,353669.1162513769,2508055.707079928,0.0,0.0,0.0,0.0,67044959.0,16.0180547111773,334.62979311575555
F1876,9078.0,0.21678783873099802,1.7980980223874414,0.0,0.0,0.0,0.0,65.0,19.335054197118225,515.9751943333496
F1877,9078.0,0.0004406256884776382,0.020987616805812587,0.0,0.0,0.0,0.0,1.0,47.61564521919314,2265.7488431756146
F1878,9078.0,0.2163472130425204,1.7951464705968048,0.0,0.0,0.0,0.0,65.0,19.37815857212486,518.4750416757616
F1879,9078.0,1543.4007171183082,26331.289038825304,0.0,0.0,0.0,0.0,1365624.37,37.74606214813118,1611.940241147396
F1880,9078.0,1.887326503635162,148.88259616277864,0.0,0.0,0.0,0.0,14020.0,92.26005087624237,8664.814859086364
F1881,9078.0,1541.513390614673,26312.068677629813,0.0,0.0,0.0,0.0,1365624.37,37.803297804548656,1616.2629371607186
F1882,9078.0,0.0,0.0,0.0,0.0,0.0,0.0,0.0,0.0,0.0
F1883,9078.0,0.0,0.0,0.0,0.0,0.0,0.0,0.0,0.0,0.0
F1884,9078.0,0.0,0.0,0.0,0.0,0.0,0.0,0.0,0.0,0.0
F1885,9078.0,0.0,0.0,0.0,0.0,0.0,0.0,0.0,0.0,0.0
F1886,9078.0,0.0,0.0,0.0,0.0,0.0,0.0,0.0,0.0,0.0
F1887,9078.0,0.0,0.0,0.0,0.0,0.0,0.0,0.0,0.0,0.0
F1888,9078.0,0.041859440405375634,0.2466238737303198,0.0,0.0,0.0,0.0,4.0,7.2137470845119,63.20513437353308
F1889,9078.0,0.041859440405375634,0.2466238737303198,0.0,0.0,0.0,0.0,4.0,7.2137470845119,63.20513437353308
F1890,9078.0,0.0,0.0,0.0,0.0,0.0,0.0,0.0,0.0,0.0
F1891,9078.0,154.9080623485349,3312.7965038901343,0.0,0.0,0.0,0.0,210000.0,39.38892864118887,2028.5411851228325
F1892,9078.0,154.9080623485349,3312.7965038901343,0.0,0.0,0.0,0.0,210000.0,39.38892864118887,2028.5411851228325
F1893,9078.0,0.0,0.0,0.0,0.0,0.0,0.0,0.0,0.0,0.0
F1894,9078.0,2.1666666666666665,27.428561216392318,0.0,0.0,0.0,0.0,1353.0,32.729751078124046,1361.436237140423
F1895,9078.0,0.18847763824630975,1.7621144531911836,0.0,0.0,0.0,0.0,75.0,22.290553837846474,715.0515404306993
F1896,9078.0,1.978189028420357,27.29455226982048,0.0,0.0,0.0,0.0,1353.0,33.16465918610706,1388.648146040798
F1897,9078.0,280125.63564221194,6345707.145790978,0.0,0.0,0.0,0.0,358211931.0,46.537224441321,2387.921888668859
F1898,9078.0,43060.36636593963,915355.3581600322,0.0,0.0,0.0,0.0,50000000.0,35.21037281311045,1469.4029855729057
F1899,9078.0,237065.26927627227,6276721.330432607,0.0,0.0,0.0,0.0,358211931.0,47.99569061663764,2495.412093384985
F1900,9078.0,1.1647940074906367,6.664148117308421,0.0,0.0,0.0,1.0,333.0,30.377313065977713,1304.6660495807002
F1901,9078.0,0.4058162590879048,2.7598406841134504,0.0,0.0,0.0,0.0,85.0,13.800344205378384,254.28933487243745
F1902,9078.0,0.7589777484027319,6.01029782913274,0.0,0.0,0.0,0.0,333.0,40.09362054242965,1970.0859232413668
F1903,9078.0,550898.4984005288,14194901.307654286,0.0,0.0,0.0,262.415,853925531.3,48.58179965874455,2735.587949752506
F1904,9078.0,260107.99402952194,6052917.067309019,0.0,0.0,0.0,0.0,280283682.4,34.25513220508261,1303.0070340652544
F1905,9078.0,290790.50437651464,12844148.970980637,0.0,0.0,0.0,0.0,853925531.3,62.06652015545899,4023.3261087584815
F1906,9069.0,0.04811163599007608,0.14950391131113575,0.0,0.0,0.0,0.0,1.0,4.27148137441077,20.20435389018581
F1907,9069.0,0.021574742208071453,0.08850426623318716,0.0,0.0,0.0,0.0,1.0,6.1894761616094875,47.88643029346662
F1908,9069.0,0.02653689378079171,0.10761314280934994,0.0,0.0,0.0,0.0,1.0,5.674337374077599,38.20002935036875
F1909,9069.0,10366.063627906187,114406.51267938428,0.0,0.0,0.0,0.0,9428571.429,64.49847773491715,5124.884021315599
F1910,9069.0,3563.475258336558,44265.120911896294,0.0,0.0,0.0,0.0,3000000.0,42.51491272527041,2498.974054608832
F1911,9069.0,6802.588369584314,105639.54763475212,0.0,0.0,0.0,0.0,9428571.429,78.92815011388652,6985.295757692694
F1912,9069.0,0.005593978997794685,0.03451468202686584,0.0,0.0,0.0,0.0,0.714285714,9.797139765489812,123.65453219726848
F1913,9069.0,0.0016558919475135074,0.016788299805086178,0.0,0.0,0.0,0.0,0.666666667,17.70062281979344,438.6051453429367
F1914,9069.0,0.003938087052486492,0.025454282978361234,0.0,0.0,0.0,0.0,0.561403509,10.363388756945621,139.93219050787556
F1915,9069.0,3752.262565469764,128737.84780322383,0.0,0.0,0.0,0.0,10000000.0,63.74138880004091,4516.469300850765
F1916,9069.0,1496.6533544904596,43701.07262572132,0.0,0.0,0.0,0.0,2940000.0,51.602943240950424,3011.1823097397046
F1917,9069.0,2255.6092108918424,110701.99557812099,0.0,0.0,0.0,0.0,10000000.0,83.51791369705522,7395.163172042087
F1918,9069.0,0.9462943850129011,0.1526938400050891,0.0,0.985074627,1.0,1.0,1.0,-4.028371563967958,18.191914732834945
F1919,9069.0,0.3640427523021281,0.23646727408686263,0.0,0.195402299,0.333333333,0.5,1.0,0.5877078047302565,-0.09116569252916129
F1920,9069.0,0.5822516327090087,0.25566513416125697,0.0,0.428571429,0.620689655,0.769230769,1.0,-0.5508342708422338,-0.3276232778417816
F1921,9069.0,732505.932922513,14773601.820093703,0.0,7807.260417,25219.29375,115012.787,1055684472.0,50.96926697831816,3189.5938486612563
F1922,9069.0,363075.4739532032,7976516.641626126,0.0,2990.0,8984.172414,49602.5,527842236.1,51.16921424432724,2988.5287328615427
F1923,9069.0,369430.4590066339,7785011.310972825,0.0,2953.0,9868.490566,50000.07111,527842236.1,51.112184243853775,3040.763149211107
F1924,9069.0,0.8768022699502701,0.2557660935475119,0.0,0.92,1.0,1.0,1.0,-2.3811659149164757,4.682466858714969
F1925,9069.0,0.3297835506861837,0.24720081450441006,0.0,0.142857143,0.3,0.482142857,1.0,0.6252659432785924,-0.17505275180403324
F1926,9069.0,0.5470187192704818,0.2751456467677596,0.0,0.363636364,0.595238095,0.753424658,1.0,-0.491803363387632,-0.632892231453106
F1927,9069.0,446923.8560615203,7691771.944902099,0.0,6288.88,18876.81874,80749.02941,555004616.8,50.65822700306241,3208.33499587004
F1928,9069.0,235544.33483785173,5134745.085853954,0.0,1881.878788,5926.272727,25355.628,414376663.6,63.577303125423185,4802.212639732863
F1929,9069.0,211379.52119699825,3257014.8816236136,0.0,2640.5,8416.368421,41667.11167,205886264.4,43.20848659858002,2277.9572239305594
F1930,9069.0,0.8768022699502701,0.2557660935475119,0.0,0.92,1.0,1.0,1.0,-2.3811659149164757,4.682466858714969
F1931,9069.0,0.3297835506861837,0.24720081450441006,0.0,0.142857143,0.3,0.482142857,1.0,0.6252659432785924,-0.17505275180403324
F1932,9069.0,0.5470187192704818,0.2751456467677596,0.0,0.363636364,0.595238095,0.753424658,1.0,-0.491803363387632,-0.632892231453106
F1933,9069.0,446923.8560615203,7691771.944902099,0.0,6288.88,18876.81874,80749.02941,555004616.8,50.65822700306241,3208.33499587004
F1934,9069.0,235544.33483785173,5134745.085853954,0.0,1881.878788,5926.272727,25355.628,414376663.6,63.577303125423185,4802.212639732863
F1935,9069.0,211379.52119699825,3257014.8816236136,0.0,2640.5,8416.368421,41667.11167,205886264.4,43.20848659858002,2277.9572239305594
F1936,9069.0,0.00652663100595435,0.029446078096528893,0.0,0.0,0.0,0.0,0.666666667,8.992190374486269,121.88433129329727
F1937,9069.0,0.0,0.0,0.0,0.0,0.0,0.0,0.0,0.0,0.0
F1938,9069.0,0.00652663100595435,0.029446078096528893,0.0,0.0,0.0,0.0,0.666666667,8.992190374486269,121.88433129329727
F1939,9069.0,45.20333249347811,209.20220812373304,0.0,0.0,0.0,0.0,4234.944615,8.176271054833741,94.02691227967419
F1940,9069.0,0.0,0.0,0.0,0.0,0.0,0.0,0.0,0.0,0.0
F1941,9069.0,45.20333249347811,209.20220812373304,0.0,0.0,0.0,0.0,4234.944615,8.176271054833741,94.02691227967419
F1942,9069.0,0.0092670788332782,0.04658920849245687,0.0,0.0,0.0,0.0,0.75,6.947054689726466,56.31113225627051
F1943,9069.0,6.125874958650346e-07,5.833750198781198e-05,0.0,0.0,0.0,0.0,0.005555556,95.2312973764403,9069.000000000013
F1944,9069.0,0.0092664662458926,0.04658922076731584,0.0,0.0,0.0,0.0,0.75,6.947088590881823,56.311435293348474
F1945,9069.0,20.29340503008568,645.1699968402634,0.0,0.0,0.0,0.0,53100.0,67.88198312175447,5248.5097247851645
F1946,9069.0,0.0009378713811886646,0.08931470840283047,0.0,0.0,0.0,0.0,8.505555556,95.23129737644042,9069.000000000011
F1947,9069.0,20.29246715870504,645.1700177774238,0.0,0.0,0.0,0.0,53100.0,67.88198087277176,5248.509437982928
F1948,9069.0,0.012667964286580659,0.05043420859395596,0.0,0.0,0.0,0.0,0.6,5.238694153958938,31.019907370571847
F1949,9069.0,0.0002787091805050171,0.006142424538758373,0.0,0.0,0.0,0.0,0.279569892,31.03858865333292,1138.3152465222117
F1950,9069.0,0.012389255106075643,0.050078057457712696,0.0,0.0,0.0,0.0,0.6,5.306666789611916,31.82168521080835
F1951,9069.0,24.992972946595767,506.51679789547217,0.0,0.0,0.0,0.0,20410.36694,27.94185397058787,868.3028022592337
F1952,9069.0,13.278642753239607,363.50993497925566,0.0,0.0,0.0,0.0,17128.86598,33.077430159041164,1188.0198876461739
F1953,9069.0,11.714330193312492,353.080660237304,0.0,0.0,0.0,0.0,20410.36694,46.61225037913707,2360.8712486576756
F1954,9069.0,0.0025869685160436655,0.021713570045270268,0.0,0.0,0.0,0.0,0.6,16.10237575300669,326.4562122788227
F1955,9069.0,0.00032593006560811556,0.008940246178473683,0.0,0.0,0.0,0.0,0.481481481,39.12072883191706,1711.1998963204965
F1956,9069.0,0.0022610384503252835,0.018870095125768715,0.0,0.0,0.0,0.0,0.555555556,16.34484585662458,345.58353756000315
F1957,9069.0,765.9631628018245,18998.43603142165,0.0,0.0,0.0,0.0,1413266.667,53.61298472453213,3574.5773246061635
F1958,9069.0,236.9992934155709,9167.651470520312,0.0,0.0,0.0,0.0,572531.2632,52.22656299788071,2939.7719714685695
F1959,9069.0,528.963869383842,16628.838300155094,0.0,0.0,0.0,0.0,1413266.667,71.25350436649045,5825.6894911323225
F1960,9069.0,0.20773893602205315,0.26310384857694485,0.0,0.0,0.097826087,0.309090909,1.0,1.4025582682458848,0.990193253655455
F1961,9069.0,0.10570073295997354,0.1510207380973699,0.0,0.0,0.040540541,0.16,1.0,2.0039286048796763,4.568098724844246
F1962,9069.0,0.10203820306604919,0.19300778109649266,0.0,0.0,0.0,0.125,1.0,2.1843535865988835,4.423383729360969
F1963,9069.0,269750.52359081485,5017778.875172936,0.0,0.0,3290.980392,29246.96721,361252953.1,50.522522216401384,3198.5273796916854
F1964,9069.0,146352.76738687878,2995228.2938811486,0.0,0.0,913.875,10000.0,220625000.0,52.75192210230639,3465.6464960313115
F1965,9069.0,123397.75620065961,2109306.3521169093,0.0,0.0,0.0,9090.909091,140627953.1,43.575776317952815,2438.79960886816
F1966,9069.0,0.5483077033285919,0.39623625499760523,0.0,0.0,0.710843373,0.904761905,1.0,-0.397141786233327,-1.5429481507036953
F1967,9069.0,0.17549022576017204,0.2241907608113169,0.0,0.0,0.085106383,0.272727273,1.0,1.4778240869123362,1.6022637074717756
F1968,9069.0,0.37281747757657957,0.33548657463506004,0.0,0.0,0.416666667,0.666666667,1.0,0.11666294463759071,-1.534236594674977
F1969,9069.0,8102.068301640846,15494.795128401194,0.0,0.0,3539.166667,8185.281405,300000.0,5.241571722582815,48.26986112158811
F1970,9069.0,2034.389851576014,4224.887743221946,0.0,0.0,357.8615385,2311.491803,117270.0,6.192395108916922,87.83330519015902
F1971,9069.0,6067.678450087623,14633.19809774992,0.0,0.0,1682.030928,4956.64486,300000.0,6.068697203924944,61.96087078677591
F1972,9069.0,0.08625995593924357,0.154726001276494,0.0,0.0,0.001367989,0.102040816,1.0,2.4768159001469154,6.643532775795444
F1973,9069.0,0.0652260395835263,0.1277398978040654,0.0,0.0,0.0,0.068965517,1.0,2.800949394873985,8.871434740436943
F1974,9069.0,0.02103391635516595,0.08461990079598801,0.0,0.0,0.0,0.0,1.0,5.840182831641264,42.094793038145006
F1975,9069.0,205938.485317258,4514053.589428195,0.0,0.0,0.026052632,11352.42606,361252953.1,61.9606423287953,4643.335454159535
F1976,9069.0,144083.21380148758,2995281.065907168,0.0,0.0,0.0,5310.945946,220625000.0,52.75139707042345,3465.561996174665
F1977,9069.0,61855.27152239259,1694920.9837734415,0.0,0.0,0.0,0.0,140627953.1,67.45262719539852,5312.7201492133145
F1978,9069.0,0.024740770389127798,0.09803069244830037,0.0,0.0,0.0,0.0,1.0,6.080538764561882,44.05641774145608
F1979,9069.0,0.0062936864967471605,0.041470770040187815,0.0,0.0,0.0,0.0,1.0,11.591544563411292,180.62790861217192
F1980,9069.0,0.01844708389204984,0.0810535432465875,0.0,0.0,0.0,0.0,1.0,6.989297710414409,61.06117861051414
F1981,9069.0,5314.820530085425,52773.669126021654,0.0,0.0,0.0,0.0,2250000.0,26.584734595482335,917.2454976499739
F1982,9069.0,1061.2842154366062,23272.437987152538,0.0,0.0,0.0,0.0,2000000.0,72.15384365745196,6040.190916360772
F1983,9069.0,4253.536314688613,46230.22562253185,0.0,0.0,0.0,0.0,2250000.0,29.647678741580894,1164.279594846314
F1984,9069.0,0.001901647915536443,0.018462026986806525,0.0,0.0,0.0,0.0,0.5,16.22927010176829,330.6827751072251
F1985,9069.0,4.375924026904841e-06,0.0003133757714974951,0.0,0.0,0.0,0.0,0.027027027,77.98682383911444,6391.712723661796
F1986,9069.0,0.001897271991509538,0.01843660420796275,0.0,0.0,0.0,0.0,0.5,16.272343293872417,332.33784349785066
F1987,9069.0,17.565092792932848,316.2907126167144,0.0,0.0,0.0,0.0,15085.71429,33.86977148561447,1373.5613442696394
F1988,9069.0,0.025528989794905723,1.948016167066025,0.0,0.0,0.0,0.0,177.4683544,85.71794140971767,7659.2489719126315
F1989,9069.0,17.539563803187562,316.2116035267426,0.0,0.0,0.0,0.0,15085.71429,33.89296034671175,1374.9390183362846
F1990,9069.0,0.0,0.0,0.0,0.0,0.0,0.0,0.0,0.0,0.0
F1991,9069.0,0.0,0.0,0.0,0.0,0.0,0.0,0.0,0.0,0.0
F1992,9069.0,0.0,0.0,0.0,0.0,0.0,0.0,0.0,0.0,0.0
F1993,9069.0,0.0,0.0,0.0,0.0,0.0,0.0,0.0,0.0,0.0
F1994,9069.0,0.0,0.0,0.0,0.0,0.0,0.0,0.0,0.0,0.0
F1995,9069.0,0.0,0.0,0.0,0.0,0.0,0.0,0.0,0.0,0.0
F1996,9069.0,0.0010238468724225382,0.01763016571325857,0.0,0.0,0.0,0.0,0.666666667,23.971058537536624,660.2328209752612
F1997,9069.0,0.0010238468724225382,0.01763016571325857,0.0,0.0,0.0,0.0,0.666666667,23.971058537536624,660.2328209752612
F1998,9069.0,0.0,0.0,0.0,0.0,0.0,0.0,0.0,0.0,0.0
F1999,9069.0,5.716318122813872,396.93700496829575,0.0,0.0,0.0,0.0,37500.0,93.06510670260482,8782.909840036646
F2000,9069.0,5.716318122813872,396.93700496829575,0.0,0.0,0.0,0.0,37500.0,93.06510670260482,8782.909840036646
F2001,9069.0,0.0,0.0,0.0,0.0,0.0,0.0,0.0,0.0,0.0
F2002,9069.0,0.016982820032748924,0.08933152984287543,0.0,0.0,0.0,0.0,1.0,8.371226746457111,80.69243353768474
F2003,9069.0,0.0028934209949277763,0.03449043534225603,0.0,0.0,0.0,0.0,1.0,19.451834628252755,460.95753045967786
F2004,9069.0,0.014089399036939022,0.08103923204933697,0.0,0.0,0.0,0.0,1.0,9.288783150950586,100.06020410542654
F2005,9069.0,6406.345693628902,97207.546948337,0.0,0.0,0.0,0.0,5103000.0,32.78990019992244,1338.364134919526
F2006,9069.0,2230.2312213309697,68159.1909185026,0.0,0.0,0.0,0.0,5103000.0,55.052432059574166,3682.706384659143
F2007,9069.0,4176.114472304226,59123.31938139073,0.0,0.0,0.0,0.0,3408193.298,32.456651315433966,1462.7111559794253
F2008,9069.0,0.00906651434094167,0.0436705617670602,0.0,0.0,0.0,0.0,0.75,8.44064852486566,93.148151574505
F2009,9069.0,0.0039906595353401695,0.03192670218661906,0.0,0.0,0.0,0.0,0.75,12.329940853190076,191.21015677357488
F2010,9069.0,0.005075854805932297,0.027738158970325413,0.0,0.0,0.0,0.0,0.714285714,10.295406484550595,151.96246817189441
F2011,9069.0,1386.0840173918825,27255.18734881558,0.0,0.0,0.0,0.0,1742417.5,40.51141221564469,2146.4551586864704
F2012,9069.0,1145.1275094347984,26498.867052199086,0.0,0.0,0.0,0.0,1742417.5,43.172927511590174,2386.3577304555356
F2013,9069.0,240.95650795623462,6418.018474110628,0.0,0.0,0.0,0.0,530098.5405,66.30384064588006,5208.506312540388
F2014,9075.0,0.04710136917355372,0.1408056449232991,0.0,0.0,0.0,0.010869565,1.0,4.186359577278023,19.80250757535847
F2015,9075.0,0.02200499474060606,0.0850952438808089,0.0,0.0,0.0,0.0,1.0,5.862483470916794,43.40003639750848
F2016,9075.0,0.025096374430853996,0.09582115447525533,0.0,0.0,0.0,0.0,1.0,5.312014801577556,34.36931037941203
F2017,9075.0,9736.14790852117,94528.62850161185,0.0,0.0,0.0,344.8275862,7333333.333,55.42450691307609,4051.391379101469
F2018,9075.0,3369.2520042090873,39858.800703857865,0.0,0.0,0.0,0.0,2500000.0,37.79212359869583,1963.865257205835
F2019,9075.0,6366.895904327372,85874.23351992825,0.0,0.0,0.0,0.0,7333333.333,70.30658182671407,5870.718490393511
F2020,9075.0,0.006880105134104682,0.03680936705501695,0.0,0.0,0.0,0.0,0.645833333,8.87770291850337,101.21516176002176
F2021,9075.0,0.0021622234797796145,0.017078450284051968,0.0,0.0,0.0,0.0,0.5,13.930923227464115,254.38212835977794
F2022,9075.0,0.004717881654655647,0.027872001446084906,0.0,0.0,0.0,0.0,0.605769231,10.562181915269461,150.57676526351443
F2023,9075.0,3098.385896551938,90230.27665114329,0.0,0.0,0.0,0.0,7777777.778,74.0050350187084,6155.5952530556215
F2024,9075.0,1202.3088135510739,28493.356116947605,0.0,0.0,0.0,0.0,2125000.0,56.1781123179999,3754.864961281975
F2025,9075.0,1896.0770830170327,83243.40511228336,0.0,0.0,0.0,0.0,7777777.778,90.18615587304232,8397.340351563118
F2026,9075.0,0.9460185256942147,0.14483251138783562,0.0,0.97826087,1.0,1.0,1.0,-3.888600478343779,17.315801335511622
F2027,9075.0,0.36936922033498626,0.22612600289204673,0.0,0.204081633,0.333333333,0.5,1.0,0.6242848736672393,-0.033393300656560765
F2028,9075.0,0.5766493053574655,0.24678591027007563,0.0,0.428571429,0.615384615,0.76228568,1.0,-0.593485109724125,-0.3091080504556212
F2029,9075.0,719821.0220217609,16397032.480558747,0.0,7282.298922,23206.14364,104732.09875,1303181408.0,61.05537122928074,4521.622601714432
F2030,9075.0,379504.23101473786,8787615.635636196,0.0,3127.473479,9701.253,49559.963635,651590704.0,56.06128941296925,3718.819820853835
F2031,9075.0,340316.79098567565,7945657.6961176675,0.0,2738.1426515000003,8936.267857,43656.67143,651590704.0,64.87366641581848,5053.88515233142
F2032,9075.0,0.8743548245203305,0.24900821930248265,0.0,0.9068782025,0.98989899,1.0,1.0,-2.3591766829708067,4.673560376029238
F2033,9075.0,0.33560188688297526,0.23925396318438502,0.0,0.157894737,0.306451613,0.478019324,1.0,0.6307752128604192,-0.12350385743689118
F2034,9075.0,0.5387529376459504,0.26616573195803817,0.0,0.35859310899999997,0.588235294,0.7469116975000001,1.0,-0.5279019921006622,-0.6262491416798883
F2035,9075.0,430973.5028399619,7511544.313479381,0.0,5915.0222355,17540.45729,73451.65361000001,493337437.1,45.17757938934797,2494.5205872647957
F2036,9075.0,241643.77783504062,4967620.142545755,0.0,2064.0305344999997,6163.157895,25902.272585,368334812.1,54.13931615517082,3581.6927140691973
F2037,9075.0,189329.7250055091,2908530.7492565,0.0,2444.915921,7757.269231,37006.41338,131157131.3,36.015865888918114,1460.7836905502993
F2038,9075.0,0.8743548245203305,0.24900821930248265,0.0,0.9068782025,0.98989899,1.0,1.0,-2.3591766829708067,4.673560376029238
F2039,9075.0,0.33560188688297526,0.23925396318438502,0.0,0.157894737,0.306451613,0.478019324,1.0,0.6307752128604192,-0.12350385743689118
F2040,9075.0,0.5387529376459504,0.26616573195803817,0.0,0.35859310899999997,0.588235294,0.7469116975000001,1.0,-0.5279019921006622,-0.6262491416798883
F2041,9075.0,430973.5028399619,7511544.313479381,0.0,5915.0222355,17540.45729,73451.65361000001,493337437.1,45.17757938934797,2494.5205872647957
F2042,9075.0,241643.77783504062,4967620.142545755,0.0,2064.0305344999997,6163.157895,25902.272585,368334812.1,54.13931615517082,3581.6927140691973
F2043,9075.0,189329.7250055091,2908530.7492565,0.0,2444.915921,7757.269231,37006.41338,131157131.3,36.015865888918114,1460.7836905502993
F2044,9075.0,0.006891025408484848,0.0296525587072991,0.0,0.0,0.0,0.0,0.68,9.989815552165412,150.6830582694013
F2045,9075.0,0.0,0.0,0.0,0.0,0.0,0.0,0.0,0.0,0.0
F2046,9075.0,0.006891025408484848,0.0296525587072991,0.0,0.0,0.0,0.0,0.68,9.989815552165412,150.6830582694013
F2047,9075.0,45.557314580099614,198.8902553765382,0.0,0.0,0.0,0.0,5210.856,9.778102890166943,153.241905954674
F2048,9075.0,0.0,0.0,0.0,0.0,0.0,0.0,0.0,0.0,0.0
F2049,9075.0,45.557314580099614,198.8902553765382,0.0,0.0,0.0,0.0,5210.856,9.778102890166943,153.241905954674
F2050,9075.0,0.009778254597906336,0.045909701515520804,0.0,0.0,0.0,0.0,0.6,6.770246651593701,53.1029567135905
F2051,9075.0,2.955318479338843e-05,0.0018366493021727754,0.0,0.0,0.0,0.0,0.166666667,84.36463182281392,7520.148515194014
F2052,9075.0,0.00974870141322314,0.045787981088036646,0.0,0.0,0.0,0.0,0.6,6.784843085536244,53.418092645608006
F2053,9075.0,57.373034114378726,1874.4488133509897,0.0,0.0,0.0,0.0,123187.1819,51.16805677149584,2906.4773741243257
F2054,9075.0,0.10481881629972452,5.432354139821685,0.0,0.0,0.0,0.0,349.6503497,56.6198799746291,3282.350754937675
F2055,9075.0,57.26821529962171,1874.25950777328,0.0,0.0,0.0,0.0,123172.8962,51.17259090797818,2906.7106383691735
F2056,9075.0,0.01217693750078237,0.04711929255401143,0.0,0.0,0.0,0.0,0.6,5.294933145598339,32.2233412482932
F2057,9075.0,0.0002574912351515151,0.005726088459407366,0.0,0.0,0.0,0.0,0.269541779,31.449547206735634,1147.2592843427879
F2058,9075.0,0.011919446265630854,0.04678440916818212,0.0,0.0,0.0,0.0,0.6,5.361350321054613,33.04033625159204
F2059,9075.0,31.56169021849355,660.221401760099,0.0,0.0,0.0,0.0,34972.27407,32.42092458619213,1292.9905430712279
F2060,9075.0,21.022749902916804,594.7520227617074,0.0,0.0,0.0,0.0,34972.27407,39.34931309894038,1846.5735904578507
F2061,9075.0,10.53894031560573,287.3381463771183,0.0,0.0,0.0,0.0,16001.72768,45.0279728222773,2234.4192094498644
F2062,9075.0,0.00395549745862259,0.020851994332470942,0.0,0.0,0.0,0.0,0.502923977,11.814874796159886,192.4564653088711
F2063,9075.0,0.00027505213884297517,0.00735657853013505,0.0,0.0,0.0,0.0,0.342105263,38.057760358507394,1561.0727842477643
F2064,9075.0,0.003680445319669421,0.01881951406393054,0.0,0.0,0.0,0.0,0.479532164,11.243474536057915,178.70848853730746
F2065,9075.0,644.2306570292976,14895.24841093539,0.0,0.0,0.0,0.0,921695.6522,50.57164052362476,2925.2003837418665
F2066,9075.0,231.36583157156596,10361.395056999001,0.0,0.0,0.0,0.0,867774.6842,70.68820912624057,5595.258489095266
F2067,9075.0,412.86482545164097,10680.707519399097,0.0,0.0,0.0,0.0,921695.6522,72.73164846103705,6129.990777133678
F2068,9075.0,0.20433936737212122,0.25571639351321074,0.0,0.0,0.095744681,0.304043072,1.0,1.4138192919473578,1.0187934440036162
F2069,9075.0,0.1066497636138843,0.1475294733114178,0.0,0.0,0.045454545,0.157894737,1.0,1.9730205820995925,4.314194863722156
F2070,9075.0,0.09768960376506888,0.18370165643932568,0.0,0.0,0.0,0.116391962,1.0,2.184263840532776,4.388860635567314
F2071,9075.0,270968.9701449223,5069886.286684101,0.0,0.0,3733.126168,28600.2243,321113736.1,43.41362015310968,2284.682411204639
F2072,9075.0,152077.81143143048,2932422.269291213,0.0,0.0,1402.040816,11342.228684999998,196111111.1,44.93482015197138,2538.8252923634022
F2073,9075.0,118891.15872225832,2303187.2602548795,0.0,0.0,0.0,9417.9487175,125002625.0,41.40987927359904,1954.960834583239
F2074,9075.0,0.5492558751588981,0.3934506112005191,0.0,0.00754717,0.714285714,0.902439024,1.0,-0.41736584900885065,-1.5332991212531362
F2075,9075.0,0.17937009281542698,0.22013106342634808,0.0,0.0,0.100299401,0.275862069,1.0,1.4604331997749613,1.6001994552731875
F2076,9075.0,0.3698857823486501,0.3289348504041673,0.0,0.0,0.421052632,0.666666667,1.0,0.0769851229926851,-1.5745822763780335
F2077,9075.0,6737.529295965532,11943.801838775797,0.0,4.503305464,3253.267465,7316.880946,217583.3333,4.898575825439863,41.069766555237045
F2078,9075.0,1924.6734575883252,3814.1148126865514,0.0,0.0,544.8564356,2211.5188735,87952.5,5.551338188528528,59.97149308903287
F2079,9075.0,4812.855838403226,10934.38687150032,0.0,0.0,1503.366667,4455.202689,217166.6667,5.905155181951632,57.594418344213494
F2080,9075.0,0.08724222467173554,0.15158327038706165,0.0,0.0,0.014388489,0.105263158,1.0,2.4140284757503117,6.166448673619291
F2081,9075.0,0.06653112227449037,0.12513403241527193,0.0,0.0,0.006451613,0.071428571,0.888,2.72520582866169,8.261506100062842
F2082,9075.0,0.020711102399449035,0.08102216804186652,0.0,0.0,0.0,0.0,1.0,5.736424291616351,40.32168809744219
F2083,9075.0,198884.2934587554,4180630.4809199357,0.0,0.0,186.3354037,13594.746895,321113736.1,56.747868201313956,3994.0391101755886
F2084,9075.0,149963.29632063836,2932476.2802809877,0.0,0.0,24.84848485,7267.5962875000005,196111111.1,44.93449100180573,2538.7676856777143
F2085,9075.0,48920.99714281912,1476149.8393890748,0.0,0.0,0.0,0.0,125002625.0,71.69416799291591,5790.32946043854
F2086,9075.0,0.023588020421267217,0.0906013608648028,0.0,0.0,0.0,0.0,1.0,5.993298194211927,43.39514085250636
F2087,9075.0,0.00618382167338843,0.038433340468058276,0.0,0.0,0.0,0.0,1.0,10.819582386544637,155.86429450273366
F2088,9075.0,0.01740419874842975,0.07237757363880351,0.0,0.0,0.0,0.0,1.0,6.505589003737582,53.7488414379738
F2089,9075.0,4224.210729856052,35967.54944804194,0.0,0.0,0.0,0.0,1763181.818,24.856679559275953,905.4794619756187
F2090,9075.0,1031.777807329644,21081.533910251324,0.0,0.0,0.0,0.0,1763181.818,67.54917215872794,5437.763543668094
F2091,9075.0,3192.4329225190118,26519.571832400223,0.0,0.0,0.0,0.0,1200000.0,21.986428561839787,730.2328016840373
F2092,9075.0,0.002055778066666667,0.019168790360607427,0.0,0.0,0.0,0.0,0.636363636,18.00386848340864,427.76097652391434
F2093,9075.0,7.735862369146006e-06,0.0004774200396966136,0.0,0.0,0.0,0.0,0.041666667,77.80296258845213,6531.748233743037
F2094,9075.0,0.002048042204187328,0.01911900934749997,0.0,0.0,0.0,0.0,0.636363636,18.090082885124193,431.7447661021878
F2095,9075.0,15.82741728981223,252.253538939446,0.0,0.0,0.0,0.0,12162.16216,33.67309813860964,1402.6872581951425
F2096,9075.0,0.016082696185013776,0.9710862943541091,0.0,0.0,0.0,0.0,81.51162791,72.24402056727287,5693.00422808039
F2097,9075.0,15.81133459360066,252.20230625384812,0.0,0.0,0.0,0.0,12162.16216,33.69172258893273,1403.8284999800837
F2098,9075.0,0.0,0.0,0.0,0.0,0.0,0.0,0.0,0.0,0.0
F2099,9075.0,0.0,0.0,0.0,0.0,0.0,0.0,0.0,0.0,0.0
F2100,9075.0,0.0,0.0,0.0,0.0,0.0,0.0,0.0,0.0,0.0
F2101,9075.0,0.0,0.0,0.0,0.0,0.0,0.0,0.0,0.0,0.0
F2102,9075.0,0.0,0.0,0.0,0.0,0.0,0.0,0.0,0.0,0.0
F2103,9075.0,0.0,0.0,0.0,0.0,0.0,0.0,0.0,0.0,0.0
F2104,9075.0,0.0014868500607162535,0.020265979467213875,0.0,0.0,0.0,0.0,0.75,20.06181372344714,489.3015571017733
F2105,9075.0,0.0014868500607162535,0.020265979467213875,0.0,0.0,0.0,0.0,0.75,20.06181372344714,489.3015571017733
F2106,9075.0,0.0,0.0,0.0,0.0,0.0,0.0,0.0,0.0,0.0
F2107,9075.0,11.698097526243194,513.6126938404411,0.0,0.0,0.0,0.0,37500.0,57.46476528295264,3655.234668009962
F2108,9075.0,11.698097526243194,513.6126938404411,0.0,0.0,0.0,0.0,37500.0,57.46476528295264,3655.234668009962
F2109,9075.0,0.0,0.0,0.0,0.0,0.0,0.0,0.0,0.0,0.0
F2110,9075.0,0.01650895955151515,0.08388617116406992,0.0,0.0,0.0,0.0,1.0,8.706032228630026,88.97333103211244
F2111,9075.0,0.002373358605399449,0.025236860867057204,0.0,0.0,0.0,0.0,0.666666667,15.894986426461326,287.0126465102862
F2112,9075.0,0.01413560094600551,0.07884795790422558,0.0,0.0,0.0,0.0,1.0,9.595932275175269,107.2042233876371
F2113,9075.0,5219.724570379822,69475.49273888089,0.0,0.0,0.0,0.0,3500000.0,30.52286916446241,1227.4224588169184
F2114,9075.0,1504.1738581065117,37203.38797469625,0.0,0.0,0.0,0.0,1750000.0,37.96116677798465,1590.6873762653952
F2115,9075.0,3715.5507122747777,47227.44962692241,0.0,0.0,0.0,0.0,1750000.0,23.697516977516475,687.9678812850576
F2116,9075.0,0.011457881887272727,0.04999077584387711,0.0,0.0,0.0,0.0,0.85,8.098714075891166,85.64411730736666
F2117,9075.0,0.005238070204628099,0.03788087098946697,0.0,0.0,0.0,0.0,0.85,12.010911680155692,184.3779895081175
F2118,9075.0,0.006219811683415979,0.02911209709280106,0.0,0.0,0.0,0.0,0.555555556,8.973390315995173,109.65423235962807
F2119,9075.0,1296.223352613721,24250.620871801857,0.0,0.0,0.0,0.0,1742417.5,48.2086389004004,3087.2278574944007
F2120,9075.0,978.3790796822902,22780.84761734172,0.0,0.0,0.0,0.0,1742417.5,54.845966893485894,3869.5881777527898
F2121,9075.0,317.84427293776383,8349.538343175363,0.0,0.0,0.0,0.0,700058.5676,68.3944740346373,5501.410325845951
F2122,9078.0,0.04532418424708085,0.13195833330013879,0.0,0.0,0.0,0.01242236,1.0,4.133171602924888,19.560414526353437
F2123,9078.0,0.021435780302379383,0.07992279307709538,0.0,0.0,0.0,0.0,1.0,5.737606359523746,42.12728990550354
F2124,9078.0,0.02388840394183741,0.08763208926946482,0.0,0.0,0.0,0.0,1.0,5.0019898533599525,30.122022770022003
F2125,9078.0,8889.248808324803,73550.17565451708,0.0,0.0,0.0,728.353454075,5210000.0,44.307276601805285,2850.1104684427864
F2126,9078.0,3119.420080239174,35286.70760688009,0.0,0.0,0.0,0.0,1875000.0,31.58902051934654,1305.3030864292014
F2127,9078.0,5769.828728091567,64692.44619660009,0.0,0.0,0.0,0.0,5210000.0,60.1964024680937,4661.49165256699
F2128,9078.0,0.008890169846882574,0.04093450288599128,0.0,0.0,0.0,0.0,0.716981132,7.543013751340941,72.4623957944376
F2129,9078.0,0.0033620241544393037,0.019562432594602594,0.0,0.0,0.0,0.0,0.399365079,10.069717855176796,128.1948900217898
F2130,9078.0,0.00552814569332452,0.030582596939086694,0.0,0.0,0.0,0.0,0.642857143,9.712709314684082,125.09976815089037
F2131,9078.0,3050.816274065187,65952.66595395237,0.0,0.0,0.0,0.0,4666666.667,55.579764294325834,3469.1728149947876
F2132,9078.0,1507.5072350478815,41285.60912919895,0.0,0.0,0.0,0.0,3171960.0,65.32976740173368,4607.088833907082
F2133,9078.0,1543.3090390225298,50283.0417561406,0.0,0.0,0.0,0.0,4666666.667,88.33581925052111,8167.869324019284
F2134,9078.0,0.9457856459071381,0.13768475872628555,0.0,0.973710739,1.0,1.0,1.0,-3.744487266405176,16.314745698167506
F2135,9078.0,0.36973519388896237,0.21878923381974869,0.0,0.210526316,0.333333333,0.5,1.0,0.6802552319627078,0.06401870576561919
F2136,9078.0,0.5760504520158626,0.24191225387040802,0.0,0.428571429,0.618644068,0.758064516,1.0,-0.6284946776293082,-0.2838851138688847
F2137,9078.0,722925.1278969956,16968550.808379583,0.0,6579.07897525,19917.891795,92445.8877025,1305648521.0,57.419974405727146,4031.487210822868
F2138,9078.0,389759.92016898916,9068235.020144757,0.0,2992.93740025,8885.177414,45166.8903,652824260.5,51.73855395946596,3252.8537447324957
F2139,9078.0,333165.20771656214,8083847.847193631,0.0,2483.11168825,7798.7500545,38385.0522875,652824260.5,62.969656649003724,4782.724393730778
F2140,9078.0,0.8708876603005068,0.24394615114381904,0.0,0.89756671875,0.983050847,0.99735274275,1.0,-2.3418770041371237,4.657696137309884
F2141,9078.0,0.33618742400264373,0.23190108511638005,0.0,0.166666667,0.304878049,0.46743767225,1.0,0.6777204580335198,0.0009273624801582336
F2142,9078.0,0.5347002363057942,0.26142791507941454,0.0,0.35391765325,0.586538462,0.73869457725,1.0,-0.5526391096799258,-0.6303417775429172
F2143,9078.0,443708.6011076435,8569775.318542644,0.0,5368.7246752500005,15220.521205000001,64345.735905,454404115.3,42.6525399360629,2059.2347579326165
F2144,9078.0,249576.5921691255,5157255.020760076,0.0,2013.009007,5857.5829495,23972.337215,276251109.1,42.92588646963726,2062.509931557347
F2145,9078.0,194132.0089387649,3662035.6304677012,0.0,2225.09279875,6791.2950515,31661.4649025,204716137.5,43.80264033444487,2227.121959025239
F2146,9078.0,0.8708876603005068,0.24394615114381904,0.0,0.89756671875,0.983050847,0.99735274275,1.0,-2.3418770041371237,4.657696137309884
F2147,9078.0,0.33618742400264373,0.23190108511638005,0.0,0.166666667,0.304878049,0.46743767225,1.0,0.6777204580335198,0.0009273624801582336
F2148,9078.0,0.5347002363057942,0.26142791507941454,0.0,0.35391765325,0.586538462,0.73869457725,1.0,-0.5526391096799258,-0.6303417775429172
F2149,9078.0,443708.6011076435,8569775.318542644,0.0,5368.7246752500005,15220.521205000001,64345.735905,454404115.3,42.6525399360629,2059.2347579326165
F2150,9078.0,249576.5921691255,5157255.020760076,0.0,2013.009007,5857.5829495,23972.337215,276251109.1,42.92588646963726,2062.509931557347
F2151,9078.0,194132.0089387649,3662035.6304677012,0.0,2225.09279875,6791.2950515,31661.4649025,204716137.5,43.80264033444487,2227.121959025239
F2152,9078.0,0.0070565910059484475,0.028105008117046158,0.0,0.0,0.0,0.0,0.717948718,9.999649394946887,154.65469089689176
F2153,9078.0,0.0,0.0,0.0,0.0,0.0,0.0,0.0,0.0,0.0
F2154,9078.0,0.0070565910059484475,0.028105008117046158,0.0,0.0,0.0,0.0,0.717948718,9.999649394946887,154.65469089689176
F2155,9078.0,44.939804152526435,185.89729175852682,0.0,0.0,0.0,0.0,5167.068205,10.59774421417523,184.04136940924212
F2156,9078.0,0.0,0.0,0.0,0.0,0.0,0.0,0.0,0.0,0.0
F2157,9078.0,44.939804152526435,185.89729175852682,0.0,0.0,0.0,0.0,5167.068205,10.59774421417523,184.04136940924212
F2158,9078.0,0.009937730676690902,0.04462096267375121,0.0,0.0,0.0,0.0,0.6,6.794138153843028,53.14576862655206
F2159,9078.0,3.2484946023353156e-05,0.0015459178274705003,0.0,0.0,0.0,0.0,0.125,69.81458285267526,5238.06258913021
F2160,9078.0,0.009905245730777704,0.0444439655941781,0.0,0.0,0.0,0.0,0.6,6.7771284189900385,52.8745990303563
F2161,9078.0,50.083570190441506,1248.7841571287101,0.0,0.0,0.0,0.0,87258.96552,51.426327357176255,3121.068375477579
F2162,9078.0,0.7105981960000002,42.93432323189256,0.0,0.0,0.0,0.0,3958.811881,87.19101826142628,7972.693401397095
F2163,9078.0,49.37297199413681,1247.0783822902858,0.0,0.0,0.0,0.0,87258.96552,51.616352034912204,3138.058512603423
F2164,9078.0,0.011613057076668869,0.044084246250206585,0.0,0.0,0.0,0.0,0.6,5.375754952241085,33.49463477262132
F2165,9078.0,0.00025091077131526765,0.005406335485869581,0.0,0.0,0.0,0.0,0.300636943,32.569363677911944,1352.8140451105394
F2166,9078.0,0.011362146305133288,0.04379814035648155,0.0,0.0,0.0,0.0,0.6,5.445216234505087,34.31391781484916
F2167,9078.0,33.21306954098964,650.1705295962244,0.0,0.0,0.0,0.0,29245.28302,29.46063204332535,1024.367362013509
F2168,9078.0,24.36024434284325,622.365177753038,0.0,0.0,0.0,0.0,29245.28302,32.58926401419776,1209.3394927544225
F2169,9078.0,8.85282519817603,189.15059326279942,0.0,0.0,0.0,0.0,9385.76704,37.485757335790794,1558.0156489397675
F2170,9078.0,0.006599745060453845,0.022726609597581222,0.0,0.0,0.0,0.005494505,0.5,10.115354014012716,145.76935981269307
F2171,9078.0,0.0002981475393258427,0.006851092706620195,0.0,0.0,0.0,0.0,0.403846154,38.718960180901135,1807.2421408420591
F2172,9078.0,0.0063015975227803485,0.020980649930958068,0.0,0.0,0.0,0.005347594,0.443925234,9.420346052495352,125.63215942896518
F2173,9078.0,618.7772979287784,11856.074754967427,0.0,0.0,0.0,0.176646707,750601.2615,44.18242771442685,2337.0671928848965
F2174,9078.0,256.7938196772467,10155.828631835842,0.0,0.0,0.0,0.0,750600.8077,59.75072112625275,3954.493226462173
F2175,9078.0,361.9834782537436,6037.601845486762,0.0,0.0,0.0,0.16727719825,419721.623,48.319651076713555,2940.1835290344693
F2176,9078.0,0.19975760775776602,0.24919648334147143,0.0,0.010989011,0.093023256,0.29046602075000005,1.0,1.4353778703550435,1.073191167532157
F2177,9078.0,0.10568061464128663,0.14373767165174794,0.0,0.0,0.047619048,0.15311623075,1.0,2.017146487519133,4.624467507905212
F2178,9078.0,0.09407699312040098,0.17610871433621478,0.0,0.0,0.0,0.10694772799999999,1.0,2.173531941514687,4.247409567396602
F2179,9078.0,303582.4299667541,6879205.451155805,0.0,84.6843107425,3537.5726395,25149.2557325,392783292.9,46.533870990135036,2442.4420860512014
F2180,9078.0,168493.2206259933,3671002.5331038823,0.0,0.0,1533.3512395,10412.2948925,194375303.5,41.86017766142925,1979.6211410504095
F2181,9078.0,135089.20935134092,3315132.6996097583,0.0,0.0,0.0,9295.09375,198407989.4,50.46339443629949,2856.5965833074197
F2182,9078.0,0.5511094725941398,0.3912348193649394,0.0,0.01501884425,0.722222222,0.9,1.0,-0.43503747937673465,-1.5243841802804345
F2183,9078.0,0.18054502084518614,0.21506151636344933,0.0,0.0,0.11067842250000001,0.272727273,1.0,1.4645501308166902,1.667281769895912
F2184,9078.0,0.370564451756334,0.32644690084091993,0.0,0.0,0.427586207,0.6679317025,1.0,0.04763885591067121,-1.5995363708773878
F2185,9078.0,5608.0698085222575,9170.605625527633,0.0,91.73437939,2984.8155580000002,6541.969443,131250.0,4.324110763447154,29.039695527276276
F2186,9078.0,1783.8490482536795,3296.597335578281,0.0,0.0,614.9596237000001,2062.7522044999996,49440.25,4.343880038030348,28.63162480407912
F2187,9078.0,3824.220760268983,8159.53114692937,0.0,0.0,1360.7786265,3882.83659825,131250.0,5.387080356034535,42.69502163733947
F2188,9078.0,0.08658501144117647,0.14801160784887907,0.0,0.0,0.017241379,0.10221474925,1.0,2.410098380384363,6.180758031432456
F2189,9078.0,0.06658965720544172,0.12260595363747687,0.0,0.0,0.010928962,0.070725548,0.870967742,2.730673059246278,8.365867238064048
F2190,9078.0,0.019995354241110378,0.07776504258316184,0.0,0.0,0.0,0.0,1.0,5.888940405133014,42.79922708669856
F2191,9078.0,226784.8318758245,5269443.3683976745,0.0,0.0,385.2443594,12535.417295,278187358.2,43.699434447324336,2085.5830193091992
F2192,9078.0,166513.74982928598,3671048.013550163,0.0,0.0,155.58070155000001,7006.2132285,194375303.5,41.860235015420606,1979.6132150261546
F2193,9078.0,60271.082046687145,1714070.1794387691,0.0,0.0,0.0,0.0,93751968.75,44.9814010109196,2139.692520945896
F2194,9078.0,0.022437923894470146,0.08295209418850985,0.0,0.0,0.0,0.0,1.0,5.80889941818296,41.07224219065811
F2195,9078.0,0.0059663378645076,0.03452040247820291,0.0,0.0,0.0,0.0,0.666666667,9.772360437238698,118.28942932365301
F2196,9078.0,0.016471586031835204,0.06537164330222967,0.0,0.0,0.0,0.0,1.0,5.96293740828259,43.23305184237224
F2197,9078.0,3399.6916895144823,23532.85279188655,0.0,0.0,0.0,0.0,859180.0009,16.326630610291446,382.1455762326304
F2198,9078.0,821.4986109627488,11746.094929360022,0.0,0.0,0.0,0.0,859180.0009,48.73457657321903,3244.451880854182
F2199,9078.0,2578.1930785348204,18300.917210222888,0.0,0.0,0.0,0.0,600000.0,16.170748215650548,372.2286887569714
F2200,9078.0,0.0021713985332672396,0.018858191797486632,0.0,0.0,0.0,0.0,0.571428571,16.020433332698143,330.69904318206085
F2201,9078.0,4.43278321216127e-06,0.0002684441708350386,0.0,0.0,0.0,0.0,0.023255814,76.39875228358602,6343.083644438501
F2202,9078.0,0.0021669657500550782,0.018828183434391996,0.0,0.0,0.0,0.0,0.571428571,16.05867821883474,332.3948220391168
F2203,9078.0,14.524238352263273,228.3517392482519,0.0,0.0,0.0,0.0,13750.0,38.95250636641462,1950.1073857351619
F2204,9078.0,0.008359591410663142,0.4872873561218945,0.0,0.0,0.0,0.0,39.60451977,68.59885758401687,5135.314693561988
F2205,9078.0,14.515878760849965,228.32742920200042,0.0,0.0,0.0,0.0,13750.0,38.96398560883639,1950.9398922841156
F2206,9078.0,0.0,0.0,0.0,0.0,0.0,0.0,0.0,0.0,0.0
F2207,9078.0,0.0,0.0,0.0,0.0,0.0,0.0,0.0,0.0,0.0
F2208,9078.0,0.0,0.0,0.0,0.0,0.0,0.0,0.0,0.0,0.0
F2209,9078.0,0.0,0.0,0.0,0.0,0.0,0.0,0.0,0.0,0.0
F2210,9078.0,0.0,0.0,0.0,0.0,0.0,0.0,0.0,0.0,0.0
F2211,9078.0,0.0,0.0,0.0,0.0,0.0,0.0,0.0,0.0,0.0
F2212,9078.0,0.002075746740361313,0.022649558181615397,0.0,0.0,0.0,0.0,0.75,16.750977771238038,348.67579541321663
F2213,9078.0,0.002075746740361313,0.022649558181615397,0.0,0.0,0.0,0.0,0.75,16.750977771238038,348.67579541321663
F2214,9078.0,0.0,0.0,0.0,0.0,0.0,0.0,0.0,0.0,0.0
F2215,9078.0,22.061264729286076,670.3306246418734,0.0,0.0,0.0,0.0,37500.0,40.0582504395385,1803.3769495289166
F2216,9078.0,22.061264729286076,670.3306246418734,0.0,0.0,0.0,0.0,37500.0,40.0582504395385,1803.3769495289166
F2217,9078.0,0.0,0.0,0.0,0.0,0.0,0.0,0.0,0.0,0.0
F2218,9078.0,0.016323337946023354,0.08153661675697421,0.0,0.0,0.0,0.0,1.0,9.004254800852364,95.12849323202512
F2219,9078.0,0.002235007362414629,0.023792920149862014,0.0,0.0,0.0,0.0,0.666666667,16.077992351387483,297.2222431172907
F2220,9078.0,0.01408833058404935,0.07693567374921388,0.0,0.0,0.0,0.0,1.0,9.953711867441033,114.92157172643687
F2221,9078.0,4514.242430958423,58321.12608305097,0.0,0.0,0.0,0.0,3000000.0,30.334515764719622,1220.3481884868645
F2222,9078.0,1256.7187232012293,31066.387314885298,0.0,0.0,0.0,0.0,1701000.0,40.639336663629585,1887.6322299386868
F2223,9078.0,3257.5237078745927,40369.445049435046,0.0,0.0,0.0,0.0,1500000.0,23.31295095275389,673.3207091016307
F2224,9078.0,0.014107625769244328,0.05564337463869732,0.0,0.0,0.0,0.00307701,0.886597938,7.4284157156705515,71.60475895192013
F2225,9078.0,0.006754450550253361,0.04312703674960067,0.0,0.0,0.0,0.0,0.87628866,10.610094237718148,143.85293223857582
F2226,9078.0,0.0073531752198722185,0.030394688984165762,0.0,0.0,0.0,0.0,0.5625,8.286129729581846,93.07104926931677
F2227,9078.0,1291.1261166618863,22576.732389612214,0.0,0.0,0.0,1.1862000402500001,1393934.0,38.965487798054575,1946.6560484727815
F2228,9078.0,957.6949469132029,20887.330666175272,0.0,0.0,0.0,0.0,1393934.0,44.39175849443646,2498.1376733154666
F2229,9078.0,333.4311697384684,8599.520632157104,0.0,0.0,0.0,0.0,727618.0899,69.97343220769584,5695.7325580797315
F2231,2168.0,0.42007841328413287,0.8148548404563289,0.0,0.0,0.0,0.75,8.0,3.407043184801243,17.365163676280858
F2232,1290.0,0.4466666666666667,0.8043101823350304,0.0,0.0,0.0,0.86,8.0,3.1954410071403134,16.186350993275536
F2233,1180.0,0.2280593220338983,0.7615616382102194,0.0,0.0,0.0,0.0,13.0,8.023617265967157,98.12375022073819
F2234,2168.0,1.1281780442804428,27.8795938535597,0.0,0.0,0.0,0.42,1294.58,46.13184390490851,2140.8796209091806
F2235,1290.0,0.5486279069767442,1.7237479398001785,0.0,0.0,0.0,0.67,34.67,10.508980856761529,160.85555862836478
F2236,1180.0,0.7511779661016948,13.387495807232114,0.0,0.0,0.0,0.0,443.69,31.3074311727686,1023.1078021578105
F2237,558.0,1.0100179211469535,2.1808242556768835,0.0,0.0,0.5,1.0225,30.0,7.890951513977915,84.77133261811672
F2238,254.0,0.7474015748031496,2.031969084370972,0.0,0.0,0.0,1.0,22.0,7.172833118181107,63.99007560117035
F2239,494.0,0.8596153846153848,1.34967325842564,0.0,0.0,0.5,1.0,12.0,3.645426056867843,19.81069761506012
F2240,558.0,118.13709677419355,2398.003190871217,0.0,0.0,0.27,1.52,56350.44,23.25830401517162,545.7854241673807
F2241,254.0,36.24968503937008,382.680141964089,0.0,0.0,0.0,0.895,5881.27,14.411812371661197,217.9891040594241
F2242,494.0,62.54560728744939,1267.762815298463,0.0,0.0,0.25,1.3775,28175.22,22.207848035279344,493.45423331984955
F2243,8970.0,0.7303389074693423,0.8126853533338662,0.0,0.29,0.68,1.0,32.0,12.234449843355717,356.23520448333556
F2244,8456.0,0.8086423841059602,0.9806970942169168,0.0,0.23,0.67,1.0,24.75,6.3660225450401855,90.72161583724571
F2245,8680.0,0.785360599078341,2.166514584379309,0.0,0.27,0.67,1.0,173.75,62.03786988150297,4768.16161810236
F2246,8970.0,0.9527380156075808,19.42792561655335,0.0,0.02,0.36,0.87,1539.01,70.5040452081982,5159.758405337109
F2247,8456.0,633.3299597918639,32422.432124890973,0.0,0.01,0.37,0.92,2849712.0,81.43464029728351,7071.774366427471
F2248,8680.0,3.5619999999999994,162.17738947884382,0.0,0.02,0.35,0.83,12840.27,68.0176604718413,4978.766902384612
F2249,8606.0,0.7443388333720661,0.7499970627842456,0.0,0.33,0.69,1.0,24.0,8.394427238727808,182.3224978285117
F2250,7778.0,0.8494214451015685,0.9389659827121645,0.0,0.33,0.71,1.05,19.0,5.073174604169539,53.289883012236814
F2251,8323.0,0.8175838039168569,3.958140017697606,0.0,0.31,0.67,1.0,347.0,80.99125385895735,7041.33843705643
F2252,8606.0,0.8755763420869163,11.254216313604097,0.0,0.05,0.4,0.89,1000.0,82.46235808276573,7242.58584652264
F2253,7778.0,1072.502233221908,48380.65489512389,0.0,0.05,0.45,0.96,3055334.75,58.990469580458566,3591.377062017791
F2254,8323.0,1.2524366214105491,44.018656279981826,0.0,0.04,0.38,0.85,3992.54,89.6608509024026,8125.505530379582
F2255,8606.0,0.7443388333720661,0.7499970627842456,0.0,0.33,0.69,1.0,24.0,8.394427238727808,182.3224978285117
F2256,7778.0,0.8494214451015685,0.9389659827121645,0.0,0.33,0.71,1.05,19.0,5.073174604169539,53.289883012236814
F2257,8323.0,0.8175838039168569,3.958140017697606,0.0,0.31,0.67,1.0,347.0,80.99125385895735,7041.33843705643
F2258,8606.0,0.8755763420869163,11.254216313604097,0.0,0.05,0.4,0.89,1000.0,82.46235808276573,7242.58584652264
F2259,7778.0,1072.502233221908,48380.65489512389,0.0,0.05,0.45,0.96,3055334.75,58.990469580458566,3591.377062017791
F2260,8323.0,1.2524366214105491,44.018656279981826,0.0,0.04,0.38,0.85,3992.54,89.6608509024026,8125.505530379582
F2261,966.0,0.4766459627329193,0.7713619829396677,0.0,0.0,0.0,1.0,7.0,2.7925873803872423,12.606505637689951
F2262,966.0,0.4766459627329193,0.7713619829396677,0.0,0.0,0.0,1.0,7.0,2.7925873803872423,12.606505637689951
F2263,966.0,0.6830952380952381,2.7108201625365353,0.0,0.0,0.0,0.72,70.05,18.525518726751,450.1464970446122
F2264,966.0,0.6830952380952381,2.7108201625365353,0.0,0.0,0.0,0.72,70.05,18.525518726751,450.1464970446122
F2265,927.0,0.2683387270765912,0.7518385252681772,0.0,0.0,0.0,0.0,8.0,4.732809786121759,31.3425843785078
F2266,925.0,0.26056216216216216,0.7236163896034137,0.0,0.0,0.0,0.0,7.0,4.464938195591118,26.98524866123501
F2267,927.0,25.907346278317153,535.7355499092614,0.0,0.0,0.0,0.0,15767.24,27.819263199498444,809.4061624841992
F2268,4.0,0.0125,0.025,0.0,0.0,0.0,0.0125,0.05,1.9999999999999998,4.0000000000000036
F2269,925.0,25.54787027027027,534.1882343851503,0.0,0.0,0.0,0.0,15767.24,28.047990800304035,820.070249810491
F2270,1091.0,0.3692025664527956,0.8201445421011845,0.0,0.0,0.0,0.5,11.0,4.43532447582965,34.99752586125762
F2271,36.0,0.9041666666666666,1.9989774171525085,0.0,0.0,0.0,1.0,11.0,4.119226020091964,19.429064248337028
F2272,1065.0,0.34922065727699525,0.7411121577736689,0.0,0.0,0.0,0.4,7.0,3.1876944505340763,14.176568139259086
F2273,1091.0,13.606306141154903,226.0982683016467,0.0,0.0,0.0,0.25,5994.53,21.289409516531997,502.29497678393443
F2274,36.0,1.0811111111111111,3.5254152969363792,0.0,0.0,0.0,1.005,21.1,5.529147854748708,32.00290304400963
F2275,1065.0,10.906929577464787,207.43530079937042,0.0,0.0,0.0,0.21,5994.53,24.98310497085892,678.7247415549684
F2276,481.0,0.326029106029106,0.7828115934359562,0.0,0.0,0.0,0.0,5.0,3.5269264996422613,14.713751857944228
F2277,46.0,0.2082608695652174,0.7783352729392709,0.0,0.0,0.0,0.0,5.0,5.502483328256136,33.38119655861857
F2278,442.0,0.3159502262443439,0.7663969518248285,0.0,0.0,0.0,0.0,5.0,3.5115258503588116,14.664179979829468
F2279,481.0,523.0642827442828,11319.573548464861,0.0,0.0,0.0,0.0,248259.22,21.93029038788487,480.9582274612557
F2280,46.0,0.39282608695652177,1.2893661889014019,0.0,0.0,0.0,0.0,7.63,4.579189711751773,23.339405214539287
F2281,442.0,6.026742081447965,71.16393742490233,0.0,0.0,0.0,0.0,1169.19,14.654901727230516,220.74553952115068
F2282,6064.0,0.7707338390501318,1.3019922968366493,0.0,0.0,0.57,1.0,48.0,14.28199368432594,390.4259254836317
F2283,5240.0,0.7929828244274808,1.122157640562076,0.0,0.0,0.63,1.0,44.0,13.3561906076574,436.10435687126744
F2284,3138.0,0.8779859783301466,6.331898813100057,0.0,0.0,0.5,1.0,342.5,50.45632775010954,2706.365446202125
F2285,6064.0,243.63764511873353,11403.583502500802,0.0,0.0,0.38,0.99,686720.0,54.86250501360318,3076.6981057041517
F2286,5240.0,171.40703053435115,7850.870859067378,0.0,0.0,0.41,1.01,552948.0,67.10104818903505,4697.536955581199
F2287,3138.0,2.0705449330783936,66.11619358461283,0.0,0.0,0.36,0.98,3700.0,55.81252001678096,3122.4979850209065
F2288,6601.0,0.8056794425087108,0.8673653399720911,0.0,0.41,0.73,1.02,30.0,11.950472025927098,291.4879435161625
F2289,5678.0,0.9142796759422332,1.1415897987480914,0.0,0.29,0.71,1.11,30.0,6.388485882242231,97.59610727989931
F2290,5734.0,0.8245901639344263,0.8729133437625349,0.0,0.42,0.71,1.04,31.5,11.838672776505089,314.6110316903639
F2291,6601.0,5.394900772610211,252.27653984826276,0.0,0.13,0.47,0.89,20001.0,76.0468764207508,5990.451278482635
F2292,5678.0,96.4896900317013,2631.3106728945136,0.0,0.07,0.51,1.1,160967.0,46.88715947818238,2605.0660839053066
F2293,5734.0,22.601158004883153,1484.6056650786863,0.0,0.12,0.43,0.85,112238.0,75.36055930701751,5696.539144452514
F2294,4390.0,0.7420660592255125,1.1131609539388618,0.0,0.0,0.5,1.0,23.0,6.026861740433963,75.74137378748229
F2295,3936.0,0.7595376016260162,0.9608176259846533,0.0,0.0,0.57,1.0,11.0,3.2184291328124814,19.19231879219659
F2296,1054.0,0.7490512333965842,3.317902638927073,0.0,0.0,0.0,0.5,76.33,14.187449968155331,276.9753371143915
F2297,4390.0,15.871079726651482,529.6759142586594,0.0,0.0,0.22,1.0,30536.89,49.0458659110824,2636.4603255163843
F2298,3936.0,18.02952489837398,559.5852234157577,0.0,0.0,0.32,1.04,30536.89,46.38526424180819,2359.9199511799925
F2299,1054.0,2.1474098671726756,31.705087599699105,0.0,0.0,0.0,0.2875,994.09,29.443302698204253,913.7726416821026
F2300,1295.0,0.6927953667953668,1.0401073987362428,0.0,0.0,0.4,1.0,14.0,4.301346622815448,36.08169025751826
F2301,555.0,0.6634774774774775,0.9475910827204882,0.0,0.0,0.25,1.0,6.0,2.0894128500379985,5.569913435282745
F2302,1001.0,0.6500099900099899,0.9311758694790689,0.0,0.0,0.36,1.0,12.5,3.855432680721761,31.782021885447367
F2303,1295.0,83.9401003861004,2973.343525964208,0.0,0.0,0.15,0.96,107000.0,35.98572661818514,1294.9816501921334
F2304,555.0,203.20277477477478,4544.830467744597,0.0,0.0,0.1,0.95,107000.0,23.507031110134346,553.344665910887
F2305,1001.0,1.9479920079920081,22.631271331145676,0.0,0.0,0.17,0.94,665.0,26.085926158884153,744.6712142795329
F2306,238.0,0.3939915966386555,0.7094667516233889,0.0,0.0,0.0,0.67,4.0,2.3587355503452794,6.3462463150934765
F2307,238.0,0.3947058823529412,0.7101646846855556,0.0,0.0,0.0,0.67,4.0,2.3516528505297845,6.303655530244479
F2308,238.0,2.4562605042016803,22.57329329861625,0.0,0.0,0.0,0.355,341.4,14.48214311510723,217.11585356492756
F2309,238.0,2.456764705882353,22.57325434782446,0.0,0.0,0.0,0.355,341.4,14.48215090832926,217.11605712192755
F2310,79.0,0.0189873417721519,0.12514191878709158,0.0,0.0,0.0,0.0,1.0,7.080044570850011,52.192300464442006
F2311,79.0,0.0189873417721519,0.12514191878709158,0.0,0.0,0.0,0.0,1.0,7.080044570850011,52.192300464442006
F2312,0.0,,,,,,,,,
F2313,79.0,118.39620253164559,1052.3239083343403,0.0,0.0,0.0,0.0,9353.26,8.888194417065463,78.99999999699824
F2314,79.0,118.39620253164559,1052.3239083343403,0.0,0.0,0.0,0.0,9353.26,8.888194417065463,78.99999999699824
F2315,1064.0,0.38839285714285715,1.3655200876824425,0.0,0.0,0.0,0.2,30.0,11.939869325155275,220.9389393157789
F2316,286.0,0.3115034965034965,0.92051368858096,0.0,0.0,0.0,0.0,8.0,5.249155381666788,33.52288596832678
F2317,845.0,0.3418934911242603,0.9771721280252205,0.0,0.0,0.0,0.11,13.0,5.866730363052771,50.60585864584393
F2318,1064.0,2.667236842105263,62.050381935040484,0.0,0.0,0.0,0.03,2013.97,32.11712928986393,1041.3900968952655
F2319,286.0,3.828356643356643,59.76718900157136,0.0,0.0,0.0,0.0,1010.93,16.905509982096635,285.8632859419462
F2320,845.0,17.03676923076923,473.5845400686533,0.0,0.0,0.0,0.0,13766.23,29.062000735446556,844.7314225120789
F2321,1004.0,0.5635258964143426,0.9907414458319717,0.0,0.0,0.0,1.0,8.0,2.9331572796270304,12.065046891991337
F2322,305.0,0.6914098360655737,1.1222362158855144,0.0,0.0,0.0,1.0,9.0,3.0471696629503278,14.047759737711477
F2323,750.0,0.4204533333333334,0.8529471767567666,0.0,0.0,0.0,0.6525000000000001,8.0,3.5974559265093835,20.003358663318785
F2324,1004.0,1617.0962151394424,34481.85972711685,0.0,0.0,0.0,0.7324999999999999,772575.0,22.331913174366353,498.27908287256065
F2325,305.0,5080.383213114754,62457.26158240507,0.0,0.0,0.0,1.0,772575.0,12.287735930456424,149.9724197699962
F2326,750.0,3.8599733333333335,45.141363951315604,0.0,0.0,0.0,0.395,982.86,17.79492481211792,346.75965746484775
F2327,2627.0,0.5105329272934908,0.8130165482985148,0.0,0.0,0.0,1.0,8.0,2.368275268416223,9.044428130074186
F2328,1591.0,0.5414079195474544,0.8288547248345982,0.0,0.0,0.0,1.0,6.0,2.0784920304640586,5.919862985754417
F2329,1471.0,0.3223385452073419,0.6793387918798044,0.0,0.0,0.0,0.25,4.0,2.568065154076741,7.137357965006869
F2330,2627.0,1.0078454510848875,6.2444049779203255,0.0,0.0,0.0,0.725,170.2,18.723211951836223,418.74779733081897
F2331,1591.0,1.1602514142049025,12.974251319256988,0.0,0.0,0.0,0.865,500.0,36.01276025708559,1377.5254199675278
F2332,1471.0,1.4250645819170629,25.3852269718865,0.0,0.0,0.0,0.02,937.5,34.55173932422731,1262.2572340960232
F2333,804.0,2.104726368159204,8.551910322357518,0.0,0.0,1.0,2.0,199.0,18.070655997393985,383.3237990901384
F2334,433.0,1.6016397228637413,2.9344581712453857,0.0,0.0,0.5,1.67,23.0,3.2307244057694935,12.956043033739904
F2335,686.0,1.2229883381924198,1.9790822078087773,0.0,0.0,0.83,1.565,25.0,5.431266971793787,46.2500030535968
F2336,804.0,24.416044776119403,352.8871916154716,0.0,0.0,0.73,2.62,9675.03,25.746809402008534,699.5387753635002
F2337,433.0,29.981478060046193,563.7821421675015,0.0,0.0,0.16,1.61,11731.27,20.79186691887259,432.52872257384286
F2338,686.0,6.061355685131195,54.805276332903,0.0,0.0,0.515,1.7575,1301.72,20.404871947528363,464.7712840453418
F2339,9007.0,0.8910425224825136,0.7780932917280761,0.0,0.41,0.89,1.22,24.12,6.145129019867233,123.69189928697179
F2340,8691.0,0.9566540098952938,1.0175653211507936,0.0,0.36,0.88,1.27,25.21,7.014171544014155,113.50666337462314
F2341,8723.0,0.9312954258855897,0.8547445286866847,0.0,0.41,0.9,1.26,21.14,5.374044305018196,79.94257910368418
F2342,9007.0,1.2802109470411902,30.869243147623955,0.0,0.05,0.51,1.04,2732.77,79.64081294212733,6870.053352552288
F2343,8691.0,769.1970854907375,42758.10619143284,0.0,0.04,0.5,1.06,3681744.85,76.46709070311852,6385.838237734843
F2344,8723.0,0.9526688066032329,5.9169977427188805,0.0,0.07,0.54,1.07,332.35,38.13455730352533,1751.7532293472077
F2345,8679.0,0.9119299458462956,0.7734323649271089,0.0,0.46,0.9,1.23,24.0,6.0499122546479365,121.981407424006
F2346,8057.0,1.005715526871044,1.0128970772368355,0.0,0.48,0.92,1.3,25.11,7.199497035581815,118.71521661149669
F2347,8387.0,0.9492679146297842,0.8657520869204614,0.0,0.44,0.91,1.26,21.0,5.433962069058043,77.94355711161163
F2348,8679.0,1.6282497983638669,35.81064304958903,0.0,0.09,0.55,1.06,2732.77,59.769987867194644,4140.92115584371
F2349,8057.0,759.0758843241902,43610.621676827686,0.0,0.1,0.59,1.11,3681744.85,77.0458106160393,6353.116693233384
F2350,8387.0,1.075198521521402,9.07099722568096,0.0,0.1,0.57,1.09,447.02,39.60784971788355,1744.882258898818
F2351,8679.0,0.9119299458462956,0.7734323649271089,0.0,0.46,0.9,1.23,24.0,6.0499122546479365,121.981407424006
F2352,8057.0,1.005715526871044,1.0128970772368355,0.0,0.48,0.92,1.3,25.11,7.199497035581815,118.71521661149669
F2353,8387.0,0.9492679146297842,0.8657520869204614,0.0,0.44,0.91,1.26,21.0,5.433962069058043,77.94355711161163
F2354,8679.0,1.6282497983638669,35.81064304958903,0.0,0.09,0.55,1.06,2732.77,59.769987867194644,4140.92115584371
F2355,8057.0,759.0758843241902,43610.621676827686,0.0,0.1,0.59,1.11,3681744.85,77.0458106160393,6353.116693233384
F2356,8387.0,1.075198521521402,9.07099722568096,0.0,0.1,0.57,1.09,447.02,39.60784971788355,1744.882258898818
F2357,1325.0,0.7804000000000002,1.147992957650747,0.0,0.0,0.4,1.0,13.0,3.028196788176361,16.246878757582223
F2358,1325.0,0.7804000000000002,1.147992957650747,0.0,0.0,0.4,1.0,13.0,3.028196788176361,16.246878757582223
F2359,1325.0,1.1777584905660377,4.476366560630806,0.0,0.0,0.23,1.13,99.59,15.038321638650451,286.5397677886872
F2360,0.0,,,,,,,,,
F2361,1325.0,1.1777584905660377,4.476366560630806,0.0,0.0,0.23,1.13,99.59,15.038321638650451,286.5397677886872
F2362,1352.0,0.4058801775147929,0.9252555421873737,0.0,0.0,0.0,0.5,10.0,4.254511923514709,26.653991885701302
F2363,1348.0,0.40155786350148365,0.9098356103042807,0.0,0.0,0.0,0.5,9.0,4.159926249295822,25.134162341210043
F2364,1352.0,11.853920118343193,147.16466483311444,0.0,0.0,0.0,0.15,3999.75,19.912904472779207,465.0051111371179
F2365,16.0,0.21625,0.4184236290332243,0.0,0.0,0.0,0.25,1.66,3.0641108818575367,10.50133573912554
F2366,1348.0,12.388256676557862,152.46434357358388,0.0,0.0,0.0,0.12,3999.75,18.970905949380384,418.5590953674297
F2367,1388.0,0.592514409221902,1.2464317129040066,0.0,0.0,0.0,1.0,21.0,5.7017144920475635,62.596019348496554
F2368,54.0,0.8537037037037036,2.9030772848604665,0.0,0.0,0.0,1.0,21.0,6.565258742616816,45.86973644018342
F2369,1347.0,0.5778396436525611,1.1299195270965046,0.0,0.0,0.0,1.0,10.0,3.534427754128591,17.86372627783039
F2370,1388.0,15.002240634005764,369.1699259517272,0.0,0.0,0.0,0.76,13430.17,34.886769310627564,1261.0172412195834
F2371,54.0,1.7785185185185188,6.399694098646776,0.0,0.0,0.0,1.08,44.6,5.992679087737859,39.38391826848547
F2372,1347.0,5.443422420193022,81.45455298157624,0.0,0.0,0.0,0.755,2375.1,23.40652531272925,607.2660077844257
F2373,1144.0,0.42274475524475524,0.9318011333519349,0.0,0.0,0.0,1.0,14.0,5.627268011861622,56.10512636927339
F2374,73.0,0.4226027397260274,0.949371176968764,0.0,0.0,0.0,0.62,7.0,4.945058515826814,32.05418164782847
F2375,1092.0,0.3969871794871795,0.8844793648562782,0.0,0.0,0.0,0.8875,14.0,5.8648325140627735,64.4929388705576
F2376,1144.0,278.6812325174825,5992.669753643405,0.0,0.0,0.0,0.06,193470.55,30.04669757921846,952.8178953718493
F2377,73.0,1.298904109589041,5.951438565974298,0.0,0.0,0.0,0.63,49.15,7.509215822577202,60.10430216845302
F2378,1092.0,291.2412179487179,6133.500002750225,0.0,0.0,0.0,0.05,193470.55,29.356169669844792,909.5107513359026
F2379,6508.0,0.9587246465888137,1.2811076311733072,0.0,0.19,0.83,1.26,33.0,7.553895756305665,114.99511744070104
F2380,5810.0,1.0086574870912222,1.3144516412940501,0.0,0.26,0.89,1.31,33.0,7.497362754924441,113.18026861475103
F2381,3317.0,0.8916822429906542,1.4144617757022748,0.0,0.0,0.7,1.23,27.25,7.808498219889643,105.15872552540863
F2382,6508.0,811.8467639827904,47554.3866217513,0.0,0.01,0.52,1.16,3673744.85,72.53739518994809,5508.081243273127
F2383,5810.0,5050.375351118761,324984.09500671946,0.0,0.03,0.55,1.2,24490500.0,73.90087733310607,5552.842356625239
F2384,3317.0,7.742821826952064,277.0960131209241,0.0,0.0,0.53,1.2,14800.0,48.87149660698481,2514.082150189277
F2385,6714.0,1.0222207327971402,1.182592406945181,0.0,0.56,0.95,1.28,50.0,17.252845195804095,559.8524872484473
F2386,6126.0,1.1510104472739144,1.451441116106158,0.0,0.45,0.95,1.39,32.0,7.022127270402422,94.13665660702702
F2387,5790.0,1.0385630397236614,0.9113841572777627,0.0,0.6,0.95,1.3,21.5,6.417585450159684,90.57444334131854
F2388,6714.0,31.180296395591295,1250.269598126306,0.0,0.21,0.66,1.1275,78002.0,50.61098871368546,2779.110054279223
F2389,6126.0,1167.106834802481,75009.52433318776,0.0,0.16,0.68,1.37,5860001.0,77.83249295108423,6079.743755660627
F2390,5790.0,2.709126079447323,99.17716298817379,0.0,0.21,0.64,1.1,7172.8,67.48183672146172,4771.637391048166
F2391,5039.0,0.936517166104386,1.2558156081433443,0.0,0.0,0.75,1.25,18.0,4.386785023817768,34.14538975392942
F2392,4606.0,0.9539491966999567,1.2419599990858927,0.0,0.0,0.86,1.29,31.0,7.0945046416543445,116.3557361848371
F2393,1259.0,1.0294996028594123,4.678754283064623,0.0,0.0,0.0,1.0,124.0,17.5842425192857,409.5062527624278
F2394,5039.0,73.28112720777932,2873.6937386662935,0.0,0.0,0.4,1.18,160000.0,47.36323329974679,2373.928510748114
F2395,4606.0,59.50239904472427,2534.4123034114436,0.0,0.0,0.49,1.2375,160000.0,57.74488675282748,3521.9236670284354
F2396,1259.0,3.354471803018268,26.362622609398848,0.0,0.0,0.0,0.735,515.17,14.816057613663364,253.29143015753758
F2397,1487.0,0.8394821788836583,1.3252554291183385,0.0,0.0,0.5,1.07,16.0,4.791801036843533,36.46605288050499
F2398,701.0,0.8179600570613409,1.2528502264160923,0.0,0.0,0.4,1.11,14.0,3.5808624069543282,22.69577301754363
F2399,1143.0,0.8573490813648295,1.4597243423395674,0.0,0.0,0.5,1.0,18.0,5.3843416264821915,43.5099190466035
F2400,1487.0,12.980450571620711,364.9781823112935,0.0,0.0,0.26,1.04,13876.26,37.062179771790255,1404.133244445832
F2401,701.0,358.51818830242513,7772.682637476845,0.0,0.0,0.2,1.0,200000.0,24.622440858349506,626.2664293390372
F2402,1143.0,8.03498687664042,189.58202148002928,0.0,0.0,0.28,1.045,6278.62,32.00511489836727,1052.3187280121815
F2403,335.0,0.8126268656716419,1.295090323946661,0.0,0.0,0.17,1.0,8.0,2.74613149106343,9.576172573212904
F2404,335.0,0.8118507462686568,1.295562731799539,0.0,0.0,0.17,1.0,8.0,2.7450468847031764,9.56455430457755
F2405,335.0,1.860597014925373,7.9941774620783,0.0,0.0,0.01,1.07,85.92,8.713487717634361,83.31783575454374
F2406,4.0,0.0,0.0,0.0,0.0,0.0,0.0,0.0,0.0,0.0
F2407,335.0,1.858626865671642,7.994400691748829,0.0,0.0,0.01,1.07,85.92,8.713491144628023,83.31688647691989
F2408,144.0,0.3333333333333333,0.5052175325983406,0.0,0.0,0.0,1.0,2.0,1.0815176881297688,-0.06500302285238035
F2409,144.0,0.3333333333333333,0.5052175325983406,0.0,0.0,0.0,1.0,2.0,1.0815176881297688,-0.06500302285238035
F2410,144.0,0.7152777777777778,4.189486165139387,0.0,0.0,0.0,1.0,49.88,11.470719434932668,135.26084217314903
F2411,144.0,0.7152777777777778,4.189486165139387,0.0,0.0,0.0,1.0,49.88,11.470719434932668,135.26084217314903
F2412,1439.0,0.5613829047949965,1.857344543653193,0.0,0.0,0.0,0.74,49.0,15.130913976893337,343.89307257695896
F2413,364.0,0.4336538461538461,1.1694292836868738,0.0,0.0,0.0,0.5,11.2,5.686675981389071,42.18779470827067
F2414,1177.0,0.5385301614273577,1.3706804622428266,0.0,0.0,0.0,0.75,21.0,7.217200289949695,79.83909691269857
F2415,1439.0,48.72083391243919,1659.7312501083093,0.0,0.0,0.0,0.36,62919.77,37.85266033654751,1434.8161019025204
F2416,364.0,2.4080494505494503,24.291196838428476,0.0,0.0,0.0,0.18,326.02,13.122088610377094,173.46422865989817
F2417,1177.0,61.24184367034834,1836.9445719155626,0.0,0.0,0.0,0.36,62919.77,34.13418580150903,1168.873008927013
F2418,1583.0,0.8557422615287428,1.3874526000360667,0.0,0.0,0.33,1.0,17.0,3.8322987231851746,25.816288393756878
F2419,483.0,1.0819875776397516,1.6694630363445857,0.0,0.0,0.7,1.34,17.0,4.152772891592316,27.209119940442204
F2420,1218.0,0.6694745484400656,1.1199515277803997,0.0,0.0,0.0,1.0,10.0,2.834113205209952,11.494920476657423
F2421,1583.0,66.78355022109919,1061.9515917617975,0.0,0.0,0.02,1.16,33865.33,25.252977817981886,724.1807746086433
F2422,483.0,88.95639751552795,1553.3337371535863,0.0,0.0,0.34,2.2750000000000004,33865.33,21.457701278729488,466.70838977430645
F2423,1218.0,4.685090311986864,40.59193293531202,0.0,0.0,0.0,1.0,1050.85,19.35137103571766,440.2796089291607
F2424,2168.0,1.2620756457564575,2.100099549313181,0.0,0.0,0.0,2.0,22.0,3.474879238065234,21.01623547457411
F2425,1290.0,1.4527364341085274,2.2930667653538825,0.0,0.0,0.0,2.4450000000000003,22.0,3.1301591643476585,17.125787103215835
F2426,1180.0,0.6430847457627119,1.5731712652989158,0.0,0.0,0.0,1.0,21.0,5.809089851501572,53.492422497667654
F2427,2168.0,2.3911946494464944,30.68213540253003,0.0,0.0,0.0,1.8,1401.58,43.92182616080104,1998.804747568249
F2428,1290.0,1.9129612403100777,5.553395880828459,0.0,0.0,0.0,2.2975,114.91,10.592078128700082,166.7999931985587
F2429,1180.0,2.425906779661017,34.06096196602021,0.0,0.0,0.0,0.44,937.5,24.003202640790665,604.8225220371613
F2430,558.0,4.465322580645161,10.172035388025948,0.0,0.8374999999999999,2.0,5.0,136.0,8.218686290579676,85.37203959018582
F2431,254.0,3.2215748031496063,7.675260542005268,0.0,0.0,1.0,3.0,75.67,5.918770502160962,44.761713742980355
F2432,494.0,3.125,4.4551981058390435,0.0,0.6174999999999999,2.0,4.0,52.0,4.622662129293737,35.7017487620107
F2433,558.0,154.1172759856631,2467.924106022,0.0,0.305,2.33,7.255,57770.68,22.960816924780676,536.1794142127002
F2434,254.0,48.312559055118115,403.32210954762587,0.0,0.0,0.56,2.9875,5881.27,12.689508917818227,176.7278484321346
F2435,494.0,87.85163967611338,1341.0209115918046,0.0,0.1825,1.97,5.4,29595.46,21.71464404469313,478.3225085685212
F2436,8970.0,2.3878439241917504,2.416610156710079,0.0,1.09,2.25,3.2,114.0,14.25939074927592,545.0288660258658
F2437,8456.0,2.613677861873226,2.6379520804984313,0.0,1.0,2.25,3.43,53.0,4.5423389978589235,45.64194451007802
F2438,8680.0,2.5836682027649767,5.925253316944748,0.0,1.07,2.26,3.29,470.0,60.05233470679583,4555.224666064126
F2439,8970.0,4.069594202898551,146.94027279330905,0.0,0.25,1.3,2.71,13667.83,90.14102045313935,8345.888959500871
F2440,8456.0,974.3388422421951,37041.495518276,0.0,0.23,1.39,2.91,2949822.0,65.21957779033353,4896.131393711147
F2441,8680.0,14.872319124423962,708.0027494238325,0.0,0.24,1.29,2.68,47080.98,64.23072701890815,4185.6470669369
F2442,8606.0,2.438446432721357,2.36597728679944,0.0,1.2,2.3,3.22,114.0,15.222229931033871,614.7075482627458
F2443,7778.0,2.7686603239907432,2.658535322411323,0.0,1.25,2.4,3.5,53.0,4.687447043418876,46.93968060373733
F2444,8323.0,2.6805310585125555,10.755685235938396,0.0,1.17,2.28,3.3,939.5,80.03241013373614,6926.753114263117
F2445,8606.0,4.180611201487334,148.33351685733,0.0,0.34,1.39,2.76,13667.83,90.92624456160125,8370.093323996025
F2446,7778.0,1439.1069323733607,53096.23753497703,0.0,0.44,1.62,3.07,3240502.62,53.19052013091751,3039.385820800172
F2447,8323.0,3.2297921422563975,56.95626193349352,0.0,0.32,1.36,2.73,4415.33,67.82061239294782,4875.686960691136
F2448,8606.0,2.438446432721357,2.36597728679944,0.0,1.2,2.3,3.22,114.0,15.222229931033871,614.7075482627458
F2449,7778.0,2.7686603239907432,2.658535322411323,0.0,1.25,2.4,3.5,53.0,4.687447043418876,46.93968060373733
F2450,8323.0,2.6805310585125555,10.755685235938396,0.0,1.17,2.28,3.3,939.5,80.03241013373614,6926.753114263117
F2451,8606.0,4.180611201487334,148.33351685733,0.0,0.34,1.39,2.76,13667.83,90.92624456160125,8370.093323996025
F2452,7778.0,1439.1069323733607,53096.23753497703,0.0,0.44,1.62,3.07,3240502.62,53.19052013091751,3039.385820800172
F2453,8323.0,3.2297921422563975,56.95626193349352,0.0,0.32,1.36,2.73,4415.33,67.82061239294782,4875.686960691136
F2454,966.0,1.5579089026915114,1.99021231350642,0.0,0.0,1.0,2.17,18.0,2.312494652208389,8.403962714572794
F2455,0.0,,,,,,,,,
F2456,966.0,1.5579089026915114,1.99021231350642,0.0,0.0,1.0,2.17,18.0,2.312494652208389,8.403962714572794
F2457,966.0,2.3160351966873707,6.443173397870753,0.0,0.0,0.8200000000000001,2.2150000000000003,102.52,9.010405844337809,109.99618190439232
F2458,0.0,,,,,,,,,
F2459,966.0,2.3160351966873707,6.443173397870753,0.0,0.0,0.8200000000000001,2.2150000000000003,102.52,9.010405844337809,109.99618190439232
F2460,927.0,0.8416073354908307,1.7848587148077526,0.0,0.0,0.0,1.0,14.0,3.1478673143074833,12.138273166838243
F2461,4.0,1.0,0.9128709291752769,0.0,0.375,1.0,1.625,2.0,0.0,-3.3000000000000007
F2462,925.0,0.8241621621621623,1.7528085303984984,0.0,0.0,0.0,1.0,14.0,3.195202148586458,12.687307647460818
F2463,927.0,44.07724919093851,581.2952405574061,0.0,0.0,0.0,0.79,16275.86,24.331142648786685,662.2211523911486
F2464,4.0,0.5900000000000001,0.7423386468901283,0.0,0.15000000000000002,0.35,0.79,1.66,1.5638676954913175,2.47291154873502
F2465,925.0,41.70858378378379,576.2336815334542,0.0,0.0,0.0,0.75,16275.86,24.938926346698025,687.1831828561084
F2466,1091.0,1.2318240146654447,2.349863761463867,0.0,0.0,0.0,1.635,30.0,4.247100543618703,30.560949399873977
F2467,36.0,2.4786111111111113,5.40575098669544,0.0,0.0,0.75,2.8125,30.0,4.242091198678955,20.240644017180877
F2468,1065.0,1.1843098591549295,2.1584530709598866,0.0,0.0,0.0,1.5,19.5,3.2405650282314964,14.575719651950749
F2469,1091.0,83.18939505041247,1584.681100371227,0.0,0.0,0.0,1.5,37062.47,22.601463914837467,518.7354870463026
F2470,36.0,3.823333333333333,10.755269539027967,0.0,0.0,0.275,3.675,62.8,5.0207263081374816,27.472100414776136
F2471,1065.0,16.344685446009393,243.20526888313594,0.0,0.0,0.0,1.5,6017.27,21.35995335356431,481.4143411612899
F2472,481.0,1.2955925155925156,2.0497241969617606,0.0,0.0,1.0,1.5,15.0,2.944163860281093,11.115868298843203
F2473,46.0,0.7663043478260869,1.3938872243488345,0.0,0.0,0.0,1.0,7.0,3.2719197264757582,12.10207549051323
F2474,442.0,1.274366515837104,2.0302208098045256,0.0,0.0,1.0,1.0,15.0,2.988274127056543,11.74958055030211
F2475,481.0,643.6967775467776,11379.14708409476,0.0,0.0,0.06,1.4,248259.22,21.571013133993556,470.00320644549254
F2476,46.0,1.8717391304347826,7.272884283219516,0.0,0.0,0.0,1.225,49.15,6.386509384263209,42.152033446884936
F2477,442.0,124.64683257918551,1242.731793620127,0.0,0.0,0.05,1.31,19900.06,13.55896708487891,195.7924577357861
F2478,6064.0,2.5196553430079156,3.4246052894744676,0.0,0.75,2.0,3.36,111.0,10.857746357756675,247.7197887157106
F2479,5240.0,2.5829580152671756,2.629235290276709,0.0,1.0,2.06,3.5,44.0,3.616122252695766,28.250693736318755
F2480,3138.0,2.911115360101976,17.78341632816937,0.0,0.0,1.71,3.33,931.0,46.382525086944085,2377.912532616964
F2481,6064.0,468.85253133245374,14674.512871436325,0.0,0.2075,1.49,3.1925,686720.0,37.4035029830969,1477.5747011758126
F2482,5240.0,476.4815,12677.479536888699,0.0,0.32,1.61,3.3525,552957.0,35.75114618239834,1387.5371631659382
F2483,3138.0,12.037562141491396,316.64319405813495,0.0,0.0,1.4449999999999998,3.2,14800.0,40.22120376441363,1724.0096614686515
F2484,6601.0,2.69188607786699,2.7690445244767976,0.0,1.46,2.44,3.35,110.0,13.260214679821583,391.94651107949204
F2485,5678.0,3.0953927439239166,3.6348639711079804,0.0,1.22,2.38,3.75,98.0,6.8358219736445,109.80291397569987
F2486,5734.0,2.768027554935473,2.6990992932606006,0.0,1.53,2.41,3.36,69.0,8.22056503756782,129.03897154040084
F2487,6601.0,30.016861081654298,965.1659977581154,0.0,0.6,1.58,2.83,50000.0,43.02208941544034,1955.522637389029
F2488,5678.0,384.2958048608665,7795.046046314627,0.0,0.66,1.93,3.9575,453306.0,40.56156249904681,2106.2969858010756
F2489,5734.0,63.88291768399026,3974.8812927542353,0.0,0.59,1.48,2.69,300226.0,75.15409077386025,5675.100662750729
F2490,4390.0,2.5010615034168566,3.9393140033970684,0.0,0.5,2.0,3.43,136.5,13.877699465932837,373.9002542339578
F2491,3936.0,2.511432926829268,2.8222250415373917,0.0,0.8,2.0,3.43,69.0,5.698382639885591,90.53992134437864
F2492,1054.0,2.6656641366223908,11.254771215114173,0.0,0.0,0.05,2.0,229.5,12.133843126633181,192.62865085850748
F2493,4390.0,64.19220045558087,2500.0191333989787,0.0,0.03,1.3,3.5,160000.0,60.54267336894289,3831.0504101747497
F2494,3936.0,75.74786331300812,2645.322628670071,0.0,0.1275,1.55,3.76,160000.0,57.00331540639002,3408.025803832283
F2495,1054.0,8.960578747628084,86.73897004107376,0.0,0.0,0.0,1.7175,2006.13,17.916634485075146,357.91422028727925
F2496,1295.0,2.135158301158301,2.9520248391772066,0.0,0.0,1.47,3.0,41.0,4.58175814027901,37.633350274106576
F2497,555.0,1.959297297297297,2.5910780780209275,0.0,0.0,1.14,3.0,26.0,3.62475642300084,22.706754767900193
F2498,1001.0,2.0421178821178825,2.85197281019471,0.0,0.0,1.22,3.0,41.0,4.807209171844507,44.69803090672736
F2499,1295.0,88.24149806949808,2973.7954248117753,0.0,0.0,1.0,2.86,107000.0,35.96518337241122,1293.98424610758
F2500,555.0,768.5076216216216,10777.543520479267,0.0,0.0,0.94,2.87,200000.0,15.335431700599077,250.31829395426146
F2501,1001.0,4.907592407592408,37.66857812152859,0.0,0.0,0.98,2.76,1007.0,21.305544442017812,527.4126510732001
F2502,238.0,1.4503361344537815,1.9376400160206675,0.0,0.0,1.0,2.0,12.0,1.8281800544987021,4.225783107429838
F2503,238.0,1.4471848739495796,1.9373521599951178,0.0,0.0,1.0,2.0,12.0,1.8346920686620425,4.2441325136740975
F2504,238.0,7.2990756302521005,62.6569934808025,0.0,0.0,0.335,2.3025,951.77,14.619194544608344,220.46055185147017
F2505,238.0,7.296764705882352,62.65724239471287,0.0,0.0,0.335,2.3025,951.77,14.619130654248279,220.4591939645686
F2506,79.0,0.41139240506329117,0.5173867624832118,0.0,0.0,0.0,1.0,2.0,0.6510592144460119,-0.9323841342427843
F2507,79.0,0.41139240506329117,0.5173867624832118,0.0,0.0,0.0,1.0,2.0,0.6510592144460119,-0.9323841342427843
F2508,79.0,118.88797468354433,1052.268232760971,0.0,0.0,0.0,1.0,9353.26,8.888184995546979,78.99988690775349
F2509,79.0,118.88797468354433,1052.268232760971,0.0,0.0,0.0,1.0,9353.26,8.888184995546979,78.99988690775349
F2510,1064.0,1.2186842105263156,3.4075578603843417,0.0,0.0,0.0,1.0,54.0,8.575320305347478,104.05065628176462
F2511,286.0,0.9162587412587411,2.2966626411390996,0.0,0.0,0.0,1.0,17.0,4.694314879695819,26.94695676647591
F2512,845.0,1.1002958579881656,2.5258161428033232,0.0,0.0,0.0,1.0,33.0,5.7653403375662675,49.19875554130162
F2513,1064.0,66.32335526315788,1931.3946954454075,0.0,0.0,0.0,1.0150000000000001,62919.77,32.486713173237625,1058.0821915297029
F2514,286.0,10.371643356643357,122.00604352485229,0.0,0.0,0.0,0.5774999999999999,2013.97,15.771133419508919,257.914040956969
F2515,845.0,317.79255621301786,7188.403057295773,0.0,0.0,0.0,1.05,199320.48,25.98241699030897,704.7450838041387
F2516,1004.0,1.9175099601593624,2.589486215125584,0.0,0.0,1.0,3.0,18.0,2.2988523011986226,6.5668455109897375
F2517,305.0,2.6610491803278693,3.3478022367894265,0.0,0.0,1.71,3.67,23.0,2.2210757455712615,6.746573108676731
F2518,750.0,1.3740533333333333,1.8810527681356797,0.0,0.0,1.0,2.0,14.0,2.303376651151856,7.206351122004856
F2519,1004.0,1671.275348605578,34494.12547878081,0.0,0.0,0.745,3.59,772826.14,22.317380923411697,497.84009160656694
F2520,305.0,5108.630295081967,62468.37801848431,0.0,0.0,1.35,7.83,772826.14,12.287475762401971,149.9681484290712
F2521,750.0,18.081773333333334,221.64540228601174,0.0,0.0,0.375,2.0,4517.13,18.39914590515925,349.5651404074639
F2522,2168.0,-0.07095479704797047,0.3885359523061882,-0.75,-0.33,0.0,0.0,4.04,3.1266815614505497,20.773173963714306
F2523,1290.0,-0.07975193798449615,0.373423056839671,-0.9,-0.33,0.0,0.0,3.01,2.6267867801788904,14.83638138301194
F2524,1180.0,-0.11372033898305084,0.38092045981041117,-0.74,-0.33,0.0,0.0,4.89,5.1490753553592645,51.62848067569595
F2525,2168.0,0.23858856088560879,11.366078749418245,-0.75,-0.35,-0.065,0.0,524.93,45.482676057984264,2098.592586546534
F2526,1290.0,-0.03189922480620155,0.7930666617284406,-0.9,-0.35,-0.05,0.0,13.47,9.264730132585443,121.09581216513205
F2527,1180.0,0.14917796610169493,6.086687534462187,-0.74,-0.34,-0.04,0.0,186.24,27.201945361357097,785.726347757375
F2528,558.0,0.09229390681003584,1.1167457722896916,-0.84,-0.38,-0.14,0.1875,14.09,7.603172619804792,77.18284491117036
F2529,254.0,-0.06311023622047245,0.9465757778513898,-0.79,-0.44,-0.29,0.0,9.69,6.65399451425185,57.24230341544552
F2530,558.0,57.911272401433685,1110.7423190176587,-0.85,-0.4,-0.2,0.3475,25807.01,22.584781959951215,521.68025697703
F2531,254.0,25.317795275590548,304.8914605871957,-0.79,-0.4575,-0.32,0.0,4778.34,15.166299767218888,236.18811722093085
F2532,494.0,28.546680161943318,580.6211863712826,-0.85,-0.41,-0.21,0.2775,12903.24,22.20476343584283,493.36215332122003
F2533,8970.0,-0.00018394648829431453,0.050650794752539884,-0.5,0.0,0.0,0.0,0.88,2.6369996458382134,68.35949857195611
F2534,8456.0,0.049634578997161775,0.34612935694406205,-0.84,-0.07,0.0,0.08,7.89,6.204314453907214,82.06262661500102
F2535,8680.0,0.008423963133640553,0.232500011414443,-0.82,-0.05,0.0,0.04,8.93,16.898298592199914,538.0498445186504
F2536,8970.0,0.09803010033444817,8.724322636944699,-0.87,-0.23,-0.07,0.0,749.75,77.42580554250353,6339.980667084526
F2537,8456.0,425.25222682119204,23919.191807899155,-0.85,-0.24,-0.07,0.01,2137283.75,84.98774165024948,7544.577923324124
F2538,8680.0,1.5478076036866362,90.14260532346245,-0.89,-0.25,-0.09,0.0,6046.82,64.16967466205892,4182.304223033764
F2539,8606.0,-0.0022251917267023004,0.08596533737790953,-0.82,0.0,0.0,0.0,1.14,1.7266362151510954,41.778649613576974
F2540,7778.0,0.05027642067369504,0.35493741933838524,-0.84,-0.08,0.0,0.09,7.89,5.666974795307848,68.33857142387053
F2541,8323.0,0.00482518322720173,0.30396242064652707,-0.88,-0.06,0.0,0.04,18.77,33.22331625999223,1849.4280989884135
F2542,8606.0,0.09638275621659306,8.246805187720089,-0.87,-0.23,-0.08,0.0,749.75,87.73545174586586,7943.604871418076
F2543,7778.0,678.7428040627411,31605.40523837531,-0.85,-0.24,-0.08,0.03,2137283.75,60.523448192448036,3798.938511392594
F2544,8323.0,0.10461612399375227,9.356879513918388,-0.89,-0.25,-0.1,0.0,830.99,84.69399536429162,7480.512831369806
F2545,8606.0,-0.0022251917267023004,0.08596533737790953,-0.82,0.0,0.0,0.0,1.14,1.7266362151510954,41.778649613576974
F2546,7778.0,0.05027642067369504,0.35493741933838524,-0.84,-0.08,0.0,0.09,7.89,5.666974795307848,68.33857142387053
F2547,8323.0,0.00482518322720173,0.30396242064652707,-0.88,-0.06,0.0,0.04,18.77,33.22331625999223,1849.4280989884135
F2548,8606.0,0.09638275621659306,8.246805187720089,-0.87,-0.23,-0.08,0.0,749.75,87.73545174586586,7943.604871418076
F2549,7778.0,678.7428040627411,31605.40523837531,-0.85,-0.24,-0.08,0.03,2137283.75,60.523448192448036,3798.938511392594
F2550,8323.0,0.10461612399375227,9.356879513918388,-0.89,-0.25,-0.1,0.0,830.99,84.69399536429162,7480.512831369806
F2551,966.0,-0.12578674948240165,0.40957295094462154,-0.69,-0.4,-0.22,0.0,2.45,2.231122662822186,8.04400724853746
F2552,0.0,,,,,,,,,
F2553,966.0,-0.12578674948240165,0.40957295094462154,-0.69,-0.4,-0.22,0.0,2.45,2.231122662822186,8.04400724853746
F2554,966.0,-0.0027950310559006204,1.7523454167197172,-0.69,-0.41,-0.25,0.0,46.71,20.85138615443736,532.2867227453103
F2555,0.0,,,,,,,,,
F2556,966.0,-0.0027950310559006204,1.7523454167197172,-0.69,-0.41,-0.25,0.0,46.71,20.85138615443736,532.2867227453103
F2557,927.0,-0.15697950377562028,0.39630684739231326,-0.83,-0.43,-0.2,0.0,3.66,3.337438654420992,21.119722125290483
F2558,4.0,-0.4925,0.31244999599935985,-0.75,-0.705,-0.58,-0.3675,-0.06,1.2268903002290097,0.8076437673884058
F2559,925.0,-0.16148108108108108,0.3784413107336799,-0.83,-0.43,-0.2,0.0,3.12,2.9158053523384573,16.40308002485423
F2560,927.0,17.907971952535057,404.2699774600882,-0.83,-0.43,-0.22,0.0,12087.99,28.934597431261395,861.2155223985611
F2561,4.0,-0.605,0.13601470508735444,-0.75,-0.705,-0.6,-0.5,-0.47,-0.09140506112517627,-4.657998539079616
F2562,925.0,17.7184,403.95561331381475,-0.83,-0.43,-0.22,0.0,12087.99,29.042112708009736,865.7095801897249
F2563,1091.0,-0.12441796516956921,0.3875705386023981,-0.73,-0.4,-0.14,0.0,4.16,2.9214736345813015,19.006150419889014
F2564,36.0,-0.013888888888888864,0.8442114758003565,-0.62,-0.42,-0.24,0.0,4.16,3.8975944548787607,17.7254873871413
F2565,1065.0,-0.12892018779342723,0.3616504281178987,-0.73,-0.4,-0.14,0.0,2.18,2.0113474115866925,7.476697854035389
F2566,1091.0,7.089770852428964,118.63671875950058,-0.83,-0.41,-0.17,0.0,2996.77,19.809468003547472,433.07775018283525
F2567,36.0,0.06916666666666672,1.4998273710187928,-0.62,-0.4425,-0.325,0.0,8.49,5.34041411997909,30.448906861961852
F2568,1065.0,5.703887323943662,109.05383642068719,-0.83,-0.4,-0.17,0.0,2996.77,22.973617305031194,575.8026143731071
F2569,481.0,-0.22733887733887734,0.3778976761941037,-0.89,-0.46,-0.34,-0.08,2.09,2.3202093329777926,8.205356474807157
F2570,46.0,-0.2843478260869566,0.3034150232412733,-0.77,-0.46,-0.35,-0.14,1.13,2.328207862662349,9.62149682704231
F2571,442.0,-0.23183257918552036,0.3805063329464837,-0.89,-0.46,-0.34,-0.0925,2.09,2.360164675559205,8.503982156578772
F2572,481.0,59.40555093555093,1215.7083633247182,-0.89,-0.47,-0.35,-0.14,26641.56,21.871005507791974,479.18561780194983
F2573,46.0,-0.18869565217391307,0.5856757111639025,-0.77,-0.46,-0.35,-0.065,3.13,4.292695263792913,23.289750187942076
F2574,442.0,3.495384615384616,51.71916664207821,-0.89,-0.47,-0.36,-0.1625,980.45,16.943538838715433,303.7555013233294
F2575,6064.0,-0.012203166226912929,0.4359703254134806,-0.91,-0.19,-0.02,0.06,16.6,12.644110846225708,386.17041679373864
F2576,5240.0,-0.0017290076335877873,0.4697756944847401,-0.85,-0.22,-0.05,0.11,15.17,9.278702046436296,230.05328443653013
F2577,3138.0,-0.02448374760994264,0.5327095598823351,-0.94,-0.2,-0.03,0.04,18.52,16.68541743083043,501.41581407000007
F2578,6064.0,174.77254452506597,8491.650719810312,-0.85,-0.3,-0.1,0.04,539565.5,56.64757863532273,3318.5516797064274
F2579,5240.0,110.89278053435113,5318.282558314918,-0.87,-0.32,-0.12,0.06,376004.32,67.79551042941537,4769.1437663818715
F2580,3138.0,0.6268228170809432,32.255055950525474,-0.85,-0.28,-0.07,0.02,1804.37,55.785726170455256,3120.376586663166
F2581,6601.0,0.012638994091804273,0.30357302269723085,-0.73,-0.03,0.0,0.03,18.89,38.080319250105795,2278.7641856399064
F2582,5678.0,0.07646354350123283,0.5189252908191466,-0.88,-0.13,0.0,0.13,18.89,11.113759915875503,321.5884725694736
F2583,5734.0,0.022575863271712588,0.3064673704839917,-0.68,-0.06,0.0,0.06,11.94,15.827663912965754,476.31093644188076
F2584,6601.0,2.561655809725799,144.5049650645379,-0.86,-0.24,-0.1,0.01,11428.71,75.71528075809772,5938.39016683592
F2585,5678.0,47.82769813314548,1211.0928717248396,-0.92,-0.26,-0.07,0.13,69985.09,42.03449801672834,2135.180772531804
F2586,5734.0,10.627748517614231,707.6244780041774,-0.86,-0.26,-0.13,0.0,53432.19,75.09887724522724,5668.96757021577
F2587,4390.0,-0.015555808656036448,0.4547756749428017,-0.81,-0.27,-0.05,0.1,6.37,4.130317273567126,36.3257162627973
F2588,3936.0,-0.018534044715447156,0.4554439981329495,-0.81,-0.29,-0.07,0.12,6.36,3.319969210711676,23.498310532580515
F2589,1054.0,-0.012058823529411759,0.8787850070718464,-0.81,-0.35,-0.1,0.0,12.19,7.999720128177715,85.09695096730253
F2590,4390.0,8.06784054669704,276.0285446717827,-0.84,-0.35,-0.135,0.057499999999999996,15267.94,46.18173948186644,2325.6305881298463
F2591,3936.0,9.317855691056911,291.83288132341306,-0.87,-0.36,-0.15,0.08,15267.94,43.581244253583364,2075.3354322514974
F2592,1054.0,0.860426944971537,20.409256858948687,-0.82,-0.4,-0.14,0.0,650.33,30.80453441333438,977.1090273345984
F2593,1295.0,-0.03982239382239382,0.4452266664361616,-0.84,-0.3,-0.07,0.06,4.89,3.087863151833814,19.774948188362664
F2594,555.0,-0.06801801801801802,0.467738278471721,-0.81,-0.38,-0.16,0.05,3.26,2.208422794764525,7.93285966969499
F2595,1001.0,-0.04989010989010989,0.3920164383187112,-0.84,-0.29,-0.06,0.05,3.0,2.213025801118394,10.14826377273911
F2596,1295.0,34.75016216216217,1238.889717479799,-0.84,-0.355,-0.13,0.0,44582.75,35.98515625257778,1294.9541994625913
F2597,555.0,85.20032432432434,1894.6659862484537,-0.81,-0.42,-0.21,0.03,44582.75,23.470159089425987,552.133169130848
F2598,1001.0,0.6793106893106892,12.403192307804295,-0.84,-0.34,-0.11,0.0,349.53,24.259091816280975,648.1143451607817
F2599,238.0,-0.18873949579831933,0.3915285519048473,-0.78,-0.45,-0.3,-0.0325,1.97,2.1512512610573453,6.860224827132373
F2600,1.0,-0.54,,-0.54,-0.54,-0.54,-0.54,-0.54,,
F2601,238.0,-0.1884033613445378,0.3916566204509814,-0.78,-0.45,-0.3,-0.03,1.97,2.1469302244672255,6.839991540273085
F2602,238.0,0.6441596638655462,8.649897973089859,-0.78,-0.47,-0.345,-0.07500000000000001,130.2,14.365677412093603,214.87962790627313
F2603,1.0,-0.54,,-0.54,-0.54,-0.54,-0.54,-0.54,,
F2604,238.0,0.6444117647058824,8.649872969884312,-0.78,-0.47,-0.345,-0.07500000000000001,130.2,14.365714675880616,214.88044417577862
F2605,79.0,-0.36164556962025324,0.22536255905760366,-0.78,-0.505,-0.42,-0.235,0.5,1.0096615777815185,1.4935018092661463
F2606,79.0,-0.36164556962025324,0.22536255905760366,-0.78,-0.505,-0.42,-0.235,0.5,1.0096615777815185,1.4935018092661463
F2607,0.0,,,,,,,,,
F2608,79.0,66.04278481012658,590.3205446281657,-0.78,-0.505,-0.42,-0.235,5246.51,8.888192813243581,78.99998074935601
F2609,79.0,66.04278481012658,590.3205446281657,-0.78,-0.505,-0.42,-0.235,5246.51,8.888192813243581,78.99998074935601
F2610,1064.0,-0.12302631578947369,0.6245022516660693,-0.81,-0.42,-0.21,0.0,11.63,9.514240438466366,147.23395718461651
F2611,286.0,-0.16933566433566433,0.416436738424406,-0.71,-0.44,-0.25,0.0,2.84,3.535740228553388,19.37099621785939
F2612,845.0,-0.13915976331360946,0.5089016881843789,-0.81,-0.42,-0.21,0.0,7.88,6.558284167118593,81.45581163584517
F2613,1064.0,0.5175469924812031,14.129381505527402,-0.81,-0.43,-0.25,0.0,446.77,29.95249325952627,939.6071497474197
F2614,286.0,0.6107342657342658,13.255674606881517,-0.71,-0.44,-0.27,0.0,223.87,16.881807149398156,285.32414624477445
F2615,845.0,9.861526627218932,284.14565502208075,-0.81,-0.43,-0.25,0.0,8259.34,29.063152873814715,844.7765137091242
F2616,1004.0,-0.08625498007968127,0.5369055002293884,-0.89,-0.4225,-0.25,0.04,3.83,2.6074876932750692,10.061042553377124
F2617,305.0,-0.06072131147540982,0.5162753794942759,-0.89,-0.42,-0.2,0.11,2.57,2.0253372002904273,5.5143738674949585
F2618,750.0,-0.1476,0.4987515521924912,-0.89,-0.44,-0.31,-0.01,3.83,3.10111323235359,15.074563123687778
F2619,1004.0,720.6853984063742,15419.620970382715,-0.89,-0.44,-0.29,0.0,386287.0,22.85507085433646,529.6489695462392
F2620,305.0,2254.7294426229505,27927.648455197537,-0.84,-0.43,-0.26,0.16,386287.0,12.583734952154915,159.72956097835583
F2621,750.0,1.7364800000000002,23.794569336639714,-0.89,-0.45,-0.32,-0.0625,490.93,16.512956335507933,297.2324712461339
F2622,2627.0,-0.09778073848496384,0.3707589639264613,-0.79,-0.37,-0.04,0.0,2.96,1.7507553049444349,7.324981599906282
F2623,1591.0,-0.09468258956631048,0.3627080315741357,-0.85,-0.365,-0.02,0.0,2.21,1.5564355210770826,6.10046546386015
F2624,1471.0,-0.14666893269884432,0.3322547970817368,-0.79,-0.425,-0.07,0.0,2.1,1.353495350801763,5.24702835283904
F2625,2627.0,0.1386791016368481,3.048709521638254,-0.79,-0.41,-0.09,0.0,88.02,19.828759735391497,478.3841023296193
F2626,1591.0,0.2575235700817097,8.492615225023041,-0.85,-0.39,-0.06,0.0,333.0,37.94671450742476,1484.8779603178766
F2627,1471.0,0.3413256288239293,10.81981398971928,-0.79,-0.44,-0.11,0.0,393.37,33.33183905673561,1191.271671440083
F2628,804.0,0.5034825870646765,4.050720927910362,-0.7,-0.36,-0.035,0.4325,95.2,18.29126155111086,396.58751307421426
F2629,433.0,0.25995381062355655,1.3221361425144857,-0.76,-0.45,-0.17,0.33,9.93,3.358501550466506,14.2920075873631
F2630,686.0,0.08405247813411078,0.9787232366120471,-0.73,-0.3975,-0.11,0.24,16.16,8.27912854926173,114.30793934804865
F2631,804.0,9.15342039800995,115.95722275459511,-0.76,-0.42,-0.09,0.8,3057.52,23.314538879853757,599.5157934833588
F2632,433.0,10.36935334872979,197.77603461633657,-0.76,-0.48,-0.28,0.3,4114.51,20.781378998325366,432.2328246711951
F2633,686.0,2.3148542274052484,24.150041215464753,-0.76,-0.45,-0.19,0.395,554.4,19.145546589568436,413.71952247982637
F2634,9007.0,0.00013989119573664933,0.05866361281850943,-0.58,0.0,0.0,0.0,2.02,8.393024467741574,237.78050932277307
F2635,8691.0,0.03496030376251295,0.31570263595728737,-0.89,-0.08,0.0,0.07,9.35,8.471246028337678,170.2297369598871
F2636,8723.0,0.008186403760174252,0.15213903600635095,-0.75,-0.04,0.0,0.04,2.86,2.7996033325907685,32.20683095270756
F2637,9007.0,0.15578772066170754,10.811419607795921,-0.9,-0.25,-0.08,0.0,682.44,57.31754633675134,3457.0072702291804
F2638,8691.0,382.35128868944884,20370.852346345077,-0.9,-0.26,-0.09,0.0,1630486.45,68.51198087982073,5096.212476639095
F2639,8723.0,0.012080706179066824,2.5446501635485848,-0.93,-0.25,-0.09,0.0,154.29,40.74707753517293,2018.5440476472338
F2640,8679.0,-0.0009309828321235167,0.10594175262993105,-0.9,-0.01,0.0,0.0,2.67,6.75545322803891,134.1792716908605
F2641,8057.0,0.03506640188655827,0.3124214279524802,-0.9,-0.08,0.0,0.08,8.18,5.928527038208599,91.61584727755962
F2642,8387.0,0.00466913079766305,0.18273570870681086,-0.93,-0.05,0.0,0.04,3.18,4.006331154848204,46.602358599132735
F2643,8679.0,0.2466885585896993,11.829430099620739,-0.92,-0.25,-0.09,0.0,682.44,46.97116957124548,2380.069279047434
F2644,8057.0,383.07001117041085,20774.857772117517,-0.9,-0.27,-0.1,0.01,1630486.45,68.90222945108884,5067.14559110485
F2645,8387.0,0.05161917252891379,3.95002210446494,-0.93,-0.25,-0.1,0.0,199.25,40.27565918116709,1760.926860669535
F2646,8679.0,-0.0009309828321235167,0.10594175262993105,-0.9,-0.01,0.0,0.0,2.67,6.75545322803891,134.1792716908605
F2647,8057.0,0.03506640188655827,0.3124214279524802,-0.9,-0.08,0.0,0.08,8.18,5.928527038208599,91.61584727755962
F2648,8387.0,0.00466913079766305,0.18273570870681086,-0.93,-0.05,0.0,0.04,3.18,4.006331154848204,46.602358599132735
F2649,8679.0,0.2466885585896993,11.829430099620739,-0.92,-0.25,-0.09,0.0,682.44,46.97116957124548,2380.069279047434
F2650,8057.0,383.07001117041085,20774.857772117517,-0.9,-0.27,-0.1,0.01,1630486.45,68.90222945108884,5067.14559110485
F2651,8387.0,0.05161917252891379,3.95002210446494,-0.93,-0.25,-0.1,0.0,199.25,40.27565918116709,1760.926860669535
F2652,1325.0,-0.052181132075471696,0.5461037470241558,-0.82,-0.4,-0.17,0.08,4.93,2.998283993066568,15.533084473136208
F2653,1325.0,-0.052181132075471696,0.5461037470241558,-0.82,-0.4,-0.17,0.08,4.93,2.998283993066568,15.533084473136208
F2654,1325.0,0.13786415094339624,1.9899153330960118,-0.82,-0.42,-0.22,0.06,38.95,12.420197685197229,196.0911284402998
F2655,0.0,,,,,,,,,
F2656,1325.0,0.13786415094339624,1.9899153330960118,-0.82,-0.42,-0.22,0.06,38.95,12.420197685197229,196.0911284402998
F2657,1352.0,-0.1804955621301775,0.4610310653389095,-0.92,-0.5,-0.27,0.0,5.33,3.707317890096966,27.01521826820278
F2658,16.0,-0.364375,0.3509409969401314,-0.92,-0.5825,-0.48,-0.1475,0.22,0.4301985744989763,-0.909738967540981
F2659,1348.0,-0.18217359050445103,0.45325297175716106,-0.92,-0.5,-0.265,0.0,4.76,3.4783752247224555,23.1447949612602
F2660,1352.0,4.582744082840236,57.8220387111193,-0.92,-0.5,-0.32,0.0,1557.74,18.91988107181308,433.50968504073217
F2661,16.0,-0.453125,0.264341162137114,-0.92,-0.5825,-0.48,-0.2975,0.24,0.8530724033378361,2.305700442639724
F2662,1348.0,4.87503709198813,61.15318494346092,-0.92,-0.5,-0.32,0.0,1557.74,17.86276647912038,376.2759142644231
F2663,1388.0,-0.10424351585014409,0.5378315735507108,-0.79,-0.44,-0.17,0.0,8.61,5.016069964632736,56.45491557079129
F2664,54.0,-0.06796296296296299,1.251966573231557,-0.67,-0.515,-0.26,-0.01,8.61,6.524465554276136,45.63408072282848
F2665,1347.0,-0.10894580549368968,0.48847923561639867,-0.79,-0.44,-0.17,0.0,3.82,2.7051801507736815,11.560310377543844
F2666,1388.0,7.3939121037463975,201.3638637297945,-0.85,-0.46,-0.225,0.0,7383.24,35.61207527133448,1301.0994356112378
F2667,54.0,0.3496296296296296,2.800995081242246,-0.67,-0.52,-0.275,0.0,18.93,5.874845359156006,38.024838522275395
F2668,1347.0,2.13203414996288,36.533341445407615,-0.85,-0.46,-0.22,0.0,1022.55,22.421279374271393,550.6226811998825
F2669,1144.0,-0.2571853146853147,0.4532491205490266,-0.85,-0.53,-0.41,-0.09,4.4,3.6819583821117434,24.531173886938433
F2670,73.0,-0.2206849315068493,0.5070374979753669,-0.84,-0.51,-0.33,-0.06,3.17,4.359205114370493,27.544619364899777
F2671,1092.0,-0.2713736263736264,0.43231682415103,-0.85,-0.53,-0.42,-0.1,4.4,3.5456268355688523,23.842739995284354
F2672,1144.0,159.53601398601398,3785.25719642129,-0.85,-0.54,-0.46,-0.25,124607.8,31.47916928432315,1026.8762129435502
F2673,73.0,0.24164383561643837,3.120154026512611,-0.84,-0.51,-0.32,-0.06,25.14,7.384709249055879,58.3501082640754
F2674,1092.0,166.8676373626374,3874.2504515400165,-0.85,-0.54,-0.46,-0.28,124607.8,30.755571823035556,980.2012905015456
F2675,6508.0,-0.0016272280270436409,0.4900877105026583,-0.87,-0.2,-0.03,0.06,19.32,12.539424127646477,396.73853450255973
F2676,5810.0,0.014099827882960414,0.5701603520149245,-0.9,-0.23,-0.04,0.11,19.32,11.472735481151052,290.88139491018353
F2677,3317.0,-0.03396442568586072,0.4270348885984455,-0.93,-0.22,-0.04,0.04,6.06,5.073890341765818,50.93886396690402
F2678,6508.0,348.74802397049785,20859.2700676046,-0.91,-0.33,-0.12,0.02,1626943.59,74.07242614801623,5707.300062388511
F2679,5810.0,2663.525401032702,176573.00566866162,-0.89,-0.3475,-0.14,0.04,13358454.09,74.65627865373723,5638.87244483643
F2680,3317.0,4.113023816701839,179.23772170000493,-0.93,-0.3,-0.08,0.02,9845.43,51.49685118332545,2769.5205632026364
F2681,6714.0,0.020545129579982127,0.261868637298582,-0.84,-0.03,0.0,0.03,6.78,11.41970902858141,213.88243334963536
F2682,6126.0,0.09132876265099577,0.5403555569984503,-0.84,-0.13,0.0,0.13,9.58,5.495271973022595,54.03569725892914
F2683,5790.0,0.025839378238341967,0.25548982575851975,-0.96,-0.05,0.0,0.06,4.95,7.838328746743111,102.14533462188179
F2684,6714.0,20.990081918379506,1067.0388010214135,-0.86,-0.24,-0.09,0.02,77060.03,63.11551291865367,4284.183988506717
F2685,6126.0,315.15715475024484,15670.110632018024,-0.87,-0.26,-0.07,0.12,1209205.76,75.13264741346545,5786.543058991038
F2686,5790.0,0.5508981001727116,29.35792875609824,-0.96,-0.26,-0.12,0.01,1975.39,60.036340353197026,3797.7537404314544
F2687,5039.0,-0.008456042865647948,0.5174958768294001,-0.87,-0.28,-0.05,0.1,10.25,5.212878764058694,63.67674877739728
F2688,4606.0,-0.013208858011289622,0.5352755027653658,-0.9,-0.3,-0.06,0.11,10.25,5.835182072792294,75.63657353780161
F2689,1259.0,0.0249404289118348,1.3979565687068374,-0.83,-0.39,-0.13,0.0,32.83,14.382078676738686,283.2952866509371
F2690,5039.0,36.86872593768605,1435.8041887976924,-0.88,-0.39,-0.16,0.04,75691.78,45.05426878006017,2122.331453849038
F2691,4606.0,29.240191055145463,1241.6809591405738,-0.89,-0.4,-0.17,0.06,75691.78,54.68752864055139,3157.3404163609025
F2692,1259.0,1.0765131056393964,11.085356049942707,-0.85,-0.44,-0.2,0.0,206.95,14.277623896273525,231.4365875546152
F2693,1487.0,-0.04125756556825824,0.5333567412407098,-0.82,-0.33,-0.09,0.055,6.1,4.352349836942034,32.54787971324346
F2694,701.0,-0.05713266761768901,0.5827076413016241,-0.8,-0.43,-0.18,0.07,5.73,3.329151038673832,19.42047546504839
F2695,1143.0,-0.020498687664041997,0.5609942510327502,-0.82,-0.3,-0.08,0.06,6.1,4.295672842178297,29.620906281654218
F2696,1487.0,3.544841963685272,97.80419502950106,-0.82,-0.4,-0.17,0.0,3650.91,35.413345759457144,1307.4888651638466
F2697,701.0,150.76495007132664,3248.566671774255,-0.8,-0.45,-0.24,0.0,83332.75,24.453696754986126,619.0348470120808
F2698,1143.0,2.091478565179353,50.75398115397752,-0.82,-0.37,-0.14,0.0,1651.53,30.729185176077134,984.4255483637405
F2699,335.0,-0.0657910447761194,0.6195501685068041,-0.75,-0.46,-0.22,0.09,4.57,3.032702673636571,13.881293312144932
F2700,4.0,-0.43,0.16227548592850777,-0.57,-0.525,-0.475,-0.38,-0.2,1.3900412558465038,1.9953052395449493
F2701,335.0,-0.06617910447761194,0.6198722807742331,-0.75,-0.46,-0.22,0.09,4.57,3.0302726124521615,13.8542278347373
F2702,335.0,0.38447761194029856,3.4468859866170214,-0.75,-0.485,-0.29,0.055,36.31,8.617654980517166,81.6478229755719
F2703,4.0,-0.43,0.16227548592850777,-0.57,-0.525,-0.475,-0.38,-0.2,1.3900412558465038,1.9953052395449493
F2704,335.0,0.3834626865671642,3.4469859190311105,-0.75,-0.485,-0.29,0.045,36.31,8.617783752652405,81.64827739106087
F2705,144.0,-0.21347222222222217,0.322228515197237,-0.7,-0.48,-0.255,0.0,1.2,1.1495758658283697,2.321313940713771
F2706,144.0,-0.21347222222222217,0.322228515197237,-0.7,-0.48,-0.255,0.0,1.2,1.1495758658283697,2.321313940713771
F2707,0.0,,,,,,,,,
F2708,144.0,-0.028333333333333308,2.0642213520380484,-0.7,-0.48,-0.275,0.0,24.14,11.384104971410956,133.98316147687956
F2709,144.0,-0.028333333333333308,2.0642213520380484,-0.7,-0.48,-0.275,0.0,24.14,11.384104971410956,133.98316147687956
F2710,1439.0,-0.12949270326615706,0.751438180513268,-0.86,-0.48,-0.25,0.0,18.53,12.852796731236468,280.2733240709141
F2711,364.0,-0.16351648351648354,0.5238375531562158,-0.78,-0.48,-0.25,0.0,4.26,4.264750572585508,26.385385781452793
F2712,1177.0,-0.1406372132540357,0.5799179085774349,-0.86,-0.49,-0.25,0.0,8.66,5.270731423351136,54.910933795851534
F2713,1439.0,22.40601806810285,761.9544570896468,-0.86,-0.5,-0.3,0.0,28866.5,37.78073157278131,1431.0508427464358
F2714,364.0,0.8788186813186815,13.046250043535036,-0.78,-0.48,-0.295,0.0,176.28,13.220411819889852,175.4245497223414
F2715,1177.0,28.949396771452847,844.7855977387574,-0.86,-0.5,-0.32,0.0,28866.5,33.89944759816623,1157.5633983884195
F2716,1583.0,-0.034175615919140874,0.6727198690665374,-0.79,-0.48,-0.21,0.15,6.26,3.180863676665003,17.042542442161736
F2717,483.0,0.06685300207039335,0.7424715043544184,-0.7,-0.415,-0.09,0.25,4.84,2.861318171005662,12.440361949969889
F2718,1218.0,-0.12264367816091953,0.5773132791770436,-0.79,-0.5,-0.31,0.0,3.89,2.633595681964297,10.041996631105397
F2719,1583.0,34.327883765003165,549.743147927103,-0.79,-0.5,-0.32,0.17,17366.35,24.15318874558127,676.56244974125
F2720,483.0,47.28111801242237,804.2485322179214,-0.73,-0.455,-0.2,0.59,17366.35,20.935551483552747,449.24822509798867
F2721,1218.0,1.8541789819376029,18.99491889480012,-0.79,-0.51,-0.36,0.0,477.11,18.0548968574292,390.86881122808654
F2722,2168.0,-0.13868542435424352,0.5158035712964424,-0.92,-0.5,-0.09,0.0,9.02,4.385697719276265,54.74135127710236
F2723,1290.0,-0.1401937984496124,0.545865944001906,-0.95,-0.5,-0.095,0.0,9.02,5.205372842722391,68.27372564070998
F2724,1180.0,-0.21494067796610167,0.4331178715147808,-0.9,-0.52,-0.185,0.0,5.1,3.4774810593539263,31.675989091104885
F2725,2168.0,0.12346402214022144,6.043122345378703,-0.92,-0.52,-0.185,0.0,266.88,40.24257181930033,1757.3625798772825
F2726,1290.0,-0.03496899224806202,1.2928314163829429,-0.95,-0.53,-0.155,0.0,23.17,10.437260493500132,153.3413400722772
F2727,1180.0,0.2665932203389831,8.632213741778747,-0.9,-0.5425,-0.21,0.0,203.67,22.32223151889827,517.5697979981841
F2728,558.0,0.40301075268817205,2.32355688381924,-0.88,-0.46749999999999997,-0.12,0.41,28.59,7.450028465583592,71.31100168904773
F2729,254.0,0.07188976377952758,1.620504597295324,-0.9,-0.6575,-0.365,0.12,13.6,4.938421373938951,30.66144022483291
F2730,494.0,0.07866396761133602,1.14499007340323,-0.89,-0.51,-0.19,0.3,13.78,5.506720653248235,49.434326101745555
F2731,558.0,32.35584229390681,428.07465036278546,-0.88,-0.54,-0.09,1.1475,9642.36,20.817484069914283,460.31330832118596
F2732,254.0,15.429173228346453,157.14840017378273,-0.9,-0.68,-0.44,0.05750000000000001,2403.7,14.19796321763302,213.49967956587383
F2733,494.0,17.109493927125506,228.01002561572804,-0.88,-0.58,-0.14,0.65,4939.3,20.616319444328294,443.2605672152707
F2734,8970.0,-0.00034113712374581967,0.08016968021139945,-0.6,0.0,0.0,0.0,3.39,10.678684912840323,388.00124756670954
F2735,8456.0,0.07947729422894985,0.4887696436909618,-0.91,-0.11,0.0,0.13,12.21,6.17547626500991,83.00996289086814
F2736,8680.0,0.017288018433179723,0.30820282330303134,-0.82,-0.08,0.0,0.07,10.09,13.857446649034365,379.48392464548243
F2737,8970.0,0.30028205128205127,20.53021867891202,-0.94,-0.39,-0.15,0.0,1707.6,70.95151315665237,5556.929169700977
F2738,8456.0,332.59587511825924,14074.87873652941,-0.93,-0.39,-0.14,0.02,1206744.77,76.26796640827287,6413.490960959755
F2739,8680.0,4.450337557603687,272.3694588647651,-0.94,-0.4,-0.17,0.0,22666.17,73.86050198037721,5814.090745313171
F2740,8606.0,-0.004392284452707414,0.12978495226608877,-0.9,-0.01,0.0,0.0,2.81,4.683474416071364,74.07970483995712
F2741,7778.0,0.08130367703779892,0.5094458133486216,-0.94,-0.13,0.0,0.14,12.21,5.907245978564167,76.15731387172609
F2742,8323.0,0.008337138051183466,0.35489206261958794,-0.93,-0.09,-0.01,0.07,18.34,21.354789327608593,945.4670913871287
F2743,8606.0,0.3312956077155473,20.78630638293401,-0.94,-0.39,-0.16,0.0,1707.6,70.9685804445754,5508.20575553689
F2744,7778.0,503.8885446130111,18876.469392929524,-0.93,-0.39,-0.16,0.04,1206744.77,55.88779059818387,3335.8606477139124
F2745,8323.0,0.058596659858224195,5.814664755662072,-0.94,-0.41,-0.18,0.0,407.92,53.07884270809627,3289.0905032236146
F2746,8606.0,-0.004392284452707414,0.12978495226608877,-0.9,-0.01,0.0,0.0,2.81,4.683474416071364,74.07970483995712
F2747,7778.0,0.08130367703779892,0.5094458133486216,-0.94,-0.13,0.0,0.14,12.21,5.907245978564167,76.15731387172609
F2748,8323.0,0.008337138051183466,0.35489206261958794,-0.93,-0.09,-0.01,0.07,18.34,21.354789327608593,945.4670913871287
F2749,8606.0,0.3312956077155473,20.78630638293401,-0.94,-0.39,-0.16,0.0,1707.6,70.9685804445754,5508.20575553689
F2750,7778.0,503.8885446130111,18876.469392929524,-0.93,-0.39,-0.16,0.04,1206744.77,55.88779059818387,3335.8606477139124
F2751,8323.0,0.058596659858224195,5.814664755662072,-0.94,-0.41,-0.18,0.0,407.92,53.07884270809627,3289.0905032236146
F2752,966.0,-0.19828157349896483,0.5430075023212945,-0.88,-0.56,-0.325,0.0,3.82,2.3538593499943943,9.546950979993843
F2753,0.0,,,,,,,,,
F2754,966.0,-0.19828157349896483,0.5430075023212945,-0.88,-0.56,-0.325,0.0,3.82,2.3538593499943943,9.546950979993843
F2755,966.0,0.004627329192546588,1.824016298399625,-0.88,-0.6,-0.36,0.0,33.79,10.384810454001258,150.56852862097693
F2756,0.0,,,,,,,,,
F2757,966.0,0.004627329192546588,1.824016298399625,-0.88,-0.6,-0.36,0.0,33.79,10.384810454001258,150.56852862097693
F2758,927.0,-0.27117583603020495,0.487165312191368,-0.93,-0.66,-0.35,0.0,3.2,1.9502149663234174,6.928353853963017
F2759,4.0,-0.6225,0.2291105992019284,-0.89,-0.7025,-0.635,-0.555,-0.33,0.32584571537245766,1.5496943461594164
F2760,925.0,-0.27584864864864866,0.47570369248304456,-0.93,-0.66,-0.35,0.0,3.2,1.8644711106527936,6.701728133043755
F2761,927.0,12.790485436893203,168.28713601792666,-0.93,-0.68,-0.33,0.0,4620.83,23.253457539990965,614.8112041082624
F2762,4.0,-0.715,0.12767145334803706,-0.89,-0.77,-0.675,-0.62,-0.62,-1.1686438124973708,0.31111445669765914
F2763,925.0,12.234594594594595,167.30122680626056,-0.93,-0.68,-0.34,0.0,4620.83,23.657050831147263,630.7767642230656
F2764,1091.0,-0.2093858845096242,0.5457344924756309,-0.87,-0.59,-0.27,0.0,5.35,3.20705985351374,19.84725713795533
F2765,36.0,-0.11277777777777777,1.1098406864078958,-0.87,-0.715,-0.355,-0.04,5.35,3.9095889502528625,17.606808593656176
F2766,1065.0,-0.21425352112676058,0.5166977195720843,-0.84,-0.59,-0.27,0.0,4.4,2.6107761640462273,12.930584399258336
F2767,1091.0,14.8296241979835,296.86972901564405,-0.9,-0.61,-0.29,0.0,9254.89,28.438647002440998,868.1217069087697
F2768,36.0,0.19666666666666666,2.2237355957937086,-0.87,-0.7424999999999999,-0.39,-0.05750000000000001,12.08,4.678438780108177,24.52931774684211
F2769,1065.0,4.1430234741784036,64.02745404650321,-0.9,-0.61,-0.3,0.0,1403.67,19.191688430424225,391.3388626749713
F2770,481.0,-0.2980873180873181,0.5316265142870517,-0.93,-0.67,-0.45,-0.1,2.72,2.2575537776232033,7.35145453001562
F2771,46.0,-0.3765217391304348,0.4560955913027412,-0.92,-0.6775,-0.47,-0.2175,1.89,2.8994943121854715,12.8540916084553
F2772,442.0,-0.30549773755656107,0.5288873798258826,-0.93,-0.67,-0.45,-0.11,2.72,2.1514154883640964,6.520197773401987
F2773,481.0,75.78754677754678,1110.4688825515188,-0.93,-0.71,-0.56,-0.05,23711.26,20.33426708846949,430.45940517110216
F2774,46.0,-0.00021739130434779248,2.6099029263603186,-0.92,-0.6775,-0.425,-0.1825,17.14,6.571764761776932,44.03024111247808
F2775,442.0,27.85128959276018,269.4161192638534,-0.93,-0.71,-0.58,-0.0225,4087.2,12.939661438295527,178.07139397146884
F2776,6064.0,-0.022600593667546177,0.5940340162333574,-0.93,-0.28,-0.06,0.08,16.6,8.214258590389985,154.05775313326592
F2777,5240.0,-0.0015782442748091595,0.6384409467694727,-0.94,-0.32,-0.08,0.16,15.17,6.1373592128778185,91.47272219791283
F2778,3138.0,-0.04921287444231995,0.7137299054995679,-0.94,-0.33,-0.08,0.05,18.16,12.183634928218057,263.2514529885871
F2779,6064.0,177.01986312664906,6563.941836634529,-0.93,-0.47,-0.18,0.07,387380.08,48.70511886480507,2568.5388535896823
F2780,5240.0,149.5419312977099,4646.645706035249,-0.94,-0.49,-0.21,0.11,276478.0,48.42481620749071,2635.011784484513
F2781,3138.0,3.187829827915869,108.95333008027852,-0.94,-0.44,-0.13,0.03,4639.99,38.579720611399864,1528.2878077471767
F2782,6601.0,0.030071201333131344,0.3668442544879423,-0.93,-0.04,0.0,0.05,12.77,14.06068788301515,364.86814599372735
F2783,5678.0,0.15503522367030645,0.7881978140501921,-0.93,-0.18,0.0,0.22,13.16,5.744849191401765,58.088085590162414
F2784,5734.0,0.052963027554935475,0.49330114985498896,-0.8,-0.09,-0.01,0.09,13.24,12.248592763793122,236.88139070917566
F2785,6601.0,11.727936676261171,520.3532626404201,-0.92,-0.38,-0.17,0.01,37499.75,61.67348993758948,4208.367695764209
F2786,5678.0,122.6078848185981,2381.40134277363,-0.94,-0.37,-0.09,0.2875,131903.91,36.99372101583758,1777.2116281828748
F2787,5734.0,14.12363794907569,859.15922123587,-0.93,-0.42,-0.22,0.0,64577.91,74.13574711956919,5566.016939521513
F2788,4390.0,-0.02159681093394078,0.7180060721240821,-0.94,-0.39,-0.1,0.13,17.61,7.9761831250185695,139.5534292852532
F2789,3936.0,-0.031206808943089435,0.6971890133747082,-0.94,-0.41,-0.12,0.16,17.61,7.504745859608962,139.45454807413967
F2790,1054.0,-0.025056925996204932,1.296789133797427,-0.91,-0.53,-0.22,0.0,17.11,7.388219310355975,70.91577115018875
F2791,4390.0,16.990343963553535,618.4494284764247,-0.94,-0.53,-0.21,0.16,37845.39,55.149417386680035,3258.084151101017
F2792,3936.0,20.285912093495938,654.9459669162441,-0.94,-0.54,-0.23,0.18,37845.39,51.80091320325028,2888.367299733197
F2793,1054.0,1.7303510436432639,21.987467767185553,-0.92,-0.6,-0.27,0.0,434.66,16.49925891483663,291.191249812278
F2794,1295.0,-0.08150579150579151,0.6417418359497561,-0.94,-0.45,-0.15,0.06,6.82,3.935024114377678,29.414760211767163
F2795,555.0,-0.14576576576576578,0.6460736028270657,-0.91,-0.55,-0.28,0.05,4.81,3.068250276609959,15.675341950486969
F2796,1001.0,-0.08806193806193807,0.6018071453213565,-0.94,-0.43,-0.16,0.06,6.88,3.8096912651852675,30.341277519944892
F2797,1295.0,32.84086486486487,1143.804727918012,-0.94,-0.54,-0.24,0.0,41153.23,35.96299036661228,1293.876126885278
F2798,555.0,277.32645045045047,4123.976238547735,-0.91,-0.615,-0.36,0.0,83332.75,17.15828370937667,318.93455427057563
F2799,1001.0,0.6614485514485514,9.499967715713586,-0.94,-0.51,-0.23,0.0,223.0,18.685725676528204,392.96066566196924
F2800,238.0,-0.25247899159663867,0.5641813358536075,-0.92,-0.66,-0.42,0.0,2.65,1.953794198646334,4.945936112732806
F2801,1.0,-0.78,,-0.78,-0.78,-0.78,-0.78,-0.78,,
F2802,238.0,-0.253109243697479,0.5645299719955373,-0.92,-0.66,-0.42,0.0,2.65,1.953639793231442,4.935333216692747
F2803,238.0,0.8048319327731093,10.807003812631574,-0.92,-0.68,-0.48,0.0,161.76,14.180183435790761,210.24391022720368
F2804,1.0,-0.78,,-0.78,-0.78,-0.78,-0.78,-0.78,,
F2805,238.0,0.8044117647058823,10.807066618330134,-0.92,-0.68,-0.48,0.0,161.76,14.180051379724837,210.24119547778727
F2806,2.0,-0.04000000000000001,0.18384776310850237,-0.17,-0.10500000000000001,-0.04000000000000001,0.024999999999999994,0.09,,
F2807,0.0,,,,,,,,,
F2808,2.0,-0.04000000000000001,0.18384776310850237,-0.17,-0.10500000000000001,-0.04000000000000001,0.024999999999999994,0.09,,
F2809,2.0,-0.085,0.14849242404917498,-0.19,-0.1375,-0.08499999999999999,-0.0325,0.02,,
F2810,0.0,,,,,,,,,
F2811,2.0,-0.085,0.14849242404917498,-0.19,-0.1375,-0.08499999999999999,-0.0325,0.02,,
F2812,79.0,-0.46316455696202524,0.32912683356699995,-0.93,-0.72,-0.54,-0.325,0.75,1.2270305917867135,1.6535304920902374
F2813,79.0,-0.46316455696202524,0.32912683356699995,-0.93,-0.72,-0.54,-0.325,0.75,1.2270305917867135,1.6535304920902374
F2814,0.0,,,,,,,,,
F2815,79.0,34.572531645569626,311.270169106453,-0.93,-0.72,-0.5,-0.275,2766.18,8.888177585175779,78.99979797752523
F2816,79.0,34.572531645569626,311.270169106453,-0.93,-0.72,-0.5,-0.275,2766.18,8.888177585175779,78.99979797752523
F2817,1064.0,-0.21340225563909776,0.901901557494859,-0.88,-0.64,-0.33,0.0,14.18,9.8132426819389,136.6552394700489
F2818,286.0,-0.2972027972027972,0.5225630566761054,-0.86,-0.65,-0.405,0.0,2.76,2.8496204195961012,11.780517460562544
F2819,845.0,-0.23863905325443788,0.7336159349020648,-0.88,-0.64,-0.33,0.0,14.18,10.126535000554785,180.22363177945326
F2820,1064.0,15.425310150375939,456.3694909173565,-0.93,-0.66,-0.395,0.0,14864.9,32.47230929477025,1057.4600115933913
F2821,286.0,1.6232517482517483,22.758335174510194,-0.86,-0.67,-0.46,0.0,365.36,14.778867880236545,232.11120208986426
F2822,845.0,97.30243786982248,2307.03648118736,-0.93,-0.67,-0.38,0.0,65401.36,27.248248487475372,765.096869494901
F2823,1004.0,-0.12035856573705181,0.738103570154967,-0.91,-0.6225,-0.31,0.07,6.13,2.6191204899907388,10.952416678804532
F2824,305.0,0.021639344262295086,0.813416649580864,-0.91,-0.61,-0.12,0.33,4.55,2.0351483084639272,6.360982318370619
F2825,750.0,-0.24936000000000003,0.6100420139178886,-0.87,-0.65,-0.42,-0.03,6.13,3.302370122184534,21.29302855162161
F2826,1004.0,374.73110557768916,7823.474923161872,-0.87,-0.66,-0.41,0.2625,199390.95,23.049898891427627,541.4321873456614
F2827,305.0,1146.2206557377049,14168.44700420174,-0.86,-0.64,-0.15,1.34,199390.95,12.697157226749852,163.45144670447036
F2828,750.0,3.830226666666667,48.140832212548816,-0.87,-0.68,-0.485,-0.03,976.28,17.563035553601537,326.6714717846304
F2829,2168.0,63.95664206642066,214.7242723050069,0.0,3.0,16.0,56.0,6618.0,17.006174719130502,438.3609216147727
F2830,1290.0,84.48139534883721,270.9059507956302,0.0,4.0,26.0,71.0,6618.0,13.979177947248996,286.0367407308498
F2831,1180.0,33.90847457627119,72.99713656562513,0.0,3.0,7.0,38.0,779.0,4.997777069299492,31.942538939418665
F2832,2168.0,63.95664206642066,214.7242723050069,0.0,3.0,16.0,56.0,6618.0,17.006174719130502,438.3609216147727
F2833,1290.0,84.48139534883721,270.9059507956302,0.0,4.0,26.0,71.0,6618.0,13.979177947248996,286.0367407308498
F2834,1180.0,33.90847457627119,72.99713656562513,0.0,3.0,7.0,38.0,779.0,4.997777069299492,31.942538939418665
F2835,558.0,111.94802867383513,316.8141611954686,1.0,25.0,52.0,107.5,6618.0,16.0782005908426,321.30084560404305
F2836,254.0,99.97637795275591,130.26913245517292,2.0,26.0,52.0,111.0,674.0,2.358656534389653,5.230459867853916
F2837,494.0,116.12753036437248,334.5587538354437,1.0,25.25,53.0,109.0,6618.0,15.390259980944396,291.26149497081406
F2838,558.0,111.94802867383513,316.8141611954686,1.0,25.0,52.0,107.5,6618.0,16.0782005908426,321.30084560404305
F2839,254.0,99.97637795275591,130.26913245517292,2.0,26.0,52.0,111.0,674.0,2.358656534389653,5.230459867853916
F2840,494.0,116.12753036437248,334.5587538354437,1.0,25.25,53.0,109.0,6618.0,15.390259980944396,291.26149497081406
F2841,8970.0,65.61527313266444,181.26614477676802,0.0,9.0,31.0,64.0,6618.0,15.35140710724407,387.82517167130806
F2842,8456.0,69.23048722800378,186.05520942906702,0.0,12.0,34.0,67.0,6618.0,15.003261746078662,369.3641714322738
F2843,8680.0,67.6889400921659,183.8710943714236,0.0,11.0,33.0,66.0,6618.0,15.16702615158634,377.8006807382686
F2844,8970.0,65.61527313266444,181.26614477676802,0.0,9.0,31.0,64.0,6618.0,15.35140710724407,387.82517167130806
F2845,8456.0,69.23048722800378,186.05520942906702,0.0,12.0,34.0,67.0,6618.0,15.003261746078662,369.3641714322738
F2846,8680.0,67.6889400921659,183.8710943714236,0.0,11.0,33.0,66.0,6618.0,15.16702615158634,377.8006807382686
F2847,8606.0,68.1902161282826,184.56379266737292,0.0,11.0,33.0,66.0,6618.0,15.118052283011467,375.1796271411797
F2848,7778.0,74.71843661609668,192.93356457999786,0.0,16.0,38.0,71.0,6618.0,14.54597277511312,345.47007310872095
F2849,8323.0,69.90243902439025,185.91445264824165,0.0,13.0,35.0,68.0,6618.0,15.155247493924811,375.37903921802695
F2850,8606.0,68.1902161282826,184.56379266737292,0.0,11.0,33.0,66.0,6618.0,15.118052283011467,375.1796271411797
F2851,7778.0,74.71843661609668,192.93356457999786,0.0,16.0,38.0,71.0,6618.0,14.54597277511312,345.47007310872095
F2852,8323.0,69.90243902439025,185.91445264824165,0.0,13.0,35.0,68.0,6618.0,15.155247493924811,375.37903921802695
F2853,8606.0,68.1902161282826,184.56379266737292,0.0,11.0,33.0,66.0,6618.0,15.118052283011467,375.1796271411797
F2854,7778.0,74.71843661609668,192.93356457999786,0.0,16.0,38.0,71.0,6618.0,14.54597277511312,345.47007310872095
F2855,8323.0,69.90243902439025,185.91445264824165,0.0,13.0,35.0,68.0,6618.0,15.155247493924811,375.37903921802695
F2856,8606.0,68.1902161282826,184.56379266737292,0.0,11.0,33.0,66.0,6618.0,15.118052283011467,375.1796271411797
F2857,7778.0,74.71843661609668,192.93356457999786,0.0,16.0,38.0,71.0,6618.0,14.54597277511312,345.47007310872095
F2858,8323.0,69.90243902439025,185.91445264824165,0.0,13.0,35.0,68.0,6618.0,15.155247493924811,375.37903921802695
F2859,966.0,63.61594202898551,65.37747322018268,1.0,27.0,51.0,76.0,640.0,4.385320274643295,28.518609426358285
F2860,0.0,,,,,,,,,
F2861,966.0,63.61594202898551,65.37747322018268,1.0,27.0,51.0,76.0,640.0,4.385320274643295,28.518609426358285
F2862,966.0,63.61594202898551,65.37747322018268,1.0,27.0,51.0,76.0,640.0,4.385320274643295,28.518609426358285
F2863,0.0,,,,,,,,,
F2864,966.0,63.61594202898551,65.37747322018268,1.0,27.0,51.0,76.0,640.0,4.385320274643295,28.518609426358285
F2865,927.0,81.71305285868392,264.4180979649138,1.0,7.0,33.0,76.5,6618.0,17.69358603726404,411.8856562833542
F2866,4.0,82.5,56.08029957123981,7.0,56.5,97.0,123.0,129.0,-1.0342312798511635,-0.2309386539817666
F2867,925.0,81.75135135135135,264.6895404536281,1.0,7.0,33.0,76.0,6618.0,17.677055420813726,411.07621791505085
F2868,927.0,81.71305285868392,264.4180979649138,1.0,7.0,33.0,76.5,6618.0,17.69358603726404,411.8856562833542
F2869,4.0,82.5,56.08029957123981,7.0,56.5,97.0,123.0,129.0,-1.0342312798511635,-0.2309386539817666
F2870,925.0,81.75135135135135,264.6895404536281,1.0,7.0,33.0,76.0,6618.0,17.677055420813726,411.07621791505085
F2871,1091.0,64.6141154903758,116.92216709575777,1.0,7.0,31.0,69.0,1161.0,4.5020750739181,26.663119310048334
F2872,36.0,215.11111111111111,238.26381270441476,6.0,54.5,111.5,317.0,1118.0,1.9628369890969546,4.785687529480548
F2873,1065.0,60.23661971830986,107.45580649488055,1.0,7.0,30.0,67.0,1161.0,4.669241828185168,29.274761451569898
F2874,1091.0,64.6141154903758,116.92216709575777,1.0,7.0,31.0,69.0,1161.0,4.5020750739181,26.663119310048334
F2875,36.0,215.11111111111111,238.26381270441476,6.0,54.5,111.5,317.0,1118.0,1.9628369890969546,4.785687529480548
F2876,1065.0,60.23661971830986,107.45580649488055,1.0,7.0,30.0,67.0,1161.0,4.669241828185168,29.274761451569898
F2877,481.0,125.22245322245323,344.17909944504544,1.0,25.0,52.0,113.0,6618.0,14.494068463997841,265.4386464984126
F2878,46.0,207.84782608695653,247.86223479911888,9.0,54.0,120.5,307.5,1476.0,3.180920978011283,14.541869633271242
F2879,442.0,115.63122171945702,349.20619047697056,1.0,25.0,48.0,94.5,6618.0,15.042905188569602,274.14820947506627
F2880,481.0,125.22245322245323,344.17909944504544,1.0,25.0,52.0,113.0,6618.0,14.494068463997841,265.4386464984126
F2881,46.0,207.84782608695653,247.86223479911888,9.0,54.0,120.5,307.5,1476.0,3.180920978011283,14.541869633271242
F2882,442.0,115.63122171945702,349.20619047697056,1.0,25.0,48.0,94.5,6618.0,15.042905188569602,274.14820947506627
F2883,6064.0,85.43255277044855,216.00419144796263,0.0,17.0,42.0,78.0,6618.0,13.125970040394941,278.8250659208109
F2884,5240.0,87.69790076335877,194.7148358459436,0.0,22.0,46.0,81.0,6618.0,12.447468669311766,292.25649888035565
F2885,3138.0,118.82504780114722,288.2759890941094,0.0,14.0,44.0,104.0,6618.0,10.103827296191826,162.782929760939
F2886,6064.0,85.43255277044855,216.00419144796263,0.0,17.0,42.0,78.0,6618.0,13.125970040394941,278.8250659208109
F2887,5240.0,87.69790076335877,194.7148358459436,0.0,22.0,46.0,81.0,6618.0,12.447468669311766,292.25649888035565
F2888,3138.0,118.82504780114722,288.2759890941094,0.0,14.0,44.0,104.0,6618.0,10.103827296191826,162.782929760939
F2889,6601.0,75.04968944099379,170.3284873155146,0.0,19.0,41.0,73.0,6618.0,14.591614245473407,401.0396372715032
F2890,5678.0,82.71574498062698,180.05530397956815,0.0,25.0,46.0,78.0,6618.0,14.118021575936753,370.0481499569161
F2891,5734.0,59.03296128357168,100.0782815615532,1.0,20.0,39.0,68.0,2453.0,9.446866140008543,136.15306488925998
F2892,6601.0,75.04968944099379,170.3284873155146,0.0,19.0,41.0,73.0,6618.0,14.591614245473407,401.0396372715032
F2893,5678.0,82.71574498062698,180.05530397956815,0.0,25.0,46.0,78.0,6618.0,14.118021575936753,370.0481499569161
F2894,5734.0,59.03296128357168,100.0782815615532,1.0,20.0,39.0,68.0,2453.0,9.446866140008543,136.15306488925998
F2895,4390.0,83.3382687927107,224.8994918273641,0.0,16.0,40.0,75.75,6618.0,14.092808493269956,306.7899456052178
F2896,3936.0,85.276168699187,195.39356094979541,0.0,21.0,43.0,80.0,6618.0,13.793346510893475,353.3857869169596
F2897,1054.0,88.01612903225806,306.6703931487424,0.0,6.0,22.0,65.0,5651.0,11.151471808698656,160.20807117376532
F2898,4390.0,83.3382687927107,224.8994918273641,0.0,16.0,40.0,75.75,6618.0,14.092808493269956,306.7899456052178
F2899,3936.0,85.276168699187,195.39356094979541,0.0,21.0,43.0,80.0,6618.0,13.793346510893475,353.3857869169596
F2900,1054.0,88.01612903225806,306.6703931487424,0.0,6.0,22.0,65.0,5651.0,11.151471808698656,160.20807117376532
F2901,1295.0,153.7783783783784,328.7954003589676,0.0,16.0,54.0,141.0,5651.0,7.6857022876915755,94.1830977326747
F2902,555.0,173.2072072072072,406.54177091697346,0.0,19.0,56.0,136.5,5651.0,7.739372720033636,85.01751674674357
F2903,1001.0,153.14985014985015,261.8658998848027,0.0,16.0,59.0,155.0,2751.0,4.294651507036207,27.318182235399615
F2904,1295.0,153.7783783783784,328.7954003589676,0.0,16.0,54.0,141.0,5651.0,7.6857022876915755,94.1830977326747
F2905,555.0,173.2072072072072,406.54177091697346,0.0,19.0,56.0,136.5,5651.0,7.739372720033636,85.01751674674357
F2906,1001.0,153.14985014985015,261.8658998848027,0.0,16.0,59.0,155.0,2751.0,4.294651507036207,27.318182235399615
F2907,238.0,68.9453781512605,91.80455965060345,1.0,25.0,51.0,78.0,802.0,5.27295085686926,35.51897884764525
F2908,1.0,78.0,,78.0,78.0,78.0,78.0,78.0,,
F2909,238.0,68.9453781512605,91.80455965060345,1.0,25.0,51.0,78.0,802.0,5.27295085686926,35.51897884764525
F2910,238.0,68.9453781512605,91.80455965060345,1.0,25.0,51.0,78.0,802.0,5.27295085686926,35.51897884764525
F2911,1.0,78.0,,78.0,78.0,78.0,78.0,78.0,,
F2912,238.0,68.9453781512605,91.80455965060345,1.0,25.0,51.0,78.0,802.0,5.27295085686926,35.51897884764525
F2913,2.0,5075.0,814.5870119269027,4499.0,4787.0,5075.0,5363.0,5651.0,,
F2914,0.0,,,,,,,,,
F2915,2.0,5075.0,814.5870119269027,4499.0,4787.0,5075.0,5363.0,5651.0,,
F2916,2.0,5075.0,814.5870119269027,4499.0,4787.0,5075.0,5363.0,5651.0,,
F2917,0.0,,,,,,,,,
F2918,2.0,5075.0,814.5870119269027,4499.0,4787.0,5075.0,5363.0,5651.0,,
F2919,79.0,31.164556962025316,49.428640711207215,1.0,7.0,19.0,43.0,416.0,6.246739666615146,47.91309791966083
F2920,79.0,31.164556962025316,49.428640711207215,1.0,7.0,19.0,43.0,416.0,6.246739666615146,47.91309791966083
F2921,0.0,,,,,,,,,
F2922,79.0,31.164556962025316,49.428640711207215,1.0,7.0,19.0,43.0,416.0,6.246739666615146,47.91309791966083
F2923,79.0,31.164556962025316,49.428640711207215,1.0,7.0,19.0,43.0,416.0,6.246739666615146,47.91309791966083
F2924,0.0,,,,,,,,,
F2925,1064.0,100.97838345864662,267.8620812029888,0.0,9.0,42.0,92.0,5651.0,13.235269940807393,242.3982006979777
F2926,286.0,161.96503496503496,463.88107085325623,0.0,10.0,67.5,117.75,5651.0,8.99277843127303,95.2110537926124
F2927,845.0,100.52544378698225,287.57378756998054,0.0,9.0,38.0,87.0,5651.0,13.23790396493093,229.1414472960521
F2928,1064.0,100.97838345864662,267.8620812029888,0.0,9.0,42.0,92.0,5651.0,13.235269940807393,242.3982006979777
F2929,286.0,161.96503496503496,463.88107085325623,0.0,10.0,67.5,117.75,5651.0,8.99277843127303,95.2110537926124
F2930,845.0,100.52544378698225,287.57378756998054,0.0,9.0,38.0,87.0,5651.0,13.23790396493093,229.1414472960521
F2931,1004.0,78.01693227091633,267.7026383962967,0.0,18.0,40.0,69.0,6618.0,16.662313175510818,367.5718825681868
F2932,305.0,82.9672131147541,412.20695999564646,0.0,11.0,24.0,50.0,6618.0,13.753978892540893,211.27644915424642
F2933,750.0,79.02133333333333,189.7561067571328,2.0,23.0,46.0,71.75,2168.0,7.768302705494399,67.31593232305691
F2934,1004.0,78.01693227091633,267.7026383962967,0.0,18.0,40.0,69.0,6618.0,16.662313175510818,367.5718825681868
F2935,305.0,82.9672131147541,412.20695999564646,0.0,11.0,24.0,50.0,6618.0,13.753978892540893,211.27644915424642
F2936,750.0,79.02133333333333,189.7561067571328,2.0,23.0,46.0,71.75,2168.0,7.768302705494399,67.31593232305691
F2937,2627.0,115.66121050628092,364.1726585548394,0.0,5.0,39.0,113.5,11548.0,16.397921800415627,418.1121793377128
F2938,1591.0,146.68196103079825,455.0604127923491,0.0,6.0,48.0,131.0,11548.0,13.633902857118386,278.8067339511881
F2939,1471.0,73.01767505098573,219.9992448045923,0.0,4.0,16.0,79.0,5192.0,15.322057849257824,318.81693999321885
F2940,2627.0,115.66121050628092,364.1726585548394,0.0,5.0,39.0,113.5,11548.0,16.397921800415627,418.1121793377128
F2941,1591.0,146.68196103079825,455.0604127923491,0.0,6.0,48.0,131.0,11548.0,13.633902857118386,278.8067339511881
F2942,1471.0,73.01767505098573,219.9992448045923,0.0,4.0,16.0,79.0,5192.0,15.322057849257824,318.81693999321885
F2943,804.0,182.91044776119404,473.9797268972981,2.0,37.75,83.0,182.0,11548.0,17.727665678378866,413.30048849822464
F2944,433.0,182.25173210161662,243.7601449037981,2.0,41.0,88.0,216.0,1498.0,2.5578709223973854,7.161573229201592
F2945,686.0,191.97667638483966,507.19442942153523,2.0,38.0,85.5,190.0,11548.0,16.89584432835324,368.4213216090091
F2946,804.0,182.91044776119404,473.9797268972981,2.0,37.75,83.0,182.0,11548.0,17.727665678378866,413.30048849822464
F2947,433.0,182.25173210161662,243.7601449037981,2.0,41.0,88.0,216.0,1498.0,2.5578709223973854,7.161573229201592
F2948,686.0,191.97667638483966,507.19442942153523,2.0,38.0,85.5,190.0,11548.0,16.89584432835324,368.4213216090091
F2949,9007.0,119.60164316642611,342.3234572738482,0.0,15.0,55.0,115.0,11548.0,14.748365524464118,343.7202171197867
F2950,8691.0,123.68680243930503,347.7876227665741,0.0,18.0,58.0,118.0,11548.0,14.541661537720195,333.59622755090015
F2951,8723.0,123.43047116817608,347.1814533400532,0.0,18.0,58.0,118.0,11548.0,14.566514251582097,334.7517509787328
F2952,9007.0,119.60164316642611,342.3234572738482,0.0,15.0,55.0,115.0,11548.0,14.748365524464118,343.7202171197867
F2953,8691.0,123.68680243930503,347.7876227665741,0.0,18.0,58.0,118.0,11548.0,14.541661537720195,333.59622755090015
F2954,8723.0,123.43047116817608,347.1814533400532,0.0,18.0,58.0,118.0,11548.0,14.566514251582097,334.7517509787328
F2955,8679.0,123.93731996773822,347.95475216345307,0.0,18.0,58.0,118.0,11548.0,14.53873349417828,333.37287128306474
F2956,8057.0,132.72210500186173,359.4856507117687,0.0,25.0,64.0,124.0,11548.0,14.13116647915161,313.6730059522092
F2957,8387.0,127.33492309526649,350.4072034478192,0.0,22.0,61.0,121.0,11548.0,14.569502575979472,333.7611792395262
F2958,8679.0,123.93731996773822,347.95475216345307,0.0,18.0,58.0,118.0,11548.0,14.53873349417828,333.37287128306474
F2959,8057.0,132.72210500186173,359.4856507117687,0.0,25.0,64.0,124.0,11548.0,14.13116647915161,313.6730059522092
F2960,8387.0,127.33492309526649,350.4072034478192,0.0,22.0,61.0,121.0,11548.0,14.569502575979472,333.7611792395262
F2961,8679.0,123.93731996773822,347.95475216345307,0.0,18.0,58.0,118.0,11548.0,14.53873349417828,333.37287128306474
F2962,8057.0,132.72210500186173,359.4856507117687,0.0,25.0,64.0,124.0,11548.0,14.13116647915161,313.6730059522092
F2963,8387.0,127.33492309526649,350.4072034478192,0.0,22.0,61.0,121.0,11548.0,14.569502575979472,333.7611792395262
F2964,8679.0,123.93731996773822,347.95475216345307,0.0,18.0,58.0,118.0,11548.0,14.53873349417828,333.37287128306474
F2965,8057.0,132.72210500186173,359.4856507117687,0.0,25.0,64.0,124.0,11548.0,14.13116647915161,313.6730059522092
F2966,8387.0,127.33492309526649,350.4072034478192,0.0,22.0,61.0,121.0,11548.0,14.569502575979472,333.7611792395262
F2967,1325.0,110.95924528301887,117.58948446794048,2.0,44.0,84.0,140.0,1313.0,4.268935371039975,28.45233924409558
F2968,0.0,,,,,,,,,
F2969,1325.0,110.95924528301887,117.58948446794048,2.0,44.0,84.0,140.0,1313.0,4.268935371039975,28.45233924409558
F2970,1325.0,110.95924528301887,117.58948446794048,2.0,44.0,84.0,140.0,1313.0,4.268935371039975,28.45233924409558
F2971,0.0,,,,,,,,,
F2972,1325.0,110.95924528301887,117.58948446794048,2.0,44.0,84.0,140.0,1313.0,4.268935371039975,28.45233924409558
F2973,1352.0,153.20710059171597,465.6207098664922,1.0,15.0,64.0,146.0,11548.0,15.60092181541191,327.35294580579676
F2974,16.0,199.3125,190.63288235069348,14.0,56.0,175.5,262.0,758.0,1.7699200496717429,4.160332460820931
F2975,1348.0,152.78709198813056,465.9958992266625,1.0,15.0,63.5,144.25,11548.0,15.610648302784796,327.3268173316425
F2976,1352.0,153.20710059171597,465.6207098664922,1.0,15.0,64.0,146.0,11548.0,15.60092181541191,327.35294580579676
F2977,16.0,199.3125,190.63288235069348,14.0,56.0,175.5,262.0,758.0,1.7699200496717429,4.160332460820931
F2978,1348.0,152.78709198813056,465.9958992266625,1.0,15.0,63.5,144.25,11548.0,15.610648302784796,327.3268173316425
F2979,1388.0,133.35878962536023,378.52307312416076,1.0,13.0,61.0,133.25,11548.0,20.686527559788,599.3073108310106
F2980,54.0,444.72222222222223,440.6912416196306,6.0,114.75,267.0,698.5,2352.0,1.8542378082956867,5.247287603428184
F2981,1347.0,122.98886414253897,370.94899065087776,1.0,12.0,58.0,127.0,11548.0,22.480735823885563,671.3590663605912
F2982,1388.0,133.35878962536023,378.52307312416076,1.0,13.0,61.0,133.25,11548.0,20.686527559788,599.3073108310106
F2983,54.0,444.72222222222223,440.6912416196306,6.0,114.75,267.0,698.5,2352.0,1.8542378082956867,5.247287603428184
F2984,1347.0,122.98886414253897,370.94899065087776,1.0,12.0,58.0,127.0,11548.0,22.480735823885563,671.3590663605912
F2985,1144.0,162.39772727272728,426.7204219275406,1.0,38.0,74.0,140.0,11548.0,17.631014700316705,446.5331212685797
F2986,73.0,400.75342465753425,474.4720393594782,9.0,112.0,229.0,531.0,2544.0,2.400835377123862,7.0423214575182715
F2987,1092.0,147.03479853479854,415.3102036318728,1.0,37.0,72.0,131.0,11548.0,19.759720024746834,523.1819042462691
F2988,1144.0,162.39772727272728,426.7204219275406,1.0,38.0,74.0,140.0,11548.0,17.631014700316705,446.5331212685797
F2989,73.0,400.75342465753425,474.4720393594782,9.0,112.0,229.0,531.0,2544.0,2.400835377123862,7.0423214575182715
F2990,1092.0,147.03479853479854,415.3102036318728,1.0,37.0,72.0,131.0,11548.0,19.759720024746834,523.1819042462691
F2991,6508.0,150.73125384142594,396.66625927641377,0.0,29.0,71.0,136.0,11548.0,12.886460971706226,259.15253346513356
F2992,5810.0,153.34733218588642,356.6101165009907,0.0,36.0,76.0,143.0,11548.0,12.091638108279206,257.9721927085816
F2993,3317.0,212.43533313234852,519.5941464394693,0.0,23.0,76.0,186.0,11548.0,9.774335727226065,152.48840079687048
F2994,6508.0,150.73125384142594,396.66625927641377,0.0,29.0,71.0,136.0,11548.0,12.886460971706226,259.15253346513356
F2995,5810.0,153.34733218588642,356.6101165009907,0.0,36.0,76.0,143.0,11548.0,12.091638108279206,257.9721927085816
F2996,3317.0,212.43533313234852,519.5941464394693,0.0,23.0,76.0,186.0,11548.0,9.774335727226065,152.48840079687048
F2997,6714.0,136.84971700923444,318.8436258782901,0.0,33.0,71.0,129.75,11548.0,12.841865533061801,307.77496632503767
F2998,6126.0,145.38246816846228,329.17118104249533,0.0,39.0,76.0,136.0,11548.0,12.610901713790314,294.77019306944595
F2999,5790.0,107.0651122625216,192.03226144928212,1.0,34.0,69.0,120.0,4041.0,9.23936046152193,122.58029577822592
F3000,6714.0,136.84971700923444,318.8436258782901,0.0,33.0,71.0,129.75,11548.0,12.841865533061801,307.77496632503767
F3001,6126.0,145.38246816846228,329.17118104249533,0.0,39.0,76.0,136.0,11548.0,12.610901713790314,294.77019306944595
F3002,5790.0,107.0651122625216,192.03226144928212,1.0,34.0,69.0,120.0,4041.0,9.23936046152193,122.58029577822592
F3003,5039.0,149.01845604286564,412.4886922755316,0.0,27.0,69.0,135.0,11548.0,13.642426219191083,276.6859687313476
F3004,4606.0,153.2663916630482,372.97496958146564,0.0,34.0,74.0,143.0,11548.0,12.582145603504994,266.6704759336344
F3005,1259.0,157.4376489277204,530.3598081653648,0.0,9.0,49.0,128.0,10438.0,12.00239743591849,184.4763807506342
F3006,5039.0,149.01845604286564,412.4886922755316,0.0,27.0,69.0,135.0,11548.0,13.642426219191083,276.6859687313476
F3007,4606.0,153.2663916630482,372.97496958146564,0.0,34.0,74.0,143.0,11548.0,12.582145603504994,266.6704759336344
F3008,1259.0,157.4376489277204,530.3598081653648,0.0,9.0,49.0,128.0,10438.0,12.00239743591849,184.4763807506342
F3009,1487.0,263.88702084734365,588.9641139062569,0.0,28.0,89.0,231.0,10438.0,7.878054407933529,98.44452825552376
F3010,701.0,310.81883024251067,715.2316288063017,0.0,31.0,99.0,262.0,10438.0,7.538347843774973,84.72151105578956
F3011,1143.0,254.03062117235345,473.38684129722236,0.0,27.0,89.0,246.5,5560.0,4.863612104317422,35.34695008890061
F3012,1487.0,263.88702084734365,588.9641139062569,0.0,28.0,89.0,231.0,10438.0,7.878054407933529,98.44452825552376
F3013,701.0,310.81883024251067,715.2316288063017,0.0,31.0,99.0,262.0,10438.0,7.538347843774973,84.72151105578956
F3014,1143.0,254.03062117235345,473.38684129722236,0.0,27.0,89.0,246.5,5560.0,4.863612104317422,35.34695008890061
F3015,335.0,117.49850746268656,142.7765910010651,3.0,40.5,85.0,144.0,1498.0,5.006107520124305,36.70867940789022
F3016,4.0,112.75,64.52066852309163,23.0,89.75,128.5,151.5,171.0,-1.2205635530665975,1.4027107912284702
F3017,335.0,117.49850746268656,142.7765910010651,3.0,40.5,85.0,144.0,1498.0,5.006107520124305,36.70867940789022
F3018,335.0,117.49850746268656,142.7765910010651,3.0,40.5,85.0,144.0,1498.0,5.006107520124305,36.70867940789022
F3019,4.0,112.75,64.52066852309163,23.0,89.75,128.5,151.5,171.0,-1.2205635530665975,1.4027107912284702
F3020,335.0,117.49850746268656,142.7765910010651,3.0,40.5,85.0,144.0,1498.0,5.006107520124305,36.70867940789022
F3021,2.0,9457.0,1387.3435046880063,8476.0,8966.5,9457.0,9947.5,10438.0,,
F3022,2.0,9457.0,1387.3435046880063,8476.0,8966.5,9457.0,9947.5,10438.0,,
F3023,2.0,9457.0,1387.3435046880063,8476.0,8966.5,9457.0,9947.5,10438.0,,
F3024,2.0,9457.0,1387.3435046880063,8476.0,8966.5,9457.0,9947.5,10438.0,,
F3025,144.0,57.78472222222222,81.61115061569348,1.0,14.75,35.0,84.5,833.0,6.28225898431152,56.84523546832093
F3026,144.0,57.78472222222222,81.61115061569348,1.0,14.75,35.0,84.5,833.0,6.28225898431152,56.84523546832093
F3027,0.0,,,,,,,,,
F3028,144.0,57.78472222222222,81.61115061569348,1.0,14.75,35.0,84.5,833.0,6.28225898431152,56.84523546832093
F3029,144.0,57.78472222222222,81.61115061569348,1.0,14.75,35.0,84.5,833.0,6.28225898431152,56.84523546832093
F3030,0.0,,,,,,,,,
F3031,1439.0,181.32800555941625,460.1222392922996,0.0,19.0,79.0,168.5,10438.0,12.938737023758986,248.09590540940297
F3032,364.0,298.02197802197804,807.2134666758561,0.0,34.75,120.5,208.5,10438.0,8.854094134066457,97.63011344590346
F3033,1177.0,172.92268479184366,468.6512435328585,0.0,17.0,72.0,166.0,10438.0,14.304027846227063,279.73894177743387
F3034,1439.0,181.32800555941625,460.1222392922996,0.0,19.0,79.0,168.5,10438.0,12.938737023758986,248.09590540940297
F3035,364.0,298.02197802197804,807.2134666758561,0.0,34.75,120.5,208.5,10438.0,8.854094134066457,97.63011344590346
F3036,1177.0,172.92268479184366,468.6512435328585,0.0,17.0,72.0,166.0,10438.0,14.304027846227063,279.73894177743387
F3037,1583.0,132.90271636133923,449.4993176275248,1.0,29.0,64.0,121.0,11548.0,15.997898724793753,333.29556827407936
F3038,483.0,145.20289855072463,673.3662418596793,1.0,16.0,42.0,90.0,11548.0,13.455532936630041,204.70511236370035
F3039,1218.0,137.24137931034483,384.4326204082085,2.0,38.0,73.0,128.0,7687.0,11.61589329218968,172.4414669718894
F3040,1583.0,132.90271636133923,449.4993176275248,1.0,29.0,64.0,121.0,11548.0,15.997898724793753,333.29556827407936
F3041,483.0,145.20289855072463,673.3662418596793,1.0,16.0,42.0,90.0,11548.0,13.455532936630041,204.70511236370035
F3042,1218.0,137.24137931034483,384.4326204082085,2.0,38.0,73.0,128.0,7687.0,11.61589329218968,172.4414669718894
F3043,3258.0,232.01258440761202,709.6925756152027,0.0,9.0,87.5,226.0,21819.0,15.053745337874597,343.95306796884324
F3044,2020.0,283.03019801980196,871.4474313665879,0.0,10.0,105.5,253.0,21819.0,12.848825061416678,240.1127750694676
F3045,1855.0,173.66954177897574,586.198040449022,0.0,6.0,51.0,185.0,12343.0,14.969776762769008,273.14606843350145
F3046,3258.0,232.01258440761202,709.6925756152027,0.0,9.0,87.5,226.0,21819.0,15.053745337874597,343.95306796884324
F3047,2020.0,283.03019801980196,871.4474313665879,0.0,10.0,105.5,253.0,21819.0,12.848825061416678,240.1127750694676
F3048,1855.0,173.66954177897574,586.198040449022,0.0,6.0,51.0,185.0,12343.0,14.969776762769008,273.14606843350145
F3049,1224.0,342.63807189542484,794.8796844350695,1.0,68.0,165.0,355.0,21819.0,17.245638926371115,440.1467989323021
F3050,855.0,398.22573099415206,921.1951822170756,1.0,86.0,182.0,414.5,21819.0,15.63254638460825,345.568668791732
F3051,949.0,374.2307692307692,887.7937978444512,1.0,70.0,170.0,386.0,21819.0,15.855102800394747,362.60429710983243
F3052,1224.0,342.63807189542484,794.8796844350695,1.0,68.0,165.0,355.0,21819.0,17.245638926371115,440.1467989323021
F3053,855.0,398.22573099415206,921.1951822170756,1.0,86.0,182.0,414.5,21819.0,15.63254638460825,345.568668791732
F3054,949.0,374.2307692307692,887.7937978444512,1.0,70.0,170.0,386.0,21819.0,15.855102800394747,362.60429710983243
F3055,9031.0,238.28767578341268,714.1427087668565,0.0,26.0,106.0,227.0,23033.0,15.739399718318959,379.36934447019553
F3056,8839.0,243.3189274804842,721.0281947389051,0.0,30.0,110.0,230.0,23033.0,15.60487352905566,372.53448560043796
F3057,8754.0,245.77438885081105,724.0936896289357,0.0,32.0,111.0,232.0,23033.0,15.547398787040844,369.5920463314359
F3058,9031.0,238.28767578341268,714.1427087668565,0.0,26.0,106.0,227.0,23033.0,15.739399718318959,379.36934447019553
F3059,8839.0,243.3189274804842,721.0281947389051,0.0,30.0,110.0,230.0,23033.0,15.60487352905566,372.53448560043796
F3060,8754.0,245.77438885081105,724.0936896289357,0.0,32.0,111.0,232.0,23033.0,15.547398787040844,369.5920463314359
F3061,8729.0,246.3507847405201,725.0296673579409,0.0,33.0,111.0,232.0,23033.0,15.529332394374787,368.6847961016729
F3062,8260.0,259.50992736077484,742.9356633988353,0.0,43.0,122.0,243.0,23033.0,15.20145315289167,352.204193170122
F3063,8427.0,253.41450100866263,729.4945129199045,0.0,39.0,118.0,239.0,23033.0,15.591975103860134,370.5119808288838
F3064,8729.0,246.3507847405201,725.0296673579409,0.0,33.0,111.0,232.0,23033.0,15.529332394374787,368.6847961016729
F3065,8260.0,259.50992736077484,742.9356633988353,0.0,43.0,122.0,243.0,23033.0,15.20145315289167,352.204193170122
F3066,8427.0,253.41450100866263,729.4945129199045,0.0,39.0,118.0,239.0,23033.0,15.591975103860134,370.5119808288838
F3067,8729.0,246.3507847405201,725.0296673579409,0.0,33.0,111.0,232.0,23033.0,15.529332394374787,368.6847961016729
F3068,8260.0,259.50992736077484,742.9356633988353,0.0,43.0,122.0,243.0,23033.0,15.20145315289167,352.204193170122
F3069,8427.0,253.41450100866263,729.4945129199045,0.0,39.0,118.0,239.0,23033.0,15.591975103860134,370.5119808288838
F3070,8729.0,246.3507847405201,725.0296673579409,0.0,33.0,111.0,232.0,23033.0,15.529332394374787,368.6847961016729
F3071,8260.0,259.50992736077484,742.9356633988353,0.0,43.0,122.0,243.0,23033.0,15.20145315289167,352.204193170122
F3072,8427.0,253.41450100866263,729.4945129199045,0.0,39.0,118.0,239.0,23033.0,15.591975103860134,370.5119808288838
F3073,1800.0,205.75055555555556,222.62035299412472,2.0,78.0,157.0,258.0,3452.0,4.92607856493557,44.308358607930074
F3074,0.0,,,,,,,,,
F3075,1800.0,205.75055555555556,222.62035299412472,2.0,78.0,157.0,258.0,3452.0,4.92607856493557,44.308358607930074
F3076,1800.0,205.75055555555556,222.62035299412472,2.0,78.0,157.0,258.0,3452.0,4.92607856493557,44.308358607930074
F3077,0.0,,,,,,,,,
F3078,1800.0,205.75055555555556,222.62035299412472,2.0,78.0,157.0,258.0,3452.0,4.92607856493557,44.308358607930074
F3079,2057.0,321.1098687408848,931.6119166341837,1.0,42.0,138.0,301.0,21819.0,13.014189448230278,228.29181855660164
F3080,33.0,612.8787878787879,663.1115930584269,8.0,178.0,429.0,687.0,2499.0,1.7570224932960687,2.492080335042267
F3081,2050.0,318.61560975609757,930.3474487276618,1.0,42.0,138.0,298.75,21819.0,13.106870465609779,230.45962160981463
F3082,2057.0,321.1098687408848,931.6119166341837,1.0,42.0,138.0,301.0,21819.0,13.014189448230278,228.29181855660164
F3083,33.0,612.8787878787879,663.1115930584269,8.0,178.0,429.0,687.0,2499.0,1.7570224932960687,2.492080335042267
F3084,2050.0,318.61560975609757,930.3474487276618,1.0,42.0,138.0,298.75,21819.0,13.106870465609779,230.45962160981463
F3085,1814.0,280.5237045203969,738.2597814817666,2.0,35.0,138.0,285.0,21819.0,16.794425614910566,426.64246226152767
F3086,66.0,827.5,931.3701115106629,7.0,224.0,528.5,1071.0,5709.0,2.6766268461132534,10.692983522946996
F3087,1767.0,264.4352009054895,722.9784477937345,2.0,33.0,133.0,273.0,21819.0,18.096454517420245,476.1855336138329
F3088,1814.0,280.5237045203969,738.2597814817666,2.0,35.0,138.0,285.0,21819.0,16.794425614910566,426.64246226152767
F3089,66.0,827.5,931.3701115106629,7.0,224.0,528.5,1071.0,5709.0,2.6766268461132534,10.692983522946996
F3090,1767.0,264.4352009054895,722.9784477937345,2.0,33.0,133.0,273.0,21819.0,18.096454517420245,476.1855336138329
F3091,3427.0,285.37963233148525,703.5529192507989,2.0,76.5,154.0,272.0,21819.0,14.52138634208666,330.1848881869117
F3092,122.0,906.3524590163935,1520.3444853337724,8.0,177.0,374.5,788.25,8742.0,3.5428581345814227,14.061769457213796
F3093,3369.0,266.89700207776787,641.4226707371253,2.0,76.0,152.0,267.0,21819.0,17.319900634988432,463.50347267849105
F3094,3427.0,285.37963233148525,703.5529192507989,2.0,76.5,154.0,272.0,21819.0,14.52138634208666,330.1848881869117
F3095,122.0,906.3524590163935,1520.3444853337724,8.0,177.0,374.5,788.25,8742.0,3.5428581345814227,14.061769457213796
F3096,3369.0,266.89700207776787,641.4226707371253,2.0,76.0,152.0,267.0,21819.0,17.319900634988432,463.50347267849105
F3097,6916.0,291.05002891845,806.6250927799363,0.0,53.0,138.0,266.0,23033.0,14.071549728952716,300.13291331321807
F3098,6335.0,301.97900552486186,783.9834941329426,0.0,65.0,148.0,277.0,23033.0,13.332574051207807,278.30660163626044
F3099,3545.0,406.4166431593794,1046.483588563988,0.0,44.0,147.0,356.0,23033.0,10.784054496262993,180.74126016272652
F3100,6916.0,291.05002891845,806.6250927799363,0.0,53.0,138.0,266.0,23033.0,14.071549728952716,300.13291331321807
F3101,6335.0,301.97900552486186,783.9834941329426,0.0,65.0,148.0,277.0,23033.0,13.332574051207807,278.30660163626044
F3102,3545.0,406.4166431593794,1046.483588563988,0.0,44.0,147.0,356.0,23033.0,10.784054496262993,180.74126016272652
F3103,6874.0,272.7179226069246,659.963734795886,1.0,63.0,141.0,256.0,21819.0,12.172515607196445,250.26803003661416
F3104,6520.0,282.8153374233129,671.9447080667574,1.0,70.0,147.0,265.0,21819.0,12.043081638809184,244.20636665939497
F3105,5841.0,217.51070022256462,430.7052753042028,1.0,65.0,136.0,237.0,8742.0,10.040978483909576,140.53682114989763
F3106,6874.0,272.7179226069246,659.963734795886,1.0,63.0,141.0,256.0,21819.0,12.172515607196445,250.26803003661416
F3107,6520.0,282.8153374233129,671.9447080667574,1.0,70.0,147.0,265.0,21819.0,12.043081638809184,244.20636665939497
F3108,5841.0,217.51070022256462,430.7052753042028,1.0,65.0,136.0,237.0,8742.0,10.040978483909576,140.53682114989763
F3109,5640.0,300.8755319148936,864.4847147664321,0.0,51.0,137.0,273.0,23033.0,13.786761471890934,277.3445258530207
F3110,5243.0,306.9021552546252,800.4229827518501,0.0,63.0,147.0,282.0,23033.0,13.538763703673686,288.83741253661236
F3111,1528.0,329.82460732984293,1136.7935561866693,1.0,20.0,110.0,280.25,23033.0,12.823474429862397,211.03527600518595
F3112,5640.0,300.8755319148936,864.4847147664321,0.0,51.0,137.0,273.0,23033.0,13.786761471890934,277.3445258530207
F3113,5243.0,306.9021552546252,800.4229827518501,0.0,63.0,147.0,282.0,23033.0,13.538763703673686,288.83741253661236
F3114,1528.0,329.82460732984293,1136.7935561866693,1.0,20.0,110.0,280.25,23033.0,12.823474429862397,211.03527600518595
F3115,1717.0,497.40535818287714,1209.6581670222106,0.0,55.0,169.0,417.0,23033.0,9.312079953649162,136.77750422824676
F3116,879.0,602.5244596131968,1491.6889722742776,1.0,63.5,183.0,473.5,23033.0,8.586778172233894,108.12496392693915
F3117,1298.0,444.34591679506934,869.0803617391472,0.0,51.0,161.0,411.75,10150.0,5.094007257524137,37.648294793481796
F3118,1717.0,497.40535818287714,1209.6581670222106,0.0,55.0,169.0,417.0,23033.0,9.312079953649162,136.77750422824676
F3119,879.0,602.5244596131968,1491.6889722742776,1.0,63.5,183.0,473.5,23033.0,8.586778172233894,108.12496392693915
F3120,1298.0,444.34591679506934,869.0803617391472,0.0,51.0,161.0,411.75,10150.0,5.094007257524137,37.648294793481796
F3121,464.0,220.75862068965517,271.85257155278936,4.0,75.75,169.5,277.0,3515.0,6.118706277573508,58.95865671922413
F3122,7.0,229.71428571428572,139.59431015829918,42.0,135.0,247.0,306.0,437.0,0.10649941671040165,-0.818248076711324
F3123,464.0,220.75862068965517,271.85257155278936,4.0,75.75,169.5,277.0,3515.0,6.118706277573508,58.95865671922413
F3124,464.0,220.75862068965517,271.85257155278936,4.0,75.75,169.5,277.0,3515.0,6.118706277573508,58.95865671922413
F3125,7.0,229.71428571428572,139.59431015829918,42.0,135.0,247.0,306.0,437.0,0.10649941671040165,-0.818248076711324
F3126,464.0,220.75862068965517,271.85257155278936,4.0,75.75,169.5,277.0,3515.0,6.118706277573508,58.95865671922413
F3127,2.0,22371.5,935.5022715098024,21710.0,22040.75,22371.5,22702.25,23033.0,,
F3128,2.0,22371.5,935.5022715098024,21710.0,22040.75,22371.5,22702.25,23033.0,,
F3129,2.0,22371.5,935.5022715098024,21710.0,22040.75,22371.5,22702.25,23033.0,,
F3130,2.0,22371.5,935.5022715098024,21710.0,22040.75,22371.5,22702.25,23033.0,,
F3131,312.0,114.2275641025641,150.4059762588205,1.0,19.75,68.0,170.0,1766.0,4.995607768458606,46.789607267839536
F3132,312.0,114.2275641025641,150.4059762588205,1.0,19.75,68.0,170.0,1766.0,4.995607768458606,46.789607267839536
F3133,0.0,,,,,,,,,
F3134,312.0,114.2275641025641,150.4059762588205,1.0,19.75,68.0,170.0,1766.0,4.995607768458606,46.789607267839536
F3135,312.0,114.2275641025641,150.4059762588205,1.0,19.75,68.0,170.0,1766.0,4.995607768458606,46.789607267839536
F3136,1992.0,362.5451807228916,1043.1712559202201,0.0,48.0,163.0,332.0,23033.0,14.785383278298706,292.02870284709456
F3137,465.0,624.4193548387096,1717.6857345900728,1.0,72.0,234.0,447.0,23033.0,9.39577570295598,111.57037475713014
F3138,1690.0,343.22721893491126,1048.4264627565105,0.0,46.0,156.5,323.0,23033.0,16.477211114444984,335.27207128118124
F3139,1992.0,362.5451807228916,1043.1712559202201,0.0,48.0,163.0,332.0,23033.0,14.785383278298706,292.02870284709456
F3140,465.0,624.4193548387096,1717.6857345900728,1.0,72.0,234.0,447.0,23033.0,9.39577570295598,111.57037475713014
F3141,1690.0,343.22721893491126,1048.4264627565105,0.0,46.0,156.5,323.0,23033.0,16.477211114444984,335.27207128118124
F3142,2392.0,247.79096989966555,764.8899537561934,1.0,57.0,132.0,245.25,21819.0,17.118761728888554,389.083484217988
F3143,732.0,251.4398907103825,1124.5038890025817,1.0,31.0,80.0,188.5,21819.0,15.038896404503774,256.04608326477586
F3144,1922.0,266.1103017689906,835.7289500720677,1.0,69.0,146.5,257.75,21819.0,16.211925901787254,338.06302319539617
F3145,2392.0,247.79096989966555,764.8899537561934,1.0,57.0,132.0,245.25,21819.0,17.118761728888554,389.083484217988
F3146,732.0,251.4398907103825,1124.5038890025817,1.0,31.0,80.0,188.5,21819.0,15.038896404503774,256.04608326477586
F3147,1922.0,266.1103017689906,835.7289500720677,1.0,69.0,146.5,257.75,21819.0,16.211925901787254,338.06302319539617
F3148,9074.0,-0.9999812651531849,0.0005451928206897721,-1.0,-1.0,-1.0,-1.0,-0.98,31.870501378296556,1078.6722566650915
F3149,9074.0,-0.9999768569539342,0.0006026448887478373,-1.0,-1.0,-1.0,-1.0,-0.98,28.594846299543654,870.5657684471819
F3150,9074.0,-0.9999889795018735,0.00033180666505763947,-1.0,-1.0,-1.0,-1.0,-0.99,30.078234650364998,902.8992076191862
F3151,9074.0,-0.9999713467048711,0.0007114616544834584,-1.0,-1.0,-1.0,-1.0,-0.97,28.042037256125337,861.9940190743268
F3152,9074.0,-0.9999647344059952,0.0008901233176063345,-1.0,-1.0,-1.0,-1.0,-0.95,33.95722574867578,1446.2806300186319
F3153,9074.0,-0.9999702446550583,0.0010010446465129965,-1.0,-1.0,-1.0,-1.0,-0.93,53.650246296657414,3345.930239384888
F3154,9074.0,-0.9999548159576813,0.0009553849159142161,-1.0,-1.0,-1.0,-1.0,-0.96,28.554917354973668,975.1655659173005
F3155,9074.0,-0.999955918007494,0.0010489174615654245,-1.0,-1.0,-1.0,-1.0,-0.94,35.218381144130504,1580.042040048909
F3156,9074.0,-0.9999471016089928,0.0011196770552573253,-1.0,-1.0,-1.0,-1.0,-0.94,31.42943571225824,1275.1950356985897
F3157,9074.0,-0.9998589376239807,0.008751057250032898,-1.0,-1.0,-1.0,-1.0,-0.18,90.93602054982175,8496.767187779431
F3158,9074.0,-0.9998699581221071,0.009021610598784887,-1.0,-1.0,-1.0,-1.0,-0.15,92.3448802382748,8684.616644134481
F3159,9074.0,-0.9998457130262288,0.008570118450677842,-1.0,-1.0,-1.0,-1.0,-0.21,87.01137061052071,7963.222379847507
F3160,9074.0,-0.9999933877011239,0.00025707304279056257,-1.0,-1.0,-1.0,-1.0,-0.99,38.85657151709932,1508.1655647386156
F3161,9074.0,-0.9999900815516861,0.0003783964582346324,-1.0,-1.0,-1.0,-1.0,-0.98,42.65034894675639,1982.9642200768706
F3162,9074.0,-0.9999933877011239,0.00025707304279056257,-1.0,-1.0,-1.0,-1.0,-0.99,38.856571517099304,1508.165564738615
F3163,9074.0,-0.9999856733524354,0.0004326243655967532,-1.0,-1.0,-1.0,-1.0,-0.98,33.93764413557792,1283.3463505220425
F3164,9074.0,-0.9999867754022481,0.00041972907348082606,-1.0,-1.0,-1.0,-1.0,-0.98,35.68613155236348,1413.905848218083
F3165,9074.0,-0.999984571302623,0.0004451435262874369,-1.0,-1.0,-1.0,-1.0,-0.98,32.391063293408045,1172.2364683499482
F3166,9074.0,-0.9999922856513115,0.0002776553109240238,-1.0,-1.0,-1.0,-1.0,-0.99,35.96823865366424,1291.9989612479044
F3167,9074.0,-0.9999900815516861,0.0003783964582346324,-1.0,-1.0,-1.0,-1.0,-0.98,42.65034894675639,1982.9642200768706
F3168,9074.0,-0.9999944897509366,0.00023468744678738348,-1.0,-1.0,-1.0,-1.0,-0.99,42.57228835464546,1810.7988538197526
F3169,9074.0,-0.9999867754022481,0.0003925927528326809,-1.0,-1.0,-1.0,-1.0,-0.98,32.69258916057766,1199.6776377673857
F3170,9074.0,-0.999984571302623,0.0004921784331848304,-1.0,-1.0,-1.0,-1.0,-0.97,40.59047799962817,1984.1878839188696
F3171,9074.0,-0.9999834692528102,0.000457317446625356,-1.0,-1.0,-1.0,-1.0,-0.98,31.01261142569923,1076.765677693664
F3172,9074.0,-0.9999922856513115,0.0002776553109240238,-1.0,-1.0,-1.0,-1.0,-0.99,35.96823865366424,1291.9989612479044
F3173,9074.0,-0.9999900815516861,0.0003783964582346324,-1.0,-1.0,-1.0,-1.0,-0.98,42.65034894675639,1982.9642200768706
F3174,9074.0,-0.9999944897509366,0.00023468744678738348,-1.0,-1.0,-1.0,-1.0,-0.99,42.57228835464546,1810.7988538197526
F3175,9074.0,-0.9999867754022481,0.0003925927528326809,-1.0,-1.0,-1.0,-1.0,-0.98,32.69258916057766,1199.6776377673857
F3176,9074.0,-0.999984571302623,0.0004921784331848304,-1.0,-1.0,-1.0,-1.0,-0.97,40.59047799962817,1984.1878839188696
F3177,9074.0,-0.9999834692528102,0.000457317446625356,-1.0,-1.0,-1.0,-1.0,-0.98,31.01261142569923,1076.765677693664
F3178,9074.0,-0.9999911836014987,0.00029680964395338414,-1.0,-1.0,-1.0,-1.0,-0.99,33.6396343738837,1129.8740362600486
F3179,0.0,,,,,,,,,
F3180,9074.0,-0.9999911836014987,0.00029680964395338414,-1.0,-1.0,-1.0,-1.0,-0.99,33.6396343738837,1129.8740362600486
F3181,9074.0,-0.9999900815516861,0.0003147968051106195,-1.0,-1.0,-1.0,-1.0,-0.99,31.71049754519841,1003.7768969490719
F3182,0.0,,,,,,,,,
F3183,9074.0,-0.9999900815516861,0.0003147968051106195,-1.0,-1.0,-1.0,-1.0,-0.99,31.71049754519841,1003.7768969490719
F3184,9074.0,-0.9999889795018735,0.0004197927341220466,-1.0,-1.0,-1.0,-1.0,-0.98,41.64637655681042,1839.3350663209692
F3185,7729.0,-0.9999301332643291,0.005694089412670361,-1.0,-1.0,-1.0,-1.0,-0.5,87.60616930093104,7692.048594780149
F3186,9074.0,-0.9999889795018735,0.0004197927341220466,-1.0,-1.0,-1.0,-1.0,-0.98,41.64637655681042,1839.3350663209692
F3187,9074.0,-0.9999702446550583,0.0010546599035015892,-1.0,-1.0,-1.0,-1.0,-0.93,54.32624069410581,3311.4320746365484
F3188,7729.0,-0.9999081381808772,0.0061683043483358214,-1.0,-1.0,-1.0,-1.0,-0.5,74.0006552529958,5757.52767437833
F3189,9074.0,-0.9999713467048712,0.0010494523217398945,-1.0,-1.0,-1.0,-1.0,-0.93,55.04761186372266,3377.04359751699
F3190,9074.0,-0.9999922856513115,0.00031485853527043946,-1.0,-1.0,-1.0,-1.0,-0.98,45.840110083758695,2349.143383170006
F3191,9071.0,-0.9999228309998897,0.0031032575568520054,-1.0,-1.0,-1.0,-1.0,-0.76,61.55697397361154,4326.158839931591
F3192,9074.0,-0.9999933877011239,0.00025707304279056257,-1.0,-1.0,-1.0,-1.0,-0.99,38.85657151709932,1508.165564738615
F3193,9074.0,-0.9999482036588054,0.001988494840140878,-1.0,-1.0,-1.0,-1.0,-0.85,59.720343447650535,4064.8352752416577
F3194,9071.0,-0.9999261382427517,0.003182270909148211,-1.0,-1.0,-1.0,-1.0,-0.78,56.45797194874037,3482.5819414849852
F3195,9074.0,-0.9999724487546837,0.0012374404716299823,-1.0,-1.0,-1.0,-1.0,-0.89,78.88310523849849,6896.401037190469
F3196,9074.0,-0.9999493057086182,0.003796555032418338,-1.0,-1.0,-1.0,-1.0,-0.64,93.98250451273292,8908.461379995877
F3197,8979.0,-0.9999610201581469,0.0015966088567078095,-1.0,-1.0,-1.0,-1.0,-0.88,59.51763046842316,4021.4020692324716
F3198,9074.0,-0.9999482036588052,0.0038008923018512473,-1.0,-1.0,-1.0,-1.0,-0.64,93.67422800356621,8867.824632810229
F3199,9074.0,-0.9999294688119904,0.005385552230257267,-1.0,-1.0,-1.0,-1.0,-0.49,93.64405876700528,8861.929140221984
F3200,8979.0,-0.9999743846753536,0.0009494994328672849,-1.0,-1.0,-1.0,-1.0,-0.93,54.45047836379412,3557.86195381609
F3201,9074.0,-0.9999173462640512,0.005513807500347784,-1.0,-1.0,-1.0,-1.0,-0.49,87.98115271696285,8075.710322126253
F3202,9074.0,-0.9999856733524354,0.00037825519244464136,-1.0,-1.0,-1.0,-1.0,-0.99,26.367238765675854,693.3841088467574
F3203,9074.0,-0.9999856733524356,0.00040635011524504694,-1.0,-1.0,-1.0,-1.0,-0.98,31.111600400371692,1084.792789156256
F3204,9074.0,-0.9999768569539345,0.0005244112505854276,-1.0,-1.0,-1.0,-1.0,-0.98,25.09316336371303,707.1250867013301
F3205,9074.0,-0.9999757549041215,0.0006799441499508901,-1.0,-1.0,-1.0,-1.0,-0.95,49.691135350295255,3302.5721490097358
F3206,9074.0,-0.9999779590037469,0.0006960384350043832,-1.0,-1.0,-1.0,-1.0,-0.95,49.597207784322634,3129.6251983298935
F3207,9074.0,-0.9999691426052458,0.0008126195190201099,-1.0,-1.0,-1.0,-1.0,-0.95,38.91942811114296,1933.5202445566522
F3208,9074.0,-0.9999878774520607,0.0003783322530508368,-1.0,-1.0,-1.0,-1.0,-0.98,34.51159191406213,1338.374749913923
F3209,9074.0,-0.9999724487546837,0.0010011077402896802,-1.0,-1.0,-1.0,-1.0,-0.94,51.44918620271533,2937.334673046587
F3210,9074.0,-0.9999922856513115,0.0002776553109240238,-1.0,-1.0,-1.0,-1.0,-0.99,35.96823865366423,1291.9989612479037
F3211,9074.0,-0.9999900815516861,0.0003147968051106195,-1.0,-1.0,-1.0,-1.0,-0.99,31.7104975451984,1003.7768969490719
F3212,9074.0,-0.9999878774520607,0.0004574555391986342,-1.0,-1.0,-1.0,-1.0,-0.97,47.135682868801325,2586.043875783519
F3213,9074.0,-0.9999911836014987,0.00029680964395338414,-1.0,-1.0,-1.0,-1.0,-0.99,33.63963437388371,1129.8740362600486
F3214,9074.0,-0.9999856733524354,0.00045739180934547077,-1.0,-1.0,-1.0,-1.0,-0.97,42.5326500946583,2284.767947076578
F3215,9074.0,-0.9999878774520607,0.0004574555391986342,-1.0,-1.0,-1.0,-1.0,-0.98,40.226138646193625,1680.1191742459891
F3216,9074.0,-0.9999669385056204,0.000950098555201896,-1.0,-1.0,-1.0,-1.0,-0.93,51.56868685269447,3414.1924266203323
F3217,9074.0,-0.999968040555433,0.0009559187421440344,-1.0,-1.0,-1.0,-1.0,-0.93,51.26570640030602,3349.046265253669
F3218,9074.0,-0.9999724487546837,0.0008841846256210325,-1.0,-1.0,-1.0,-1.0,-0.93,59.39384010993193,4405.275484606981
F3219,9074.0,-0.9999471016089928,0.0016591050736334233,-1.0,-1.0,-1.0,-1.0,-0.9,44.07905941829036,2212.8987629886774
F3220,9074.0,-0.9999614282565573,0.001033256113324778,-1.0,-1.0,-1.0,-1.0,-0.93,44.75908374940854,2580.6200856418122
F3221,9074.0,-0.9999691426052458,0.0013024559430030616,-1.0,-1.0,-1.0,-1.0,-0.89,70.77957900929083,5715.299447182176
F3222,9074.0,-0.9999636323561824,0.0008838658584169355,-1.0,-1.0,-1.0,-1.0,-0.96,30.051483696654355,1031.1438947409815
F3223,9074.0,-0.9999713467048712,0.0006292539694421392,-1.0,-1.0,-1.0,-1.0,-0.97,27.295341946672938,920.5650406097612
F3224,9074.0,-0.9999779590037469,0.0007270188127552213,-1.0,-1.0,-1.0,-1.0,-0.95,48.67945501954653,2880.867588123058
F3225,9074.0,-0.9999636323561825,0.0008055794823511362,-1.0,-1.0,-1.0,-1.0,-0.95,35.92361545916574,1810.564419042166
F3226,9074.0,-0.9999812651531849,0.0006719666588231755,-1.0,-1.0,-1.0,-1.0,-0.95,54.05253644458266,3588.1838986147086
F3227,7779.0,-0.9999820028281271,0.0015873260730608556,-1.0,-1.0,-1.0,-1.0,-0.86,88.19863944528863,7779.000000000013
F3228,9074.0,-0.9999812651531849,0.0006719666588231755,-1.0,-1.0,-1.0,-1.0,-0.95,54.05253644458266,3588.1838986147086
F3229,9074.0,-0.9999570200573067,0.001043696356976981,-1.0,-1.0,-1.0,-1.0,-0.94,38.566048321325646,1867.251605144952
F3230,7779.0,-1.0,0.0,-1.0,-1.0,-1.0,-1.0,-1.0,0.0,0.0
F3231,9074.0,-0.9999570200573067,0.001043696356976981,-1.0,-1.0,-1.0,-1.0,-0.94,38.566048321325646,1867.251605144952
F3232,2004.0,-0.9999351297405189,0.002903985835457007,-1.0,-1.0,-1.0,-1.0,-0.87,44.76605857119872,2003.999999999996
F3233,0.0,,,,,,,,,
F3234,2004.0,-0.9999351297405189,0.002903985835457007,-1.0,-1.0,-1.0,-1.0,-0.87,44.76605857119872,2003.999999999996
F3235,2004.0,-0.9999351297405189,0.002903985835457007,-1.0,-1.0,-1.0,-1.0,-0.87,44.76605857119872,2003.999999999996
F3236,0.0,,,,,,,,,
F3237,2004.0,-0.9999351297405189,0.002903985835457007,-1.0,-1.0,-1.0,-1.0,-0.87,44.76605857119872,2003.999999999996
F3238,9074.0,-0.9999702446550583,0.0014657245692235288,-1.0,-1.0,-1.0,-1.0,-0.92,53.81892104196447,2929.692581286383
F3239,9074.0,-0.9999702446550583,0.0014657245692235288,-1.0,-1.0,-1.0,-1.0,-0.92,53.81892104196447,2929.692581286383
F3240,3752.0,-1.0,0.0,-1.0,-1.0,-1.0,-1.0,-1.0,0.0,0.0
F3241,9074.0,-0.9999636323561827,0.0014428378159123043,-1.0,-1.0,-1.0,-1.0,-0.9,51.78458000348926,3075.395230147087
F3242,9074.0,-0.9999636323561827,0.0014428378159123043,-1.0,-1.0,-1.0,-1.0,-0.9,51.78458000348926,3075.395230147087
F3243,3752.0,-1.0,0.0,-1.0,-1.0,-1.0,-1.0,-1.0,0.0,0.0
F3244,9074.0,-0.9999570200573067,0.001396064354516617,-1.0,-1.0,-1.0,-1.0,-0.9,51.32262515488696,3209.1460401721097
F3245,9074.0,-0.9999768569539345,0.0009088964728993213,-1.0,-1.0,-1.0,-1.0,-0.93,61.14982300280545,4301.005969471594
F3246,9074.0,-0.9999537139078686,0.0014987617447331178,-1.0,-1.0,-1.0,-1.0,-0.9,47.649734560333684,2679.610396784999
F3247,9074.0,-0.9999669385056206,0.001196548986776829,-1.0,-1.0,-1.0,-1.0,-0.92,50.49672999708346,2889.2929720497673
F3248,9074.0,-0.9999559180074942,0.0018359468055079552,-1.0,-1.0,-1.0,-1.0,-0.84,75.56672146997232,6404.0869817115645
F3249,9074.0,-0.9999669385056206,0.0012328435342532228,-1.0,-1.0,-1.0,-1.0,-0.91,57.45817757146497,3769.1637179086897
F3250,9074.0,-0.9999823672029976,0.0005140137710038686,-1.0,-1.0,-1.0,-1.0,-0.97,37.237375101854205,1698.2022495370409
F3251,9074.0,-0.9999691426052458,0.0007564236779075294,-1.0,-1.0,-1.0,-1.0,-0.96,31.461816951321218,1218.097859840353
F3252,9074.0,-0.9999757549041215,0.0007116255322492996,-1.0,-1.0,-1.0,-1.0,-0.96,35.99482388263675,1531.703381055509
F3253,9074.0,-0.9998964073176109,0.007376617453290754,-1.0,-1.0,-1.0,-1.0,-0.31,90.61845204133756,8440.963565972557
F3254,9074.0,-0.9998931011681729,0.007778740015144083,-1.0,-1.0,-1.0,-1.0,-0.27,91.42278925541363,8551.021530296654
F3255,9074.0,-0.9999658364558076,0.0012372755550876715,-1.0,-1.0,-1.0,-1.0,-0.93,44.67524783568181,2163.970174055375
F3256,9079.0,-0.9999790725850864,0.0005839922119613106,-1.0,-1.0,-1.0,-1.0,-0.98,30.318576639061398,968.7694731332757
F3257,9079.0,-0.9999757682564158,0.0006465347337732681,-1.0,-1.0,-1.0,-1.0,-0.97,30.871914250343945,1064.8134623785324
F3258,9079.0,-0.999994492785549,0.0002346228426810078,-1.0,-1.0,-1.0,-1.0,-0.99,42.584031465990726,1811.798854451014
F3259,9079.0,-0.9999724639277453,0.0007490256564426157,-1.0,-1.0,-1.0,-1.0,-0.96,33.187714536017246,1305.340179516558
F3260,9079.0,-0.999970261041965,0.0008713178579462027,-1.0,-1.0,-1.0,-1.0,-0.94,45.368942351102135,2670.1397155725535
F3261,9079.0,-0.9999713624848553,0.0008391548748297113,-1.0,-1.0,-1.0,-1.0,-0.95,42.782711723610475,2160.7419392832608
F3262,9079.0,-0.9999614494988437,0.0007914577065347374,-1.0,-1.0,-1.0,-1.0,-0.97,24.966855456165607,725.3251134061048
F3263,9079.0,-0.999964753827514,0.0007560231249766799,-1.0,-1.0,-1.0,-1.0,-0.97,26.377568906274735,815.3425809354076
F3264,9079.0,-0.9999548408415024,0.0009665867854317654,-1.0,-1.0,-1.0,-1.0,-0.94,35.607608704686236,1794.865114606999
F3265,9079.0,-0.9999251018834673,0.0034611281947919924,-1.0,-1.0,-1.0,-1.0,-0.69,80.9849193420189,7121.160751315333
F3266,9079.0,-0.999933913426589,0.002760155157663583,-1.0,-1.0,-1.0,-1.0,-0.76,75.72539578410061,6376.102781177744
F3267,9079.0,-0.9999019715827735,0.004665652582851344,-1.0,-1.0,-1.0,-1.0,-0.58,81.85913196028521,7254.665559962708
F3268,9079.0,-0.9999955942284392,0.00020986461323074842,-1.0,-1.0,-1.0,-1.0,-0.99,47.61827033478191,2265.998843303003
F3269,9079.0,-0.9999900870139883,0.00037829230845840857,-1.0,-1.0,-1.0,-1.0,-0.98,42.662113247348,1984.0588950360875
F3270,9079.0,-0.999994492785549,0.0002346228426810078,-1.0,-1.0,-1.0,-1.0,-0.99,42.584031465990726,1811.798854451014
F3271,9079.0,-0.999988985571098,0.0003925527479960137,-1.0,-1.0,-1.0,-1.0,-0.98,39.987147174839095,1756.4629275703114
F3272,9079.0,-0.9999878841282079,0.00040631000807203,-1.0,-1.0,-1.0,-1.0,-0.98,37.69039372663718,1569.8581483110795
F3273,9079.0,-0.999983478356647,0.0005030773062927317,-1.0,-1.0,-1.0,-1.0,-0.98,33.650809461051466,1214.415588283969
F3274,9079.0,-0.9999933913426587,0.0002967852060542526,-1.0,-1.0,-1.0,-1.0,-0.98,50.51097965096475,2834.0618030973706
F3275,9079.0,-0.9999878841282079,0.0004573296311275456,-1.0,-1.0,-1.0,-1.0,-0.97,47.148679693619314,2587.470468665712
F3276,9079.0,-0.999994492785549,0.0002346228426810078,-1.0,-1.0,-1.0,-1.0,-0.99,42.584031465990726,1811.798854451014
F3277,9079.0,-0.999988985571098,0.0003634093773354507,-1.0,-1.0,-1.0,-1.0,-0.98,36.64039372696974,1509.3329285017223
F3278,9079.0,-0.9999867826853177,0.0004450919491110652,-1.0,-1.0,-1.0,-1.0,-0.98,37.39759557742161,1509.2215620422614
F3279,9079.0,-0.9999845797995373,0.00044502106808481777,-1.0,-1.0,-1.0,-1.0,-0.98,32.40000836793648,1172.8846165835519
F3280,9079.0,-0.9999933913426587,0.0002967852060542526,-1.0,-1.0,-1.0,-1.0,-0.98,50.51097965096475,2834.0618030973706
F3281,9079.0,-0.9999878841282079,0.0004573296311275456,-1.0,-1.0,-1.0,-1.0,-0.97,47.148679693619314,2587.470468665712
F3282,9079.0,-0.999994492785549,0.0002346228426810078,-1.0,-1.0,-1.0,-1.0,-0.99,42.584031465990726,1811.798854451014
F3283,9079.0,-0.999988985571098,0.0003634093773354507,-1.0,-1.0,-1.0,-1.0,-0.98,36.64039372696974,1509.3329285017223
F3284,9079.0,-0.9999867826853177,0.0004450919491110652,-1.0,-1.0,-1.0,-1.0,-0.98,37.39759557742161,1509.2215620422614
F3285,9079.0,-0.9999845797995373,0.00044502106808481777,-1.0,-1.0,-1.0,-1.0,-0.98,32.40000836793648,1172.8846165835519
F3286,9079.0,-0.9999911884568787,0.0002967279660740434,-1.0,-1.0,-1.0,-1.0,-0.99,33.648922728786864,1130.4990367906164
F3287,7.0,-1.0,0.0,-1.0,-1.0,-1.0,-1.0,-1.0,0.0,0.0
F3288,9079.0,-0.9999911884568787,0.0002967279660740434,-1.0,-1.0,-1.0,-1.0,-0.99,33.648922728786864,1130.4990367906164
F3289,9079.0,-0.9999878841282079,0.00034788684052681427,-1.0,-1.0,-1.0,-1.0,-0.99,28.681643356533257,820.8174823032308
F3290,7.0,-1.0,0.0,-1.0,-1.0,-1.0,-1.0,-1.0,0.0,0.0
F3291,9079.0,-0.9999878841282079,0.00034788684052681427,-1.0,-1.0,-1.0,-1.0,-0.99,28.681643356533257,820.8174823032308
F3292,9079.0,-0.9999900870139883,0.0004808640227073757,-1.0,-1.0,-1.0,-1.0,-0.96,68.31162104452498,5372.178109981323
F3293,7736.0,-0.9999379524301966,0.0038114958485214127,-1.0,-1.0,-1.0,-1.0,-0.67,84.19453773817679,7265.674456285231
F3294,9079.0,-0.9999900870139883,0.0004808640227073757,-1.0,-1.0,-1.0,-1.0,-0.96,68.31162104452498,5372.178109981323
F3295,9079.0,-0.9999724639277453,0.000978571690597662,-1.0,-1.0,-1.0,-1.0,-0.94,48.71057942869666,2620.4151481322106
F3296,7736.0,-0.9999715615305068,0.0016938896818451145,-1.0,-1.0,-1.0,-1.0,-0.86,75.40718894679996,6082.425741814964
F3297,9079.0,-0.9999724639277453,0.000978571690597662,-1.0,-1.0,-1.0,-1.0,-0.94,48.71057942869666,2620.4151481322106
F3298,9079.0,-0.9999900870139883,0.0003782923084584085,-1.0,-1.0,-1.0,-1.0,-0.98,42.662113247348024,1984.0588950360889
F3299,9078.0,-0.9999162811191892,0.0031477230798249603,-1.0,-1.0,-1.0,-1.0,-0.74,67.51666789652187,5265.541261090184
F3300,9079.0,-0.9999933913426587,0.0002967852060542526,-1.0,-1.0,-1.0,-1.0,-0.98,50.51097965096475,2834.06180309737
F3301,9079.0,-0.9999570437272828,0.0017080104629461166,-1.0,-1.0,-1.0,-1.0,-0.88,56.77524163283248,3575.4709291840845
F3302,9078.0,-0.9999306014540646,0.0033134556784756484,-1.0,-1.0,-1.0,-1.0,-0.73,68.08221747602902,5153.681594716693
F3303,9079.0,-0.9999724639277453,0.0010648252575095219,-1.0,-1.0,-1.0,-1.0,-0.91,70.09971150818731,5695.737874763315
F3304,9079.0,-0.9999669567132945,0.002356011819950544,-1.0,-1.0,-1.0,-1.0,-0.78,90.24087747117721,8381.885158411063
F3305,8985.0,-0.9999677239844184,0.0012254099553673534,-1.0,-1.0,-1.0,-1.0,-0.9,65.93060430329189,5077.37361229924
F3306,9079.0,-0.9999669567132945,0.002356011819950544,-1.0,-1.0,-1.0,-1.0,-0.78,90.24087747117721,8381.885158411063
F3307,9079.0,-0.9999581451701728,0.003176251917966063,-1.0,-1.0,-1.0,-1.0,-0.7,92.92883280379044,8765.655212759495
F3308,8985.0,-0.9999833055091818,0.000723099947211527,-1.0,-1.0,-1.0,-1.0,-0.94,67.95185365317082,5364.397399530851
F3309,9079.0,-0.9999482321841613,0.003283539785585755,-1.0,-1.0,-1.0,-1.0,-0.7,85.2509444327108,7693.19284969338
F3310,9079.0,-0.9999867826853179,0.00036333591880220316,-1.0,-1.0,-1.0,-1.0,-0.99,27.456032836364383,751.9993959446002
F3311,9079.0,-0.9999845797995375,0.000469121557235685,-1.0,-1.0,-1.0,-1.0,-0.98,34.05200802009255,1267.0235792842345
F3312,9079.0,-0.999975768256416,0.0005548429866690762,-1.0,-1.0,-1.0,-1.0,-0.98,25.670976479550387,736.884025822904
F3313,9079.0,-0.9999801740279766,0.0005933864156823507,-1.0,-1.0,-1.0,-1.0,-0.96,44.19646864657139,2516.102902005847
F3314,9079.0,-0.999983478356647,0.0005245169783054052,-1.0,-1.0,-1.0,-1.0,-0.97,38.845548360057236,1754.2512395794408
F3315,9079.0,-0.9999702610419652,0.0006875958929963832,-1.0,-1.0,-1.0,-1.0,-0.96,33.42387393637303,1505.1200799078138
F3316,9079.0,-0.9999900870139883,0.00037829230845840857,-1.0,-1.0,-1.0,-1.0,-0.98,42.662113247347996,1984.0588950360873
F3317,9079.0,-0.9999713624848553,0.0010062896630120056,-1.0,-1.0,-1.0,-1.0,-0.94,50.08577791774994,2837.866262119833
F3318,9079.0,-0.9999922898997687,0.00027757889561292383,-1.0,-1.0,-1.0,-1.0,-0.99,35.9781666794265,1292.7132475340713
F3319,9079.0,-0.9999922898997687,0.00027757889561292383,-1.0,-1.0,-1.0,-1.0,-0.99,35.97816667942651,1292.7132475340718
F3320,9079.0,-0.9999845797995375,0.000593517263444397,-1.0,-1.0,-1.0,-1.0,-0.96,51.567406148083414,3047.4120805905045
F3321,9079.0,-0.999994492785549,0.0002346228426810078,-1.0,-1.0,-1.0,-1.0,-0.99,42.584031465990726,1811.7988544510135
F3322,9079.0,-0.9999878841282079,0.0004573296311275456,-1.0,-1.0,-1.0,-1.0,-0.98,40.237236706937445,1681.0471526138645
F3323,9079.0,-0.9999878841282079,0.0004325726610447948,-1.0,-1.0,-1.0,-1.0,-0.98,39.3913107327621,1661.1185052838232
F3324,9079.0,-0.9999592466130632,0.0010113326377664527,-1.0,-1.0,-1.0,-1.0,-0.94,40.888488324525184,2086.223260325635
F3325,9079.0,-0.9999702610419652,0.0007778019147628691,-1.0,-1.0,-1.0,-1.0,-0.95,39.925262905523944,2108.1510046070925
F3326,9079.0,-0.9999779711421962,0.0007115013827937918,-1.0,-1.0,-1.0,-1.0,-0.95,48.23913079001026,2924.463463711481
F3327,9079.0,-0.999952637955722,0.0013876216979972031,-1.0,-1.0,-1.0,-1.0,-0.92,39.52677306806377,1831.0629043792128
F3328,9079.0,-0.999964753827514,0.0010277447264884923,-1.0,-1.0,-1.0,-1.0,-0.93,46.38230704390199,2705.6435426804965
F3329,9079.0,-0.9999614494988435,0.0013958088574966634,-1.0,-1.0,-1.0,-1.0,-0.89,60.893837444930575,4422.022407550824
F3330,9079.0,-0.9999625509417337,0.0009020836642084312,-1.0,-1.0,-1.0,-1.0,-0.94,41.001277605635465,2310.62795505657
F3331,9079.0,-0.9999768696993062,0.0005448736275296677,-1.0,-1.0,-1.0,-1.0,-0.98,26.435887037155798,780.3667626196668
F3332,9079.0,-0.9999713624848553,0.0009383129431812843,-1.0,-1.0,-1.0,-1.0,-0.94,44.98788979045871,2391.8704214782365
F3333,9079.0,-0.999970261041965,0.000687595892996383,-1.0,-1.0,-1.0,-1.0,-0.96,33.423873936372075,1505.1200799077708
F3334,9079.0,-0.999982376913757,0.0005745943429741305,-1.0,-1.0,-1.0,-1.0,-0.97,40.56345793782015,1872.9092088787804
F3335,7785.0,-0.9999858702633269,0.0012467040683497507,-1.0,-1.0,-1.0,-1.0,-0.89,88.2326470191163,7784.999999999983
F3336,9079.0,-0.999982376913757,0.0005745943429741305,-1.0,-1.0,-1.0,-1.0,-0.97,40.56345793782015,1872.9092088787804
F3337,9079.0,-0.9999757682564158,0.0007267486388667544,-1.0,-1.0,-1.0,-1.0,-0.96,38.93828766732702,1746.2546123442542
F3338,7785.0,-1.0,0.0,-1.0,-1.0,-1.0,-1.0,-1.0,0.0,0.0
F3339,9079.0,-0.9999757682564158,0.0007267486388667544,-1.0,-1.0,-1.0,-1.0,-0.96,38.93828766732702,1746.2546123442542
F3340,2006.0,-0.9999351944167497,0.0029025378244791926,-1.0,-1.0,-1.0,-1.0,-0.87,44.78839135311733,2005.999999999997
F3341,0.0,,,,,,,,,
F3342,2006.0,-0.9999351944167497,0.0029025378244791926,-1.0,-1.0,-1.0,-1.0,-0.87,44.78839135311733,2005.999999999997
F3343,2006.0,-0.9999351944167497,0.0029025378244791926,-1.0,-1.0,-1.0,-1.0,-0.87,44.78839135311733,2005.999999999997
F3344,0.0,,,,,,,,,
F3345,2006.0,-0.9999351944167497,0.0029025378244791926,-1.0,-1.0,-1.0,-1.0,-0.87,44.78839135311733,2005.999999999997
F3346,9079.0,-0.999964753827514,0.0012934972696892724,-1.0,-1.0,-1.0,-1.0,-0.95,38.20305176761677,1470.227186432368
F3347,9079.0,-0.999964753827514,0.0012934972696892724,-1.0,-1.0,-1.0,-1.0,-0.95,38.20305176761677,1470.227186432368
F3348,3755.0,-1.0,0.0,-1.0,-1.0,-1.0,-1.0,-1.0,0.0,0.0
F3349,9079.0,-0.9999361163123692,0.002001402555719116,-1.0,-1.0,-1.0,-1.0,-0.91,38.79872334884158,1613.0908532937933
F3350,9079.0,-0.9999361163123692,0.002001402555719116,-1.0,-1.0,-1.0,-1.0,-0.91,38.79872334884158,1613.0908532937933
F3351,3755.0,-1.0,0.0,-1.0,-1.0,-1.0,-1.0,-1.0,0.0,0.0
F3352,9079.0,-0.999952637955722,0.001449739373868177,-1.0,-1.0,-1.0,-1.0,-0.91,47.67009596169418,2562.7512023746535
F3353,9079.0,-0.9999713624848552,0.0008776529822327925,-1.0,-1.0,-1.0,-1.0,-0.95,43.25500324789497,2127.84688091473
F3354,9079.0,-0.9999504350699417,0.0015735509349162136,-1.0,-1.0,-1.0,-1.0,-0.91,46.31118782886321,2361.730912217164
F3355,9079.0,-0.999963652384624,0.0014347835373171673,-1.0,-1.0,-1.0,-1.0,-0.91,51.51432381132205,2902.625405573463
F3356,9079.0,-0.999958145170173,0.0016049636313136076,-1.0,-1.0,-1.0,-1.0,-0.86,75.13022951629745,6403.256678089583
F3357,9079.0,-0.9999603480559532,0.0015058717892957492,-1.0,-1.0,-1.0,-1.0,-0.9,53.5466147573168,3155.7430189524816
F3358,9079.0,-0.9999834783566472,0.0006207048273133073,-1.0,-1.0,-1.0,-1.0,-0.95,62.11918240946024,4705.903488591876
F3359,9079.0,-0.9999746668135258,0.000777957891292767,-1.0,-1.0,-1.0,-1.0,-0.94,55.831005254921855,3983.122797200678
F3360,9079.0,-0.9999757682564158,0.0007114297573694809,-1.0,-1.0,-1.0,-1.0,-0.96,37.84070727924528,1687.2061484140816
F3361,9079.0,-0.9999107831258948,0.0058307226808372555,-1.0,-1.0,-1.0,-1.0,-0.46,88.15189223754892,8109.535816861409
F3362,9079.0,-0.9999074787972243,0.006440213308132625,-1.0,-1.0,-1.0,-1.0,-0.4,89.5949497091453,8303.108920008737
F3363,9079.0,-0.9999548408415024,0.001387695144059386,-1.0,-1.0,-1.0,-1.0,-0.92,40.92710732605416,1916.350912681521
F3364,9080.0,-0.9999790748898678,0.0006205377531651912,-1.0,-1.0,-1.0,-1.0,-0.97,33.55581413600614,1233.809425840041
F3365,9080.0,-0.99997577092511,0.0006957354087236707,-1.0,-1.0,-1.0,-1.0,-0.96,36.5344377696028,1610.095791939259
F3366,9080.0,-0.9999900881057269,0.00031469287193623306,-1.0,-1.0,-1.0,-1.0,-0.99,31.721007568559255,1004.4435641972541
F3367,9080.0,-0.9999746696035243,0.0006715280227354118,-1.0,-1.0,-1.0,-1.0,-0.97,30.082336240910593,995.1337520410437
F3368,9080.0,-0.9999713656387665,0.0007265483950404565,-1.0,-1.0,-1.0,-1.0,-0.96,33.20298307798557,1368.2335053049392
F3369,9080.0,-0.9999724669603525,0.0008192203679379701,-1.0,-1.0,-1.0,-1.0,-0.96,40.97711332955663,1902.6410927496966
F3370,9080.0,-0.9999801762114537,0.000491858119749829,-1.0,-1.0,-1.0,-1.0,-0.98,27.6543355454721,858.7873526816791
F3371,9080.0,-0.9999834801762115,0.00043240300264308924,-1.0,-1.0,-1.0,-1.0,-0.98,28.501431294536488,906.94007112946
F3372,9080.0,-0.9999592511013217,0.0009319223291733929,-1.0,-1.0,-1.0,-1.0,-0.94,39.20707900534003,2104.583096606008
F3373,9080.0,-0.9999361233480176,0.0029039579650442116,-1.0,-1.0,-1.0,-1.0,-0.74,80.98249840367997,7114.216728962377
F3374,9080.0,-0.9999493392070483,0.0022108459091028767,-1.0,-1.0,-1.0,-1.0,-0.8,82.55055781775054,7385.526503481864
F3375,9080.0,-0.9999052863436123,0.004152062619414582,-1.0,-1.0,-1.0,-1.0,-0.64,76.32307602709902,6364.802014757019
F3376,9080.0,-0.9999966960352422,0.0002346512883489709,-1.0,-1.0,-1.0,-1.0,-0.98,76.69943259350768,6172.927530444286
F3377,9080.0,-0.9999911894273128,0.0003634494628984599,-1.0,-1.0,-1.0,-1.0,-0.98,45.82120752284007,2266.4714004446387
F3378,9080.0,-0.9999955947136563,0.000209853060311629,-1.0,-1.0,-1.0,-1.0,-0.99,47.620895305660504,2266.248843430373
F3379,9080.0,-0.9999856828193832,0.00048072653629763245,-1.0,-1.0,-1.0,-1.0,-0.98,36.60207492627125,1416.6173119268162
F3380,9080.0,-0.9999856828193832,0.00048072653629763245,-1.0,-1.0,-1.0,-1.0,-0.98,36.60207492627125,1416.6173119268162
F3381,9080.0,-0.9999845814977975,0.000492015934138473,-1.0,-1.0,-1.0,-1.0,-0.98,35.05418956619017,1309.125942832057
F3382,9080.0,-0.9999955947136563,0.0002968097412983644,-1.0,-1.0,-1.0,-1.0,-0.98,67.36838776128516,4537.499118675728
F3383,9080.0,-0.9999889867841409,0.0004921342617191897,-1.0,-1.0,-1.0,-1.0,-0.97,53.541485305181254,3111.253631951562
F3384,9080.0,-0.9999944933920704,0.00027761605904966154,-1.0,-1.0,-1.0,-1.0,-0.98,56.5796044986536,3518.0342778058825
F3385,9080.0,-0.9999889867841409,0.0003316971280182486,-1.0,-1.0,-1.0,-1.0,-0.99,30.088206984624154,903.4992081420519
F3386,9080.0,-0.9999845814977975,0.000492015934138473,-1.0,-1.0,-1.0,-1.0,-0.98,35.05418956619017,1309.125942832057
F3387,9080.0,-0.9999845814977972,0.00039238278279157785,-1.0,-1.0,-1.0,-1.0,-0.99,25.412326349561248,643.9281648490852
F3388,9080.0,-0.9999955947136563,0.0002968097412983644,-1.0,-1.0,-1.0,-1.0,-0.98,67.36838776128516,4537.499118675728
F3389,9080.0,-0.9999889867841409,0.0004921342617191897,-1.0,-1.0,-1.0,-1.0,-0.97,53.541485305181254,3111.253631951562
F3390,9080.0,-0.9999944933920704,0.00027761605904966154,-1.0,-1.0,-1.0,-1.0,-0.98,56.5796044986536,3518.0342778058825
F3391,9080.0,-0.9999889867841409,0.0003316971280182486,-1.0,-1.0,-1.0,-1.0,-0.99,30.088206984624154,903.4992081420519
F3392,9080.0,-0.9999845814977975,0.000492015934138473,-1.0,-1.0,-1.0,-1.0,-0.98,35.05418956619017,1309.125942832057
F3393,9080.0,-0.9999845814977972,0.00039238278279157785,-1.0,-1.0,-1.0,-1.0,-0.99,25.412326349561248,643.9281648490852
F3394,9080.0,-0.9999889867841409,0.0003316971280182486,-1.0,-1.0,-1.0,-1.0,-0.99,30.088206984624154,903.4992081420519
F3395,3237.0,-1.0,0.0,-1.0,-1.0,-1.0,-1.0,-1.0,0.0,0.0
F3396,9080.0,-0.9999889867841409,0.0003316971280182486,-1.0,-1.0,-1.0,-1.0,-0.99,30.088206984624154,903.4992081420519
F3397,9080.0,-0.9999867841409693,0.0003633159350410204,-1.0,-1.0,-1.0,-1.0,-0.99,27.457550371435982,752.0827293442615
F3398,3237.0,-1.0,0.0,-1.0,-1.0,-1.0,-1.0,-1.0,0.0,0.0
F3399,9080.0,-0.9999867841409693,0.0003633159350410204,-1.0,-1.0,-1.0,-1.0,-0.99,27.457550371435982,752.0827293442615
F3400,9080.0,-0.9999889867841412,0.0004196540934468806,-1.0,-1.0,-1.0,-1.0,-0.97,50.60421831314483,3118.9535100972425
F3401,8971.0,-0.9999598706944599,0.0021271078718653053,-1.0,-1.0,-1.0,-1.0,-0.83,67.09619855584042,4939.342587966768
F3402,9080.0,-0.9999889867841412,0.0004196540934468806,-1.0,-1.0,-1.0,-1.0,-0.97,50.60421831314483,3118.9535100972425
F3403,9080.0,-0.9999746696035243,0.0008326267598149148,-1.0,-1.0,-1.0,-1.0,-0.96,40.94279509237362,1842.645239027797
F3404,8971.0,-0.9999821647530933,0.0011944290212435112,-1.0,-1.0,-1.0,-1.0,-0.89,87.77163814450522,8026.840882687249
F3405,9080.0,-0.9999746696035243,0.0008839585693768547,-1.0,-1.0,-1.0,-1.0,-0.95,43.77661539539627,2113.0646795960556
F3406,9080.0,-0.9999911894273128,0.00029671163858826496,-1.0,-1.0,-1.0,-1.0,-0.99,33.65078009211012,1130.6240368965448
F3407,9079.0,-0.9999306090979182,0.0030028312213432906,-1.0,-1.0,-1.0,-1.0,-0.74,74.38543333136609,6240.777498159466
F3408,9080.0,-0.9999922907488987,0.0002775636201203802,-1.0,-1.0,-1.0,-1.0,-0.99,35.98015195584538,1292.8561047912335
F3409,9080.0,-0.9999614537444933,0.0013144502121133226,-1.0,-1.0,-1.0,-1.0,-0.92,47.305590909186655,2534.9241435713498
F3410,9079.0,-0.9999306090979182,0.0032427029905154757,-1.0,-1.0,-1.0,-1.0,-0.72,74.49271480493871,6202.966862033642
F3411,9080.0,-0.9999801762114537,0.000839363106076278,-1.0,-1.0,-1.0,-1.0,-0.93,68.11416008601466,5408.5619759907195
F3412,9080.0,-0.9999691629955947,0.0021760637403856592,-1.0,-1.0,-1.0,-1.0,-0.8,86.92297211101268,7888.332257220683
F3413,9080.0,-0.9999702643171806,0.0010543116289145715,-1.0,-1.0,-1.0,-1.0,-0.92,57.16435403653922,3923.4441930280705
F3414,9080.0,-0.9999669603524229,0.0022894926116365827,-1.0,-1.0,-1.0,-1.0,-0.79,86.37666402009948,7821.709571072557
F3415,9080.0,-0.9999251101321586,0.004776639778610922,-1.0,-1.0,-1.0,-1.0,-0.65,67.95741626525076,4667.319773053624
F3416,9080.0,-0.9999504405286342,0.003516638628727499,-1.0,-1.0,-1.0,-1.0,-0.67,91.34394043509181,8543.109894411402
F3417,9080.0,-0.9999471365638767,0.004018004220934463,-1.0,-1.0,-1.0,-1.0,-0.62,93.24054254970291,8810.064662164885
F3418,9080.0,-0.9999867841409693,0.00039246315299458853,-1.0,-1.0,-1.0,-1.0,-0.98,32.70342246261822,1200.473556268974
F3419,9080.0,-0.9999856828193832,0.0004572407953113939,-1.0,-1.0,-1.0,-1.0,-0.98,35.63201547282842,1379.385664812744
F3420,9080.0,-0.9999724669603525,0.0006377897126794599,-1.0,-1.0,-1.0,-1.0,-0.97,28.32153925178362,957.9390925186892
F3421,9080.0,-0.9999801762114537,0.000593353772198721,-1.0,-1.0,-1.0,-1.0,-0.97,34.706220392392275,1343.919695056084
F3422,9080.0,-0.999979074889868,0.0006025265515307861,-1.0,-1.0,-1.0,-1.0,-0.98,30.618415760516648,971.1672692559495
F3423,9080.0,-0.9999713656387667,0.0006631418695279101,-1.0,-1.0,-1.0,-1.0,-0.96,34.62605888532555,1655.2066179539438
F3424,9080.0,-0.9999856828193832,0.0005245528746543715,-1.0,-1.0,-1.0,-1.0,-0.97,46.478798069012726,2452.1643645565296
F3425,9080.0,-0.9999724669603525,0.0011152902376248145,-1.0,-1.0,-1.0,-1.0,-0.93,56.23002952308611,3439.958140641845
F3426,9080.0,-0.9999911894273126,0.00033176294892205203,-1.0,-1.0,-1.0,-1.0,-0.98,42.15816638138063,1994.035420075811
F3427,9080.0,-0.9999933920704844,0.00025698813954979933,-1.0,-1.0,-1.0,-1.0,-0.99,38.869437224950005,1509.165565466708
F3428,9080.0,-0.9999856828193832,0.0006382232094890489,-1.0,-1.0,-1.0,-1.0,-0.95,61.38069270984232,4382.451829023863
F3429,9080.0,-0.9999955947136563,0.00020985306031162903,-1.0,-1.0,-1.0,-1.0,-0.99,47.620895305660504,2266.248843430373
F3430,9080.0,-0.999987885462555,0.0004573044619866122,-1.0,-1.0,-1.0,-1.0,-0.98,40.23945595178368,1681.2327482873534
F3431,9080.0,-0.9999889867841412,0.0005140281989945832,-1.0,-1.0,-1.0,-1.0,-0.97,51.84877982513824,2834.2213039113553
F3432,9080.0,-0.9999702643171806,0.0009671308848520524,-1.0,-1.0,-1.0,-1.0,-0.93,52.885174336899354,3393.256164865386
F3433,9080.0,-0.99997577092511,0.0006957354087236707,-1.0,-1.0,-1.0,-1.0,-0.96,36.53443776960282,1610.095791939259
F3434,9080.0,-0.9999746696035243,0.0006715280227354118,-1.0,-1.0,-1.0,-1.0,-0.97,30.082336240910596,995.1337520410436
F3435,9080.0,-0.9999603524229074,0.001167997037805473,-1.0,-1.0,-1.0,-1.0,-0.93,43.871452950441004,2281.7340790623557
F3436,9080.0,-0.999963656387665,0.0010747995306348648,-1.0,-1.0,-1.0,-1.0,-0.92,53.935659301344494,3624.577190062747
F3437,9080.0,-0.9999658590308369,0.0013394723501600199,-1.0,-1.0,-1.0,-1.0,-0.89,65.70568658991863,5099.695782683153
F3438,9080.0,-0.9999625550660792,0.00098380255430225,-1.0,-1.0,-1.0,-1.0,-0.93,47.55418562208875,2987.643693622997
F3439,9080.0,-0.9999691629955948,0.0008123513454980523,-1.0,-1.0,-1.0,-1.0,-0.96,36.466228556888495,1570.7266084995483
F3440,9080.0,-0.9999757709251103,0.0009265734410262267,-1.0,-1.0,-1.0,-1.0,-0.94,49.500902783432174,2728.222007733252
F3441,9080.0,-0.9999647577092511,0.0009380363299416387,-1.0,-1.0,-1.0,-1.0,-0.93,52.20926043079319,3553.6907815679006
F3442,9080.0,-0.9999845814977975,0.000492015934138473,-1.0,-1.0,-1.0,-1.0,-0.98,35.05418956619015,1309.1259428320573
F3443,8836.0,-0.9999637845178815,0.0017988366688350768,-1.0,-1.0,-1.0,-1.0,-0.89,56.22748557540155,3303.6616536769097
F3444,9080.0,-0.9999845814977975,0.000492015934138473,-1.0,-1.0,-1.0,-1.0,-0.98,35.05418956619015,1309.1259428320573
F3445,9080.0,-0.9999812775330397,0.0005244141046620434,-1.0,-1.0,-1.0,-1.0,-0.98,31.21258535002259,1056.367326151667
F3446,8836.0,-0.9999932095971026,0.0005424370770417997,-1.0,-1.0,-1.0,-1.0,-0.95,89.337053335279,8182.170843543044
F3447,9080.0,-0.9999812775330397,0.0005244141046620434,-1.0,-1.0,-1.0,-1.0,-0.98,31.21258535002259,1056.367326151667
F3448,2006.0,-0.9999401794616152,0.002679265684134639,-1.0,-1.0,-1.0,-1.0,-0.88,44.7883913531174,2006.0000000000007
F3449,0.0,,,,,,,,,
F3450,2006.0,-0.9999401794616152,0.002679265684134639,-1.0,-1.0,-1.0,-1.0,-0.88,44.7883913531174,2006.0000000000007
F3451,2006.0,-0.9999351944167497,0.0029025378244791926,-1.0,-1.0,-1.0,-1.0,-0.87,44.78839135311733,2005.999999999997
F3452,0.0,,,,,,,,,
F3453,2006.0,-0.9999351944167497,0.0029025378244791926,-1.0,-1.0,-1.0,-1.0,-0.87,44.78839135311733,2005.999999999997
F3454,9080.0,-0.9999724669603525,0.0011053702801946026,-1.0,-1.0,-1.0,-1.0,-0.92,53.35406529323192,3360.423554057434
F3455,9080.0,-0.9999724669603525,0.0011053702801946026,-1.0,-1.0,-1.0,-1.0,-0.92,53.35406529323192,3360.423554057434
F3456,3763.0,-1.0,0.0,-1.0,-1.0,-1.0,-1.0,-1.0,0.0,0.0
F3457,9080.0,-0.999942731277533,0.0015836697009826458,-1.0,-1.0,-1.0,-1.0,-0.93,35.117785036216624,1346.030827695662
F3458,9080.0,-0.999942731277533,0.0015836697009826458,-1.0,-1.0,-1.0,-1.0,-0.93,35.117785036216624,1346.030827695662
F3459,3763.0,-1.0,0.0,-1.0,-1.0,-1.0,-1.0,-1.0,0.0,0.0
F3460,9080.0,-0.9999559471365639,0.001570124582792079,-1.0,-1.0,-1.0,-1.0,-0.9,53.309258861845166,3113.094392275437
F3461,9080.0,-0.9999779735682821,0.000798969122792442,-1.0,-1.0,-1.0,-1.0,-0.95,45.710722408516084,2355.913250131601
F3462,9080.0,-0.9999504405286342,0.0017585784343301543,-1.0,-1.0,-1.0,-1.0,-0.89,52.23891964236446,2986.988760954101
F3463,9080.0,-0.9999680616740088,0.0012457986619602405,-1.0,-1.0,-1.0,-1.0,-0.92,52.51458198978994,3048.6327080356796
F3464,9080.0,-0.9999614537444935,0.0014725340458540226,-1.0,-1.0,-1.0,-1.0,-0.87,77.10549155855026,6699.081460117704
F3465,9080.0,-0.9999581497797355,0.001415229460649895,-1.0,-1.0,-1.0,-1.0,-0.91,51.75934722659378,3001.605881886713
F3466,9080.0,-0.9999801762114537,0.000646649265362314,-1.0,-1.0,-1.0,-1.0,-0.95,56.13310032149909,4011.6667166635693
F3467,9080.0,-0.9999724669603525,0.0008838926972563114,-1.0,-1.0,-1.0,-1.0,-0.94,48.88408775855439,2871.0256606229477
F3468,9080.0,-0.9999812775330397,0.0006551428529676204,-1.0,-1.0,-1.0,-1.0,-0.96,44.18611592274956,2235.4934043130584
F3469,9080.0,-0.999963656387665,0.0014948605498290959,-1.0,-1.0,-1.0,-1.0,-0.92,46.132540167898036,2246.302822513223
F3470,9080.0,-0.9999614537444935,0.0015946307092435242,-1.0,-1.0,-1.0,-1.0,-0.91,49.13092256048631,2535.2537897367965
F3471,9080.0,-0.9999702643171806,0.0011823485790209648,-1.0,-1.0,-1.0,-1.0,-0.92,52.913818312867754,3135.8811522272854
F3472,9074.0,1.8606953934317836,12.530258649625939,-1.0,-1.0,-1.0,-1.0,283.77,11.46599756264852,196.61572883521487
F3473,9074.0,0.9366707075159796,11.190906463318576,-1.0,-1.0,-1.0,-1.0,275.42,11.945210210891657,202.25165611465934
F3474,9074.0,6.283662111527441,31.961037437066544,-1.0,-1.0,-1.0,-1.0,586.28,8.132346811047562,94.89761341138838
F3475,9074.0,2.077849900815517,24.787391743745534,-1.0,-1.0,-1.0,-1.0,1085.58,24.56616123591312,809.7357012791308
F3476,9074.0,0.8234119462199692,29.370004608077824,-1.0,-1.0,-1.0,-1.0,1960.96,44.56207518348273,2565.22147930848
F3477,9074.0,7.34180405554331,152.5657700592048,-1.0,-1.0,-1.0,-1.0,13877.97,83.28735310034611,7535.533727228537
F3478,9074.0,0.43653405333921097,15.08569236054918,-1.0,-1.0,-1.0,-1.0,772.2,28.124211161026633,1084.5104063540077
F3479,9074.0,0.3875380207185365,16.222682564305114,-1.0,-1.0,-1.0,-1.0,577.02,20.933587509093858,547.3879919752379
F3480,9074.0,0.48625303063698483,16.991654131640313,-1.0,-1.0,-1.0,-1.0,993.11,32.53762863463023,1510.912160427092
F3481,9074.0,1.5481904342076263,63.40407473107541,-1.0,-1.0,-1.0,-1.0,4867.88,57.834130566505046,4050.340087037471
F3482,9074.0,0.7216376460216002,29.057952732472376,-1.0,-1.0,-1.0,-1.0,1384.99,29.54614794854698,1068.2234460517818
F3483,9074.0,2.276779810447432,105.3137295568104,-1.0,-1.0,-1.0,-1.0,7608.8,58.865334590036085,3822.691512945701
F3484,9074.0,-0.027296671809565787,0.15455692044554087,-1.0,0.0,0.02,0.03,0.07,-3.8869912503322053,17.10838016220959
F3485,9074.0,-0.2080736169274851,0.5104246375053382,-1.0,-0.58,-0.26,0.13,1.99,0.6502255390369156,0.5582999355647473
F3486,9074.0,0.17757659246197927,0.5444747477513129,-1.0,-0.17,0.19,0.57,1.49,-0.14161668590944113,-0.3297204082303655
F3487,9074.0,0.6251950628168393,19.822497498738237,-1.0,-0.99,-0.93,-0.52,1549.37,57.77582528526214,4217.934359891577
F3488,9074.0,0.6018294026890015,20.0722686683747,-1.0,-1.0,-0.96,-0.62,1567.12,57.273052564391364,4181.273757933931
F3489,9074.0,0.8698677540224816,21.033191269954507,-1.0,-0.99,-0.91,-0.51,1531.96,50.68492866062461,3322.862156909262
F3490,9074.0,-0.07746418338108882,0.27638571063789485,-1.0,-0.03,0.03,0.06,0.16,-2.2889521153549306,4.256291078221006
F3491,9074.0,-0.2774377341855852,0.5499910049382992,-1.0,-0.71,-0.33,0.07,2.42,0.7637365048950127,0.9041358719366364
F3492,9074.0,0.13780471677319814,0.6013037811145405,-1.0,-0.24,0.17,0.57,1.67,-0.13774055300968516,-0.542422616890367
F3493,9074.0,0.8526096539563588,25.727461116162942,-1.0,-0.99,-0.92,-0.53,1954.73,56.08050931063591,3895.2514908902035
F3494,9074.0,0.6319296892219528,27.81715081169184,-1.0,-1.0,-0.97,-0.69,2291.05,65.16031414894611,5129.640381118398
F3495,9074.0,1.4169969142605243,29.37962161418438,-1.0,-0.98,-0.87,-0.4125,1703.69,44.597529971358576,2399.088750156067
F3496,9074.0,-0.07746418338108882,0.27638571063789485,-1.0,-0.03,0.03,0.06,0.16,-2.2889521153549306,4.256291078221006
F3497,9074.0,-0.2774377341855852,0.5499910049382992,-1.0,-0.71,-0.33,0.07,2.42,0.7637365048950127,0.9041358719366364
F3498,9074.0,0.13780471677319814,0.6013037811145405,-1.0,-0.24,0.17,0.57,1.67,-0.13774055300968516,-0.542422616890367
F3499,9074.0,0.8526096539563588,25.727461116162942,-1.0,-0.99,-0.92,-0.53,1954.73,56.08050931063591,3895.2514908902035
F3500,9074.0,0.6319296892219528,27.81715081169184,-1.0,-1.0,-0.97,-0.69,2291.05,65.16031414894611,5129.640381118398
F3501,9074.0,1.4169969142605243,29.37962161418438,-1.0,-0.98,-0.87,-0.4125,1703.69,44.597529971358576,2399.088750156067
F3502,9074.0,0.5074917346264051,6.844655575183774,-1.0,-1.0,-1.0,-1.0,130.83,8.363475408470984,96.64104428124465
F3503,0.0,,,,,,,,,
F3504,9074.0,0.5074917346264051,6.844655575183774,-1.0,-1.0,-1.0,-1.0,130.83,8.363475408470984,96.64104428124465
F3505,9074.0,0.4554011461318052,7.451975124179248,-1.0,-1.0,-1.0,-1.0,314.54,14.061121395239494,402.27817125823293
F3506,0.0,,,,,,,,,
F3507,9074.0,0.4554011461318052,7.451975124179248,-1.0,-1.0,-1.0,-1.0,314.54,14.061121395239494,402.27817125823293
F3508,9074.0,2.9753537579898612,21.4879585069722,-1.0,-1.0,-1.0,-1.0,549.07,9.755658908210982,135.9395141314682
F3509,7729.0,-0.10673696467848366,61.6571792437116,-1.0,-1.0,-1.0,-1.0,5313.29,83.31592692117613,7145.168953120909
F3510,9074.0,2.9986786422746308,21.593808391182563,-1.0,-1.0,-1.0,-1.0,549.07,9.705243982481056,134.2056729725888
F3511,9074.0,1.3371567114833591,39.880727459356116,-1.0,-1.0,-1.0,-1.0,2409.88,39.83992194717873,2005.1414066440375
F3512,7729.0,1.8733251390865566,200.3622240430858,-1.0,-1.0,-1.0,-1.0,16793.44,78.59652587403363,6449.047962481718
F3513,9074.0,1.3203460436411725,40.535768544329976,-1.0,-1.0,-1.0,-1.0,2494.3,41.33224982475356,2134.0315175730266
F3514,9074.0,2.388111086621115,13.131523289143288,-1.0,-1.0,-1.0,-1.0,153.48,5.497819722618092,37.25011860606675
F3515,9071.0,0.26414948737735633,35.099943342197875,-1.0,-1.0,-1.0,-1.0,1753.56,38.2769667973561,1622.291086127959
F3516,9074.0,2.541287194181177,14.043460917860644,-1.0,-1.0,-1.0,-1.0,176.78,5.819914668061241,42.96024882183308
F3517,9074.0,-0.018027330835353773,27.255686388010176,-1.0,-1.0,-1.0,-1.0,1719.39,50.86199234982575,2839.739954683382
F3518,9071.0,0.37940469628486384,46.17218467880659,-1.0,-1.0,-1.0,-1.0,2980.13,46.78678592492526,2537.6194521287475
F3519,9074.0,-0.35240908089045625,9.76400092974245,-1.0,-1.0,-1.0,-1.0,477.12,30.440780855009454,1145.080507498854
F3520,9074.0,0.946251928587172,17.4470804259454,-1.0,-1.0,-1.0,-1.0,489.26,16.376531652161816,329.8360258294921
F3521,8979.0,0.30874373538255934,39.13117512517813,-1.0,-1.0,-1.0,-1.0,2687.99,47.975620462331236,2810.5209684252623
F3522,9074.0,1.0154198809786203,18.15882278237954,-1.0,-1.0,-1.0,-1.0,468.38,16.22565131012391,319.20882039690696
F3523,9074.0,0.10854309014767469,26.831054021961616,-1.0,-1.0,-1.0,-1.0,1981.73,52.5434100462756,3479.3076714414296
F3524,8979.0,-0.26993206370419864,21.634691700878076,-1.0,-1.0,-1.0,-1.0,1319.89,40.95338082847207,1992.1078528262003
F3525,9074.0,0.3702226140621556,40.077454639337574,-1.0,-1.0,-1.0,-1.0,2852.69,54.227764197297624,3405.6065055667377
F3526,9074.0,-0.2422977738593784,0.9719516461019567,-1.0,-1.0,-0.66,0.15,8.29,1.5872924079233495,2.752123936017965
F3527,9074.0,-0.15692307692307694,1.2177919650646793,-1.0,-1.0,-0.71,0.29,7.21,1.9977518821202807,4.5123630200601355
F3528,9074.0,-0.3134538241128499,1.4095373583374493,-1.0,-1.0,-1.0,-0.29,17.71,3.0327825615489017,13.932516759476552
F3529,9074.0,1.2056149437954597,48.01647340259958,-1.0,-1.0,-0.98,-0.74,4172.3,74.65373058228978,6321.8447332940605
F3530,9074.0,0.8728730438615824,47.390930779619474,-1.0,-1.0,-0.99,-0.84,4178.4,77.46349830733071,6688.875601524409
F3531,9074.0,1.6662938064800528,53.10674358478981,-1.0,-1.0,-1.0,-0.9,4166.2,60.687088157550754,4395.410231816314
F3532,9074.0,-0.03663874807141282,0.7252939128256517,-1.0,-1.0,0.17,0.57,1.36,-0.19733481489677726,-1.4469503646018396
F3533,9074.0,-0.3367665858496804,0.8403323000318925,-1.0,-1.0,-0.67,0.08,6.68,1.6567679898832108,3.6195264902508826
F3534,9074.0,0.3694291381970465,1.4465917500368777,-1.0,-1.0,0.14,1.21,5.75,0.9056051443586542,-0.04913670463877118
F3535,9074.0,0.4580813312761737,2.712294070825839,-1.0,-1.0,-0.36,0.56,45.64,4.871024503653625,38.28563997204789
F3536,9074.0,-0.13154066563808683,2.026903756045619,-1.0,-1.0,-0.84,-0.05,70.51,11.066670850095615,277.79527610410463
F3537,9074.0,1.1568745867313202,5.0940033616351315,-1.0,-1.0,-0.47,0.92,89.93,5.826021280319787,50.42030474753962
F3538,9074.0,0.159901917566674,2.1968466126303396,-1.0,-1.0,-0.99,0.39,30.71,3.46738201954807,20.232828151767333
F3539,9074.0,0.08266585849680405,2.219499811412576,-1.0,-1.0,-1.0,0.15,32.12,3.7011932058029204,21.575327795161453
F3540,9074.0,0.8601113070310777,12.727862072647008,-1.0,-1.0,-1.0,-1.0,319.47,17.574364992292963,383.40495428146795
F3541,9074.0,1.582884064359709,61.78524931372519,-1.0,-1.0,-1.0,-0.89,5543.79,80.66267622565168,7151.006917135036
F3542,9074.0,1.2004959224156933,61.79348183458416,-1.0,-1.0,-1.0,-0.93,5582.25,82.34623643857255,7351.998666766719
F3543,9074.0,2.892228344721181,77.08442919049382,-1.0,-1.0,-1.0,-1.0,5505.73,54.15393403327283,3469.5705268795186
F3544,9074.0,-0.36159025787965615,2.603389251515346,-1.0,-1.0,-1.0,-1.0,41.25,6.626534550734831,56.36555453735672
F3545,9074.0,-0.31718205862905,5.823981800115125,-1.0,-1.0,-1.0,-1.0,207.51,17.970905202084136,441.888678751868
F3546,9074.0,-0.19716773198148557,3.7520776567203633,-1.0,-1.0,-1.0,-1.0,56.07,7.5752560456351885,72.6330851059481
F3547,9074.0,1.4917941370949968,25.5493565617586,-1.0,-1.0,-1.0,-1.0,1451.31,31.06180526583727,1392.9334015390598
F3548,9074.0,0.8942208507824554,34.85813014653916,-1.0,-1.0,-1.0,-1.0,2291.53,44.543795967595955,2481.9179663790806
F3549,9074.0,1.861091029314525,34.00010167579472,-1.0,-1.0,-1.0,-1.0,2232.2,39.525776606245714,2222.7760358296655
F3550,9074.0,0.7101344500771435,19.087223639788977,-1.0,-1.0,-1.0,-1.0,754.38,22.235615202175183,671.2543937141646
F3551,7779.0,-0.48380511633886103,45.52768642753143,-1.0,-1.0,-1.0,-1.0,4014.48,88.19863944528856,7779.000000000004
F3552,9074.0,0.7126923076923077,19.137446247717158,-1.0,-1.0,-1.0,-1.0,755.97,22.233571006491484,670.5844393183621
F3553,9074.0,1.25198258761296,35.85898300825832,-1.0,-1.0,-1.0,-1.0,1424.18,27.469202898660743,894.1942403792519
F3554,7779.0,-0.999967862193084,0.0028345108447515263,-1.0,-1.0,-1.0,-1.0,-0.75,88.19863944528849,7779.000000000003
F3555,9074.0,1.2661979281463522,36.128948871949255,-1.0,-1.0,-1.0,-1.0,1446.96,27.51055464861676,896.7840634061437
F3556,2004.0,-0.9848403193612774,0.6786391513937221,-1.0,-1.0,-1.0,-1.0,29.38,44.76605857119878,2003.9999999999993
F3557,0.0,,,,,,,,,
F3558,2004.0,-0.9848403193612774,0.6786391513937221,-1.0,-1.0,-1.0,-1.0,29.38,44.76605857119878,2003.9999999999993
F3559,2004.0,-0.9841367265469062,0.7101362285321405,-1.0,-1.0,-1.0,-1.0,30.79,44.76605857119876,2003.9999999999986
F3560,0.0,,,,,,,,,
F3561,2004.0,-0.9841367265469062,0.7101362285321405,-1.0,-1.0,-1.0,-1.0,30.79,44.76605857119876,2003.9999999999986
F3562,9074.0,2.65582323121005,102.77629308219817,-1.0,-1.0,-1.0,-1.0,8108.19,62.36047187104491,4551.626318113769
F3563,9074.0,2.6730394533832924,103.45704480232263,-1.0,-1.0,-1.0,-1.0,8165.71,62.43161990567006,4559.800433322654
F3564,3752.0,-1.0,0.0,-1.0,-1.0,-1.0,-1.0,-1.0,0.0,0.0
F3565,9074.0,7.5397388141944015,663.7920151188079,-1.0,-1.0,-1.0,-1.0,62802.06,93.42781211914135,8830.489402741714
F3566,9074.0,7.546287194181176,664.387677085385,-1.0,-1.0,-1.0,-1.0,62859.16,93.4308611213042,8830.904942504134
F3567,3752.0,-1.0,0.0,-1.0,-1.0,-1.0,-1.0,-1.0,0.0,0.0
F3568,9074.0,0.5697002424509587,9.027152486908353,-1.0,-1.0,-1.0,-1.0,128.62,9.701127102776459,112.28562877155748
F3569,9074.0,1.3572404672691205,30.491314019035645,-1.0,-1.0,-1.0,-1.0,1495.43,26.42779116388779,965.1200933204786
F3570,9074.0,0.4776867974432445,9.647279391796605,-1.0,-1.0,-1.0,-1.0,172.15,11.50014861549823,163.58679849425107
F3571,9074.0,3.7982212916023803,122.07500116183553,-1.0,-1.0,-1.0,-1.0,10882.29,78.9949672301513,6961.999488049502
F3572,9074.0,9.174418117698922,447.7483342628253,-1.0,-1.0,-1.0,-1.0,40234.39,81.53454130796729,7208.377799062601
F3573,9074.0,2.5661240908089042,46.015157185379,-1.0,-1.0,-1.0,-1.0,1522.44,21.885417108192176,574.3929948995054
F3574,9074.0,0.6446881199030196,8.157759245353153,-1.0,-1.0,-1.0,-1.0,180.95,9.489243186926663,124.92864713050903
F3575,9074.0,1.143533171699361,22.30136322490723,-1.0,-1.0,-1.0,-1.0,951.09,22.079159922606365,671.0036508546924
F3576,9074.0,0.5133337006832709,7.939408008231324,-1.0,-1.0,-1.0,-1.0,179.95,9.63270686491162,131.40783602945405
F3577,9074.0,1.7452270222614064,212.87846381641577,-1.0,-1.0,-1.0,-1.0,20230.8,94.61527110065016,8990.227757906705
F3578,9074.0,1.7897707736389687,225.52738953359597,-1.0,-1.0,-1.0,-1.0,21439.58,94.7030544605675,9001.574198355804
F3579,9074.0,-0.15894754242891784,19.922768797257945,-1.0,-1.0,-1.0,-1.0,1373.83,53.55045823873512,3287.530030690991
F3580,9079.0,2.31414252670999,14.77838282680138,-1.0,-1.0,-1.0,-0.65,353.13,11.574104088194982,201.58754301279322
F3581,9079.0,1.348999889855711,13.89419936120294,-1.0,-1.0,-1.0,-1.0,322.82,12.670862619650965,221.91210947042413
F3582,9079.0,7.615191100341448,35.64050780302868,-1.0,-1.0,-1.0,-1.0,780.43,7.5860817218532555,85.27584705136061
F3583,9079.0,2.7263035576605352,31.007989600283125,-1.0,-1.0,-1.0,-0.95,1510.29,25.328568445716353,906.7067576665338
F3584,9079.0,1.1555215332085031,35.57859113695711,-1.0,-1.0,-1.0,-1.0,2203.11,41.303009079507596,2154.3941397871026
F3585,9079.0,8.887309175019276,157.93045433532214,-1.0,-1.0,-1.0,-1.0,14035.49,78.1046182559799,6865.79983646524
F3586,9079.0,0.5523284502698536,16.257313672601878,-1.0,-1.0,-1.0,-1.0,1038.97,36.33082371390214,1963.1527052890253
F3587,9079.0,0.5211410948342329,17.41260370058562,-1.0,-1.0,-1.0,-1.0,860.23,26.417219492796615,963.492490757671
F3588,9079.0,0.5700561735873994,17.996883883877818,-1.0,-1.0,-1.0,-1.0,1230.7,41.96727096386447,2526.984066738737
F3589,9079.0,1.4549531886771672,49.21794682314705,-1.0,-1.0,-1.0,-1.0,3566.79,51.77989193113606,3329.6869316550064
F3590,9079.0,1.088764181077211,30.172522493654835,-1.0,-1.0,-1.0,-1.0,1254.68,26.54569839553956,852.028111745585
F3591,9079.0,1.7656889525278112,75.9856335404639,-1.0,-1.0,-1.0,-1.0,5741.48,59.874942984201994,4097.551190454822
F3592,9079.0,-0.023445313360502252,0.14834871009984735,-1.0,0.0,0.02,0.04,0.07,-3.6767050609118272,15.536281943884216
F3593,9079.0,-0.20199691595990749,0.4856395469309029,-1.0,-0.56,-0.26,0.11,1.98,0.6837451310629119,0.6628429529104798
F3594,9079.0,0.17884789073686527,0.5351760358947552,-1.0,-0.16,0.19,0.55,1.51,-0.15649512408756877,-0.33342500381927387
F3595,9079.0,0.508574732900099,13.478579908227765,-1.0,-0.99,-0.94,-0.52,854.9,38.47247273311182,2038.8537666617572
F3596,9079.0,0.5026192311928627,13.39760718934329,-1.0,-1.0,-0.96,-0.58,829.43,36.61726977040242,1862.0090966858288
F3597,9079.0,0.6874512611521093,14.980074797429086,-1.0,-0.99,-0.92,-0.54,882.05,35.85832393170949,1740.6441743704918
F3598,9079.0,-0.07969049454785768,0.2679919350905793,-1.0,-0.04,0.03,0.06,0.15,-2.2804139381641573,4.31034981530339
F3599,9079.0,-0.2693633660094724,0.5272211086502758,-1.0,-0.67,-0.32,0.06,2.39,0.7747088449837605,1.0602946386917131
F3600,9079.0,0.13304879392003524,0.5911754312781011,-1.0,-0.24,0.16,0.55,1.59,-0.15416404256830168,-0.5483896690780998
F3601,9079.0,0.6647714506002865,18.24669666072476,-1.0,-0.99,-0.93,-0.53,1041.86,37.76093867975784,1760.4998973744248
F3602,9079.0,0.469768696993061,17.81016265196947,-1.0,-1.0,-0.96,-0.66,1126.31,39.83729844315503,2068.1071468387386
F3603,9079.0,1.1551217094393655,23.266937787124498,-1.0,-0.98,-0.88,-0.43,1425.61,39.64729175293009,2010.778120193204
F3604,9079.0,-0.07969049454785768,0.2679919350905793,-1.0,-0.04,0.03,0.06,0.15,-2.2804139381641573,4.31034981530339
F3605,9079.0,-0.2693633660094724,0.5272211086502758,-1.0,-0.67,-0.32,0.06,2.39,0.7747088449837605,1.0602946386917131
F3606,9079.0,0.13304879392003524,0.5911754312781011,-1.0,-0.24,0.16,0.55,1.59,-0.15416404256830168,-0.5483896690780998
F3607,9079.0,0.6647714506002865,18.24669666072476,-1.0,-0.99,-0.93,-0.53,1041.86,37.76093867975784,1760.4998973744248
F3608,9079.0,0.469768696993061,17.81016265196947,-1.0,-1.0,-0.96,-0.66,1126.31,39.83729844315503,2068.1071468387386
F3609,9079.0,1.1551217094393655,23.266937787124498,-1.0,-0.98,-0.88,-0.43,1425.61,39.64729175293009,2010.778120193204
F3610,9079.0,0.7758001982597204,7.911320481188028,-1.0,-1.0,-1.0,-1.0,237.43,10.304726256681118,172.41103979792487
F3611,7.0,-1.0,0.0,-1.0,-1.0,-1.0,-1.0,-1.0,0.0,0.0
F3612,9079.0,0.7758012997026105,7.91132164093718,-1.0,-1.0,-1.0,-1.0,237.43,10.30472177021022,172.41093185003305
F3613,9079.0,0.6437559202555347,7.725812848695526,-1.0,-1.0,-1.0,-1.0,258.8,11.1199915445124,212.83294846844643
F3614,7.0,-1.0,0.0,-1.0,-1.0,-1.0,-1.0,-1.0,0.0,0.0
F3615,9079.0,0.643757021698425,7.725815153002573,-1.0,-1.0,-1.0,-1.0,258.8,11.119983038913945,212.83268984929651
F3616,9079.0,3.4865150346954508,22.746780282310006,-1.0,-1.0,-1.0,-1.0,648.54,9.881065324202295,150.6302589246848
F3617,7736.0,-0.040535160289555255,44.73879527214208,-1.0,-1.0,-1.0,-1.0,3425.55,66.21199441491449,4754.965227096227
F3618,9079.0,3.5134111686309066,22.85425795324658,-1.0,-1.0,-1.0,-1.0,648.54,9.821377424673114,148.49182711329462
F3619,9079.0,1.6704427800418546,39.15885585471862,-1.0,-1.0,-1.0,-1.0,2232.04,34.828218826304884,1603.9417444107055
F3620,7736.0,-0.43402662874870734,30.882159718273694,-1.0,-1.0,-1.0,-1.0,2265.65,64.57532267637906,4373.274784664239
F3621,9079.0,1.769531886771671,41.83090207697572,-1.0,-1.0,-1.0,-1.0,2429.38,36.16063397938922,1712.2312107388957
F3622,9079.0,2.5578918383081835,13.456606729309732,-1.0,-1.0,-1.0,-1.0,170.25,5.602113562730948,39.82820767737429
F3623,9078.0,0.15714694866710732,29.346778681529948,-1.0,-1.0,-1.0,-1.0,1450.44,36.90203611911947,1542.5541751448504
F3624,9079.0,2.7321610309505453,14.40222578863941,-1.0,-1.0,-1.0,-1.0,192.62,5.917875360700316,45.89945810095675
F3625,9079.0,-0.18241766714395857,16.617943864278004,-1.0,-1.0,-1.0,-1.0,1011.24,41.852819275227496,2143.9284810568174
F3626,9078.0,0.004562679004185977,27.84751061082064,-1.0,-1.0,-1.0,-1.0,1265.74,33.96809903004754,1268.9025792406992
F3627,9079.0,-0.23412270073796673,10.023271938179496,-1.0,-1.0,-1.0,-1.0,427.39,25.87318911124939,856.6358847073576
F3628,9079.0,1.193780151999119,11.795319956943484,-1.0,-1.0,-1.0,-1.0,412.73,13.681024217274969,292.16684637669164
F3629,8985.0,0.36493043962159155,37.980714702494474,-1.0,-1.0,-1.0,-1.0,2708.88,51.32877230176875,3220.8211714238737
F3630,9079.0,1.3011521092631346,11.684535575626477,-1.0,-1.0,-1.0,-1.0,281.66,10.924925822674961,164.33347522495566
F3631,9079.0,0.017971142196277108,19.923973830646293,-1.0,-1.0,-1.0,-1.0,1441.04,49.865092060963406,3214.637903004735
F3632,8985.0,-0.2706076794657763,17.06409199541579,-1.0,-1.0,-1.0,-1.0,871.84,33.0895314976039,1285.2470147547704
F3633,9079.0,0.23388368763079642,30.23325579500496,-1.0,-1.0,-1.0,-1.0,2131.21,52.874364271631265,3285.9929609791857
F3634,9079.0,-0.25802070712633546,0.9392029928313966,-1.0,-1.0,-0.66,0.12,9.42,1.6855884471530498,4.164707845077686
F3635,9079.0,-0.1608591254543452,1.17494531186788,-1.0,-1.0,-0.66,0.26,8.28,2.010807547698103,4.728516260643872
F3636,9079.0,-0.3399988985571098,1.3641290001528634,-1.0,-1.0,-1.0,-0.32,22.74,3.6521593667186774,28.066512203249584
F3637,9079.0,0.8655270404229541,28.768715289470254,-1.0,-1.0,-0.97,-0.72,2175.7,55.03684340225142,3791.43232495515
F3638,9079.0,0.5511212688622096,25.854985714886272,-1.0,-1.0,-0.99,-0.81,1923.63,53.466641609293035,3576.448221816463
F3639,9079.0,1.3395825531446195,37.051501378003074,-1.0,-1.0,-1.0,-0.9,2504.81,48.210761272001676,2849.1142368454257
F3640,9079.0,-0.02056393875977531,0.7312719163374705,-1.0,-1.0,0.18,0.605,1.47,-0.19754911356573562,-1.4252677380529568
F3641,9079.0,-0.3177673752615927,0.828074145568629,-1.0,-1.0,-0.61,0.1,5.92,1.5998330414805508,3.308338762016716
F3642,9079.0,0.3930344751624628,1.4643084736617464,-1.0,-1.0,0.16,1.25,5.89,0.897382565804402,-0.08715166494059812
F3643,9079.0,0.4055512721665382,2.5435573701338523,-1.0,-1.0,-0.34,0.57,63.51,5.625143945031281,65.31909499392283
F3644,9079.0,-0.12592025553475053,2.0382404071916573,-1.0,-1.0,-0.77,0.0,93.36,15.0527643689187,536.2088181980264
F3645,9079.0,1.1302401145500607,4.845313756330406,-1.0,-1.0,-0.41,1.0350000000000001,77.53,5.699887363550538,47.62393337021714
F3646,9079.0,0.15421191761207179,2.137195683751133,-1.0,-1.0,-0.83,0.35,32.81,3.6064918181674583,22.820581755209236
F3647,9079.0,0.06969269743363805,2.1146397524188383,-1.0,-1.0,-0.91,0.18,33.85,3.7947615692547916,23.84905641146044
F3648,9079.0,1.1283313140213678,17.071790124230084,-1.0,-1.0,-1.0,-1.0,458.32,20.259619250226667,481.26975050437824
F3649,9079.0,1.2330388809340234,36.55047860505779,-1.0,-1.0,-1.0,-0.86,3019.68,65.03761117698734,5168.826377857674
F3650,9079.0,0.8191937438043838,32.79700691965814,-1.0,-1.0,-1.0,-0.91,2634.46,61.97876624146994,4686.865387876278
F3651,9079.0,2.7873444211917606,57.25171173735924,-1.0,-1.0,-1.0,-1.0,3538.5,38.99652551379453,1998.2589185020186
F3652,9079.0,-0.37405661416455555,2.4798941475221827,-1.0,-1.0,-1.0,-1.0,36.65,6.630604920152424,57.64261600670899
F3653,9079.0,-0.2945544663509197,5.65535898188733,-1.0,-1.0,-1.0,-1.0,217.99,17.93764609880339,458.1651974256537
F3654,9079.0,-0.20551051877960128,3.5884626145120655,-1.0,-1.0,-1.0,-1.0,61.72,7.380195021205322,69.64272701140884
F3655,9079.0,1.2037360942835114,23.298445603382707,-1.0,-1.0,-1.0,-1.0,1719.36,47.884357952042656,3302.121223789127
F3656,9079.0,1.033935455446635,32.77109540425758,-1.0,-1.0,-1.0,-1.0,1822.52,35.66098803255143,1577.1748489382578
F3657,9079.0,1.5367815838748762,34.57616583291775,-1.0,-1.0,-1.0,-1.0,2842.78,63.18931551307739,5045.478496958431
F3658,9079.0,0.6553243749311599,16.70243246786697,-1.0,-1.0,-1.0,-1.0,669.22,19.855117459446596,541.1972203919596
F3659,7785.0,-0.5167604367373153,42.63750581102846,-1.0,-1.0,-1.0,-1.0,3761.02,88.23264701911641,7784.999999999997
F3660,9079.0,0.6583709659654147,16.754688379858553,-1.0,-1.0,-1.0,-1.0,670.65,19.858423518945717,540.5925294028291
F3661,9079.0,0.9813712963982817,28.2419637290096,-1.0,-1.0,-1.0,-1.0,1042.76,25.177694789512035,748.0295811919096
F3662,7785.0,-0.9999460500963391,0.004760142806426321,-1.0,-1.0,-1.0,-1.0,-0.58,88.23264701911646,7784.999999999998
F3663,9079.0,0.9911477034915741,28.401189357337067,-1.0,-1.0,-1.0,-1.0,1053.47,25.221271875034144,750.9539908863272
F3664,2006.0,-0.9851146560319042,0.666690611068836,-1.0,-1.0,-1.0,-1.0,28.86,44.788391353117376,2006.0
F3665,0.0,,,,,,,,,
F3666,2006.0,-0.9851146560319042,0.666690611068836,-1.0,-1.0,-1.0,-1.0,28.86,44.788391353117376,2006.0
F3667,2006.0,-0.9842622133599203,0.7048701470677545,-1.0,-1.0,-1.0,-1.0,30.57,44.78839135311739,2006.0000000000005
F3668,0.0,,,,,,,,,
F3669,2006.0,-0.9842622133599203,0.7048701470677545,-1.0,-1.0,-1.0,-1.0,30.57,44.78839135311739,2006.0000000000005
F3670,9079.0,5.339069280757793,127.78510868188475,-1.0,-1.0,-1.0,-1.0,7398.96,38.42499982789072,1761.2660457231132
F3671,9079.0,5.354582002423174,128.20231504381672,-1.0,-1.0,-1.0,-1.0,7424.97,38.443277776452,1762.7601661062508
F3672,3755.0,-1.0,0.0,-1.0,-1.0,-1.0,-1.0,-1.0,0.0,0.0
F3673,9079.0,14.664264786870802,875.5742534650841,-1.0,-1.0,-1.0,-1.0,70013.35,70.2355917113639,5188.6551102861085
F3674,9079.0,14.6714362815288,876.048048588916,-1.0,-1.0,-1.0,-1.0,70052.02,70.23762730321182,5188.883221139159
F3675,3755.0,-1.0,0.0,-1.0,-1.0,-1.0,-1.0,-1.0,0.0,0.0
F3676,9079.0,0.775367331203877,9.695538749353936,-1.0,-1.0,-1.0,-1.0,146.96,9.874540098274386,119.8623215378864
F3677,9079.0,1.5361603700848112,31.05843302251953,-1.0,-1.0,-1.0,-1.0,1593.18,26.288137144838856,998.1680788931152
F3678,9079.0,0.6961702830708226,10.467125538832835,-1.0,-1.0,-1.0,-1.0,192.88,11.62988739498998,170.15472125637268
F3679,9079.0,4.880273157836766,139.85709986666927,-1.0,-1.0,-1.0,-1.0,12264.89,75.62259907476319,6522.509906852707
F3680,9079.0,10.299834783566473,435.02426640367094,-1.0,-1.0,-1.0,-1.0,38620.39,78.81671394262119,6864.785500951975
F3681,9079.0,3.548744355105188,59.6942802712396,-1.0,-1.0,-1.0,-1.0,2267.18,23.361093597145533,676.3565667647961
F3682,9079.0,0.8117887432536622,7.809448971020749,-1.0,-1.0,-1.0,-1.0,166.36,8.495993026868067,98.3923807464869
F3683,9079.0,1.3426776076660425,20.465807078518107,-1.0,-1.0,-1.0,-1.0,857.9,19.078166563502375,534.9364305219514
F3684,9079.0,0.6402885780372288,7.6070536518091645,-1.0,-1.0,-1.0,-1.0,197.46,10.30751927624399,159.50943621481804
F3685,9079.0,1.781919814957594,206.42407944365755,-1.0,-1.0,-1.0,-1.0,19558.03,93.77454351675114,8877.42772226308
F3686,9079.0,1.9678863310937327,230.0540611206578,-1.0,-1.0,-1.0,-1.0,21787.67,93.66848498736641,8862.582534454836
F3687,9079.0,-0.24768476704482872,11.079792295205326,-1.0,-1.0,-1.0,-1.0,634.37,35.66171154432336,1627.6277359796652
F3688,9080.0,2.8697522026431717,17.361453016273312,-1.0,-1.0,-1.0,-0.51,435.25,10.73526832149835,172.2756115764292
F3689,9080.0,1.827827092511013,16.640550972554266,-1.0,-1.0,-1.0,-1.0,496.18,13.116132066152002,248.9113409705532
F3690,9080.0,9.039747797356826,39.779171314971265,-1.0,-1.0,-1.0,-1.0,699.75,7.3085245322071755,78.57885931839644
F3691,9080.0,3.5440814977973574,39.01699423703522,-1.0,-1.0,-1.0,-0.89,2156.89,28.706313194041183,1241.8391921676564
F3692,9080.0,1.6169361233480177,43.53354867836094,-1.0,-1.0,-1.0,-1.0,2472.03,40.21948731535148,1984.3447990613931
F3693,9080.0,10.43042400881057,154.01322099082205,-1.0,-1.0,-1.0,-1.0,13247.39,71.26477175130485,6024.725679524982
F3694,9080.0,0.5038590308370045,13.386162895449344,-1.0,-1.0,-1.0,-1.0,536.5,24.548636938472015,771.4937942712571
F3695,9080.0,0.31757378854625545,13.731951747037543,-1.0,-1.0,-1.0,-1.0,580.66,24.337446394316157,755.1696527080635
F3696,9080.0,0.7381310572687224,18.50607439676477,-1.0,-1.0,-1.0,-1.0,1054.55,33.740115022088425,1548.5715225582862
F3697,9080.0,1.2548447136563876,33.37178651116381,-1.0,-1.0,-1.0,-1.0,1835.95,38.50260546226803,1848.9501576355042
F3698,9080.0,1.065955947136564,27.46433381513308,-1.0,-1.0,-1.0,-1.0,1393.77,28.328140677188983,1051.5987178940456
F3699,9080.0,1.3589515418502203,53.78821060727425,-1.0,-1.0,-1.0,-1.0,3738.24,57.22452325795663,3653.1349620959695
F3700,9080.0,-0.02104955947136564,0.1443913805166763,-1.0,0.0,0.02,0.05,0.09,-3.46042915395485,13.69887486696384
F3701,9080.0,-0.1959592511013216,0.47177285546446013,-1.0,-0.54,-0.26,0.09,1.99,0.7530057746648506,0.8285192029460924
F3702,9080.0,0.18027092511013218,0.5267653574119915,-1.0,-0.15,0.2,0.56,1.49,-0.19807432031573766,-0.3457034892121533
F3703,9080.0,0.4496200440528634,10.900027232834006,-1.0,-0.99,-0.94,-0.5375000000000001,437.55,25.142454705568444,801.9368981876984
F3704,9080.0,0.4922070484581498,11.702666199878802,-1.0,-0.99,-0.95,-0.58,450.01,24.87219614464231,762.7392422600725
F3705,9080.0,0.5334295154185023,11.531993615549705,-1.0,-0.99,-0.93,-0.57,463.23,24.43283446130986,772.5847253771608
F3706,9080.0,-0.07803414096916299,0.26273767098669476,-1.0,-0.05,0.02,0.07,0.15,-2.254627789668565,4.311691544885045
F3707,9080.0,-0.26194052863436124,0.5117727588927888,-1.0,-0.64,-0.32,0.05,2.33,0.78680295355537,1.0655182964029728
F3708,9080.0,0.13064977973568281,0.5830868748228305,-1.0,-0.24,0.15,0.56,1.6,-0.17880495056064938,-0.5704932222474581
F3709,9080.0,0.514818281938326,15.472921202139217,-1.0,-0.99,-0.93,-0.5475000000000001,751.12,33.94538520790162,1383.3294365760084
F3710,9080.0,0.38808149779735684,15.640513646287099,-1.0,-1.0,-0.96,-0.67,768.46,31.47224928475208,1187.2377202991886
F3711,9080.0,0.8666729074889865,18.293566867672112,-1.0,-0.98,-0.89,-0.47,956.6,33.16287815916958,1361.935182105761
F3712,9080.0,-0.07803414096916299,0.26273767098669476,-1.0,-0.05,0.02,0.07,0.15,-2.254627789668565,4.311691544885045
F3713,9080.0,-0.26194052863436124,0.5117727588927888,-1.0,-0.64,-0.32,0.05,2.33,0.78680295355537,1.0655182964029728
F3714,9080.0,0.13064977973568281,0.5830868748228305,-1.0,-0.24,0.15,0.56,1.6,-0.17880495056064938,-0.5704932222474581
F3715,9080.0,0.514818281938326,15.472921202139217,-1.0,-0.99,-0.93,-0.5475000000000001,751.12,33.94538520790162,1383.3294365760084
F3716,9080.0,0.38808149779735684,15.640513646287099,-1.0,-1.0,-0.96,-0.67,768.46,31.47224928475208,1187.2377202991886
F3717,9080.0,0.8666729074889865,18.293566867672112,-1.0,-0.98,-0.89,-0.47,956.6,33.16287815916958,1361.935182105761
F3718,9080.0,0.9648105726872246,8.025271038895502,-1.0,-1.0,-1.0,-1.0,181.88,9.38957845104734,127.54222435010105
F3719,3237.0,-1.0,0.0,-1.0,-1.0,-1.0,-1.0,-1.0,0.0,0.0
F3720,9080.0,0.9648590308370044,8.02544624040246,-1.0,-1.0,-1.0,-1.0,181.88,9.389601732284513,127.54232427518458
F3721,9080.0,0.8008281938325992,7.978380852520426,-1.0,-1.0,-1.0,-1.0,208.85,11.13977216439148,188.6500119098072
F3722,3237.0,-1.0,0.0,-1.0,-1.0,-1.0,-1.0,-1.0,0.0,0.0
F3723,9080.0,0.800830396475771,7.97840061875793,-1.0,-1.0,-1.0,-1.0,208.85,11.139779294421931,188.64976229830643
F3724,9080.0,4.03111013215859,24.61667423343369,-1.0,-1.0,-1.0,-1.0,762.39,10.825291520781885,190.6552739615074
F3725,8971.0,0.10961988630030103,32.31979072053114,-1.0,-1.0,-1.0,-1.0,1783.25,39.29099573700221,1744.3969690771228
F3726,9080.0,4.064617841409691,24.74523265840589,-1.0,-1.0,-1.0,-1.0,764.72,10.77847819219016,189.12006267402882
F3727,9080.0,2.296921806167401,54.858872496443674,-1.0,-1.0,-1.0,-1.0,3981.71,49.78277192624866,3241.560228837929
F3728,8971.0,-0.821460260840486,7.423105870587545,-1.0,-1.0,-1.0,-1.0,481.24,55.54450361015997,3334.324051250034
F3729,9080.0,2.549795154185022,58.030088391264606,-1.0,-1.0,-1.0,-1.0,4087.26,47.4462927325097,2950.172143646458
F3730,9080.0,2.685863436123348,13.744917514764559,-1.0,-1.0,-1.0,-1.0,208.81,6.066515930565664,51.303983563209314
F3731,9079.0,0.1563266879612292,27.229312694936418,-1.0,-1.0,-1.0,-1.0,1434.66,34.69266077641869,1423.3460189627901
F3732,9080.0,2.8796024229074892,14.681541574700688,-1.0,-1.0,-1.0,-1.0,228.73,6.244167893749238,55.036147602604636
F3733,9080.0,0.03345704845814978,24.178397859936535,-1.0,-1.0,-1.0,-1.0,1952.32,62.244689336955034,4761.004769753378
F3734,9079.0,0.2547020596982047,43.38585592919754,-1.0,-1.0,-1.0,-1.0,3447.54,61.43463602236123,4534.524446871368
F3735,9080.0,-0.23641740088105734,9.648908584481847,-1.0,-1.0,-1.0,-1.0,409.98,27.051630119135336,900.2408967200407
F3736,9080.0,1.377078193832599,8.014359422555408,-1.0,-1.0,-1.0,1.01,197.43,10.00351126628014,149.8997115193655
F3737,9080.0,0.4883986784140969,40.5975202278733,-1.0,-1.0,-1.0,-1.0,2934.91,54.359544802710374,3494.0544312080315
F3738,9080.0,1.4758348017621143,8.172519142498748,-1.0,-1.0,-1.0,1.11,195.67,9.61074574934842,138.04192182643231
F3739,9080.0,-0.12481718061674016,12.2555813526711,-1.0,-1.0,-1.0,-1.0,630.93,31.486244617992135,1251.8789777226966
F3740,9080.0,-0.3339669603524229,13.448855982975216,-1.0,-1.0,-1.0,-1.0,676.16,30.58095641000999,1141.9473212188873
F3741,9080.0,-0.015036343612334774,16.585057747162207,-1.0,-1.0,-1.0,-1.0,908.43,37.58688260831293,1671.94298473982
F3742,9080.0,-0.2645870044052863,0.9175863050967367,-1.0,-0.97,-0.65,0.11,7.09,1.5850130731179324,2.6926687089288577
F3743,9080.0,-0.16098568281938325,1.1509686978850746,-1.0,-1.0,-0.64,0.22,7.74,2.051831242325899,5.068442644506922
F3744,9080.0,-0.3525297356828194,1.3174759665151854,-1.0,-1.0,-1.0,-0.33,19.83,3.517710429093097,25.00877505445689
F3745,9080.0,0.6609008810572686,21.50387535426503,-1.0,-1.0,-0.97,-0.74,1083.72,35.07027350461399,1449.557127415207
F3746,9080.0,0.44774339207048464,20.613141558706563,-1.0,-1.0,-0.99,-0.81,907.92,32.52715131157606,1182.168311633662
F3747,9080.0,0.9883766519823788,26.37656797771564,-1.0,-1.0,-1.0,-0.89,1344.44,35.74991652085514,1569.1716768865317
F3748,9080.0,-0.005715859030837015,0.739570740466248,-1.0,-0.98,0.19,0.63,1.46,-0.18332182214078688,-1.404023802680268
F3749,9080.0,-0.29998568281938326,0.8198596143343798,-1.0,-1.0,-0.57,0.11,6.33,1.5777433486686303,3.339694668247716
F3750,9080.0,0.39286233480176214,1.4437457748200209,-1.0,-1.0,0.17,1.29,5.88,0.8464014363533764,-0.2210768026753609
F3751,9080.0,0.3405,2.2620831971906394,-1.0,-0.99,-0.31,0.56,40.2,4.717615300599902,36.53687214691087
F3752,9080.0,-0.1322511013215859,1.828003743319995,-1.0,-1.0,-0.71,0.01,57.82,9.27415052208492,183.13648147497244
F3753,9080.0,1.0376321585903086,4.309910664534891,-1.0,-1.0,-0.35,1.1,73.32,5.304423342441255,42.59777425005704
F3754,9080.0,0.1431123348017621,2.12586293281104,-1.0,-1.0,-0.77,0.35,35.55,4.121408195960002,31.465880022726438
F3755,9080.0,0.05112665198237883,2.055020533348189,-1.0,-1.0,-0.82,0.17,36.31,4.193937313874214,31.556674383925582
F3756,9080.0,1.5367059471365638,23.419302687794055,-1.0,-1.0,-1.0,-1.0,695.85,22.345294889384906,577.3525977690213
F3757,9080.0,1.1428898678414094,28.826288886331533,-1.0,-1.0,-1.0,-0.85,1621.12,37.66704720547405,1728.6683011124776
F3758,9080.0,0.7660088105726872,26.968387412157487,-1.0,-1.0,-1.0,-0.9,1399.11,37.513345310522865,1644.5015629294128
F3759,9080.0,2.76542731277533,57.452709725489996,-1.0,-1.0,-1.0,-1.0,3579.69,38.81076254250099,1994.6192635225198
F3760,9080.0,-0.3631762114537445,2.4372249797105403,-1.0,-1.0,-1.0,-1.0,38.16,6.372341990447077,53.8646808088354
F3761,9080.0,-0.26461563876651983,5.306043843873842,-1.0,-1.0,-1.0,-1.0,129.57,13.946861950537569,246.71653455243512
F3762,9080.0,-0.13908920704845815,3.874527163541687,-1.0,-1.0,-1.0,-1.0,60.53,7.295429356106635,66.18779269761669
F3763,9080.0,0.8886861233480176,15.01459310707032,-1.0,-1.0,-1.0,-1.0,836.96,26.184716778928568,1157.1051924380756
F3764,9080.0,0.7359107929515419,23.686766567349306,-1.0,-1.0,-1.0,-1.0,1337.14,33.24170084306116,1473.4069651009158
F3765,9080.0,1.2016002202643172,21.80660747271277,-1.0,-1.0,-1.0,-1.0,1515.34,41.88151693428078,2635.3535757010072
F3766,9080.0,0.732329295154185,16.402843157369706,-1.0,-1.0,-1.0,-1.0,637.14,19.208316831282822,505.9226399311377
F3767,8836.0,0.0052014486192847485,50.50064511586402,-1.0,-1.0,-1.0,-1.0,3241.95,55.6487874507495,3213.5527403687584
F3768,9080.0,0.7343028634361234,16.455831533939996,-1.0,-1.0,-1.0,-1.0,638.49,19.220487141493326,505.8781366330742
F3769,9080.0,0.7622147577092512,22.365727998283102,-1.0,-1.0,-1.0,-1.0,1170.91,28.16675924990363,1108.3352050407743
F3770,8836.0,-0.8071287913082843,16.264599933850164,-1.0,-1.0,-1.0,-1.0,1521.92,92.96083490586685,8699.138114213758
F3771,9080.0,0.7698634361233481,22.475497568942615,-1.0,-1.0,-1.0,-1.0,1179.52,28.223892071275223,1114.0412850594726
F3772,2006.0,-0.9862662013958126,0.6151147466492441,-1.0,-1.0,-1.0,-1.0,26.55,44.78839135311739,2006.000000000001
F3773,0.0,,,,,,,,,
F3774,2006.0,-0.9862662013958126,0.6151147466492441,-1.0,-1.0,-1.0,-1.0,26.55,44.78839135311739,2006.000000000001
F3775,2006.0,-0.98623629112662,0.6164543794913115,-1.0,-1.0,-1.0,-1.0,26.61,44.78839135311736,2005.9999999999986
F3776,0.0,,,,,,,,,
F3777,2006.0,-0.98623629112662,0.6164543794913115,-1.0,-1.0,-1.0,-1.0,26.61,44.78839135311736,2005.9999999999986
F3778,9080.0,7.575511013215859,148.59673529994842,-1.0,-1.0,-1.0,-1.0,6619.29,33.34644776089023,1276.3680297678543
F3779,9080.0,7.584578193832599,148.8140157141049,-1.0,-1.0,-1.0,-1.0,6629.71,33.35431128635727,1276.8815150091511
F3780,3763.0,-1.0,0.0,-1.0,-1.0,-1.0,-1.0,-1.0,0.0,0.0
F3781,9080.0,33.754320484581505,1353.9417867454952,-1.0,-1.0,-1.0,-1.0,79986.58,48.647780222488386,2512.7840098982115
F3782,9080.0,33.76076872246696,1354.2268577886346,-1.0,-1.0,-1.0,-1.0,80011.87,48.64809661652156,2512.81524027403
F3783,3763.0,-1.0,0.0,-1.0,-1.0,-1.0,-1.0,-1.0,0.0,0.0
F3784,9080.0,0.9822830396475772,10.570959287553999,-1.0,-1.0,-1.0,-1.0,174.63,10.449565329419814,136.6927345112182
F3785,9080.0,1.762921806167401,30.477967714436872,-1.0,-1.0,-1.0,-1.0,987.45,17.922840432836363,400.994896776564
F3786,9080.0,0.9015110132158589,11.244149393831567,-1.0,-1.0,-1.0,-1.0,217.33,12.159908226003767,188.70482015019934
F3787,9080.0,5.0992511013215855,110.4279869119972,-1.0,-1.0,-1.0,-1.0,8657.88,57.40645780654089,4230.7620333582445
F3788,9080.0,11.773372246696036,363.7204133425468,-1.0,-1.0,-1.0,-1.0,26872.66,54.26827741651835,3555.338396692285
F3789,9080.0,4.109464757709251,69.22848640610499,-1.0,-1.0,-1.0,-1.0,3313.51,25.74810888849561,878.5407326829252
F3790,9080.0,0.9813590308370044,7.858637643918421,-1.0,-1.0,-1.0,-0.4975,214.65,8.66537911653744,117.51397738067607
F3791,9080.0,1.7761112334801763,21.90286831996857,-1.0,-1.0,-1.0,-1.0,1059.34,20.882782348516248,729.2908952819156
F3792,9080.0,0.6664999999999999,7.125690539500069,-1.0,-1.0,-1.0,-1.0,204.55,11.86620645663795,222.87110451124752
F3793,9080.0,-0.16313876651982367,33.25989907202057,-1.0,-1.0,-1.0,-1.0,2989.25,81.85766604119114,7226.826483639676
F3794,9080.0,-0.09850881057268722,36.51616855540075,-1.0,-1.0,-1.0,-1.0,3099.55,71.7847353968365,5823.183393912058
F3795,9080.0,-0.27936453744493395,8.566182174025514,-1.0,-1.0,-1.0,-1.0,368.97,28.449754469833334,1010.0688334455177
F3796,9082.0,202.65404096014095,598.7613876302413,1.0,24.0,90.0,203.0,21833.0,15.960564147999413,381.3152547624642
F3797,9082.0,108.30433825148646,511.18626541874784,0.0,6.0,25.0,74.0,21388.0,20.482783084380596,585.1293026644491
F3798,9082.0,94.34970270865448,183.0402334197227,0.0,14.0,50.5,118.0,4760.0,9.52777060832186,153.99941121925252
F3799,9082.0,94286266.68926008,1345941354.2041864,59.0,606464.375,1722078.955,5908305.7925,62975790805.0,30.103432795746667,1075.9447918953417
F3800,9082.0,48268542.73059458,709373977.1263036,0.0,300644.0,873722.0,2924347.2575,38748440653.0,33.29572816732498,1395.134259942095
F3801,9082.0,46017723.95886699,646807999.2055651,0.0,272571.5475,805204.115,2917845.935,25636683699.0,28.214902710306838,909.0967232413997
F3802,9082.0,110.18641268443075,299.2897353922967,0.0,15.0,52.0,110.0,9329.0,12.889529990562139,244.34733179483783
F3803,9082.0,58.37458709535345,247.9162008512144,0.0,4.0,14.0,40.0,9125.0,17.042996536661768,408.0762929968284
F3804,9082.0,51.811825589077294,100.03590557351272,0.0,9.0,29.0,64.0,2576.0,9.476015006140651,140.60575859438885
F3805,9082.0,52406150.14257543,900178993.2081602,0.0,434924.25,1202788.3,3883186.785,62975790805.0,47.06274184508409,2864.4426663067857
F3806,9082.0,27125727.866515085,507353175.98713213,0.0,200000.0,607818.0,1960994.935,38748440653.0,55.16826063083324,3865.0509196193375
F3807,9082.0,25280422.275670554,402431657.95684546,0.0,191075.1325,581522.245,1926699.96,24227350152.0,38.65525889529213,1880.2258211515896
F3808,9082.0,63.375688174410925,165.95552019296713,0.0,10.0,32.0,64.0,4878.0,12.332707600602397,217.73875226535046
F3809,9082.0,33.18090728914336,135.68381702202166,0.0,3.0,9.0,24.0,4778.0,15.963001344058315,358.1355146241884
F3810,9082.0,30.194780885267562,56.43796171928639,0.0,6.0,18.0,37.0,1425.0,9.812813675498756,150.05316885284233
F3811,9082.0,29085669.053517945,525893520.1462327,0.0,315733.5825,841744.325,2659447.2875,38005143038.0,50.646628489658184,3228.8897133277683
F3812,9082.0,14799490.022039197,288744388.4515874,0.0,130653.9725,401829.6,1231952.5,22703148589.0,59.05298741362613,4313.992966097207
F3813,9082.0,14286179.031131908,246465438.43449646,0.0,135651.9725,445122.175,1350985.3175000001,15301994449.0,43.16511261972549,2243.7396962411676
F3814,9082.0,0.6696576309182999,0.2095546675385154,0.0,0.509091,0.612903,0.842105,1.0,0.3506186875115123,-0.9298686250338593
F3815,9082.0,0.6374591186963224,0.2622048805000964,0.0,0.484848,0.6,0.866667,1.0,-0.25337750607833787,-0.2741722731366685
F3816,9082.0,0.6657234071790354,0.23340648141815126,0.0,0.5,0.619718,0.875,1.0,-0.09536720143252235,-0.3389174131126049
F3817,9082.0,0.7404058863686414,0.23500697214166275,0.0,0.546864,0.7606405,0.9925317499999999,1.0,-0.4561446231341218,-0.8400338699578671
F3818,9082.0,0.6977516653820744,0.2951318782752625,0.0,0.51106475,0.7399395,0.997679,1.0,-0.7787443980621008,-0.22855084411331728
F3819,9082.0,0.7375775598987007,0.24967309552142788,0.0,0.54864075,0.769436,0.995325,1.0,-0.7186907148253892,-0.10736827564173002
F3820,9082.0,0.4682808024664172,0.28642734187879554,0.0,0.25,0.344121,0.647059,1.0,0.874712461003449,-0.6860172182618358
F3821,9082.0,0.4448832598546576,0.3027132179384726,0.0,0.230769,0.333333,0.615385,1.0,0.7808654234023392,-0.6314059980578319
F3822,9082.0,0.4672866619687293,0.29947045180198684,0.0,0.2455675,0.344828,0.666667,1.0,0.7803668765546546,-0.7773778698313625
F3823,9082.0,0.5674230449240256,0.309249924978481,0.0,0.2884835,0.4973685,0.9241565,1.0,0.2145731597928937,-1.4403278811121445
F3824,9082.0,0.5322093131468839,0.3377414570998106,0.0,0.25370550000000003,0.46169,0.91400525,1.0,0.15060231935826957,-1.3672419095643047
F3825,9082.0,0.5639699960361154,0.3179325989538503,0.0,0.28337650000000003,0.497485,0.93122025,1.0,0.15045662270642554,-1.403083628688232
F3826,9082.0,0.6582617187844086,0.23610108948501485,0.0,0.46670775,0.583333,0.942526,1.0,0.32394637842758867,-1.262138555062162
F3827,9082.0,0.6418729714820525,0.26233018942921243,0.0,0.454545,0.578947,0.99737325,1.0,-0.01324118346908432,-0.7682243351420355
F3828,9082.0,0.6495198991411583,0.25407039581751123,0.0,0.45905799999999997,0.581514,0.98672375,1.0,0.07657654026620887,-0.8929952144097619
F3829,9082.0,0.7309959861264038,0.2463744771082416,0.0,0.5108849999999999,0.751606,0.999525,1.0,-0.35078991536395837,-1.1658904883664258
F3830,9082.0,0.7089555377670117,0.27944672354413774,0.0,0.49546225,0.7381595000000001,0.999999,1.0,-0.6167874453253946,-0.5075059473469787
F3831,9082.0,0.7155078542171328,0.26314889891261445,0.0,0.50201325,0.7348315000000001,0.9999867499999999,1.0,-0.4903267046967254,-0.7183366514542118
F3832,9080.0,-75295245.94518831,937304491.543231,-20282842662.0,103124.2,702458.5800000001,4032714.07,45743264811.0,8.117920358413688,727.8254128758274
F3833,9080.0,-73576783.11519052,953940405.8622564,-20282842662.0,108839.84,768382.96,4270794.03,45743264811.0,8.301918390631391,689.4279883196405
F3834,9080.0,-70116426.52360794,993996873.7120776,-20282842662.0,119253.0,834711.0349999999,4619032.2700000005,45743264811.0,9.393492075085655,639.1079052298126
F3835,9082.0,-48990505.04705462,588430711.4575908,-20282842662.0,43605.095,373639.97,2001507.1925000001,16155853640.0,-11.00272258134542,447.39382724631173
F3836,9082.0,-48491501.882501654,585828858.5554538,-20282842662.0,44154.6925,381286.32999999996,2015514.865,16155853640.0,-10.956576091352556,452.732260043745
F3837,9082.0,-46961832.58850803,602115621.3861276,-20282842662.0,47103.052500000005,398501.615,2091445.8025,16155853640.0,-8.93511767550743,431.0271283147038
F3838,9080.0,1255294.1766453746,93275304.95353843,-597198702.6,29588.932500000003,123405.595,598079.0025,6504128801.0,55.234094073786174,3515.3128242090024
F3839,9080.0,1262087.6020936123,93276788.93029076,-597198702.6,30448.2,124466.41,600000.0,6504128801.0,55.231297641371754,3515.072927595874
F3840,9080.0,1350024.0286850217,93720109.69140834,-597198702.6,31057.3675,125184.535,600000.05,6504128801.0,54.53731965993979,3449.602905602724
F3841,9080.0,-3916279.394621145,40299571.9173327,-2446012436.0,36.415,753.3499999999999,13751.880000000001,1103391271.0,-25.896679210359693,1593.066503479626
F3842,9080.0,-3934827.51932489,40281919.23097173,-2446012436.0,33.66,695.8499999999999,12967.6675,1103391271.0,-25.931124553625228,1595.8147493902416
F3843,9080.0,-3936237.171539647,40281831.00908869,-2446012436.0,29.765,624.87,11963.244999999999,1103391271.0,-25.93119613222164,1595.8251318345112
F3844,1510.0,10333538.078013247,288352968.7065811,-1348591252.0,2371.6,52117.815,1500091.12,10685948774.0,33.845146563097266,1249.3913926101811
F3845,968.0,32458716.788770664,845833520.063782,-1210964258.0,4340.58,50699.2,1461764.6099999999,26227304416.0,30.78170786964862,954.1805134557164
F3846,2177.0,21600220.647772167,614398280.0289121,-1348591252.0,3014.0,57662.4,1678257.0,26227304416.0,38.13101828775443,1564.1830917812897
F3847,9082.0,872044.9513565295,60882176.88745103,-1049832065.0,0.0,0.0,0.0,5342974387.0,74.11672057839135,6551.40479041105
F3848,9082.0,3455292.2862100857,276195586.4331047,-1210964258.0,0.0,0.0,0.0,26227304416.0,94.28441355949583,8952.2602002192
F3849,9082.0,4009362.3301552525,282376833.55054957,-1210964258.0,0.0,0.0,0.0,26227304416.0,88.95123182752167,8206.887697743216
F3850,1510.0,653651.9033642384,15465146.039219126,-99247565.24,277.76,5369.515,134903.3625,534800694.6,27.82512578779597,952.3733190476712
F3851,968.0,1204910.5144318182,28340063.564735234,-50456844.1,207.66,2538.355,67806.02,874243480.5,30.3123342796399,934.191130129903
F3852,2177.0,903444.2894993111,22769317.16060299,-99247565.24,271.77,4001.37,102746.91,874243480.5,31.98545682988538,1134.9814768074436
F3853,1510.0,494602.4698543046,15019004.810420882,-99247565.24,172.535,3420.41,103998.26,533885683.9,29.766245616964987,1060.648555479779
F3854,968.0,1203348.3532128097,28340107.068327323,-50456844.1,206.755,2431.42,65001.2,874243480.5,30.312360237494023,934.1920867255861
F3855,2177.0,762292.5363389987,22554558.98378133,-99247565.24,140.0,2116.57,71426.4,874243480.5,32.793836066302184,1178.1823156475662
F3856,9050.0,0.9520983425414364,0.17359035607517204,-0.4,1.0,1.0,1.0,6.19,-0.2881201663473163,103.39483482702163
F3857,9051.0,0.9592663794055906,0.16507313924247333,0.0,1.0,1.0,1.0,1.84,-4.276108422920893,17.95194817636139
F3858,9051.0,0.9184057010275107,0.23034787390553133,-0.4,1.0,1.0,1.0,6.19,-1.2998798034479448,36.414776935732995
F3859,9082.0,1.0001453424355868,0.244506340916947,-1.0,1.0,1.0,1.0,7.74,1.3434216959134146,91.58765353383573
F3860,9082.0,0.983635763047787,0.21468711393203427,-1.0,1.0,1.0,1.0,2.9,-3.292493610943805,31.875431177537653
F3861,9082.0,0.9942721867430081,0.3136220613989753,-1.0,1.0,1.0,1.0,7.74,0.960767670599407,37.350054094618045
F3862,9049.0,29.75034147419605,1966.274505886952,-3.52,0.0,0.0,0.0,180395.78,86.53137405463254,7848.487895656523
F3863,9050.0,5.670219889502763,221.18488038706994,-2775.5,0.0,0.0,0.0,11288.9,44.64283697573565,2138.144847022489
F3864,9049.0,72.2932423472207,4557.761350156085,-2775.5,0.0,0.0,0.0,416216.6,85.89742642131546,7725.623928173646
F3865,9049.0,14.817839540280694,983.1283926858642,-2.68,0.0,0.0,0.0,90197.39,86.53236175946266,7848.615019063862
F3866,9050.0,2.7066497237569056,104.48328824797626,-1388.25,0.0,0.0,0.0,5643.95,43.960211970657014,2116.1983449460117
F3867,9049.0,24.688535749806608,1520.768344519378,-1388.25,0.0,0.0,0.0,138738.2,85.646818777373,7694.631284037595
F3868,9049.0,1.3113051165874683,1.1724650725877634,0.0,0.0,1.0,2.0,5.0,0.6049339583623179,-0.4316065011211969
F3869,9050.0,1.5137016574585636,1.350368252982237,0.0,0.0,1.0,2.0,6.0,0.6483171126800652,-0.42920884084097777
F3870,9051.0,1.6219202298088609,1.3733940305457775,0.0,0.0,1.0,3.0,6.0,0.506373455961982,-0.6638978309136023
F3871,9080.0,5171573.571087005,93836903.79051131,0.0,42472.167499999996,153158.03,751916.1599999999,6500500000.0,55.40665364059534,3449.9847627112854
F3872,9080.0,5196915.121245595,93847262.91633305,0.0,44473.354999999996,156555.5,761893.7424999999,6500500000.0,55.387780060083365,3448.4009170248996
F3873,9080.0,5286261.200051762,94193204.36010857,0.0,45999.95,159997.005,766199.375,6500500000.0,54.83678459024885,3398.256684785936
F3874,9076.0,-0.9999977963860731,0.00014843756614714296,-1.0,-1.0,-1.0,-1.0,-0.99,67.3535423671927,4535.499118287194
F3875,9078.0,-1.0,0.0,-1.0,-1.0,-1.0,-1.0,-1.0,0.0,0.0
F3876,9078.0,-1.0,0.0,-1.0,-1.0,-1.0,-1.0,-1.0,0.0,0.0
F3877,1635.0,-0.9997737003058105,0.009322728216094074,-1.2,-1.0,-1.0,-1.0,-0.7,14.760408081792864,787.901257158217
F3878,928.0,-0.9998922413793104,0.01409588156772916,-1.36,-1.0,-1.0,-1.0,-0.81,-15.114576587122611,497.601504690344
F3879,2255.0,-0.9996363636363638,0.009327469858338632,-1.02,-1.0,-1.0,-1.0,-0.6,36.928885026917854,1522.2458709944174
F3880,9082.0,-0.41500330323717244,5.22034304901296,-81.47,-1.02,-1.0,-0.98,159.87,11.281883737859745,258.3591980165097
F3881,9082.0,-0.3971801365338031,5.7402401015693085,-158.8,-1.02,-1.0,-0.98,169.74,8.138897601729601,288.05594894048215
F3882,9082.0,-0.40466527196652713,6.802630896905052,-349.53,-1.02,-1.0,-0.97,174.72,-8.06841056419125,894.7886550592883
F3883,9082.0,-0.9938361594362474,40.8719463569233,-3604.19,-1.0,-1.0,-1.0,675.62,-74.97300012402586,6677.288767209826
F3884,9082.0,-0.8623221757322176,30.67024092643117,-2037.19,-1.0,-1.0,-1.0,1152.61,-19.97062669793923,2621.9421121758965
F3885,9082.0,0.3938967187844087,61.16184016751361,-673.87,-1.0,-1.0,-1.0,4974.26,64.43351738038635,4969.200023446448
F3887,9082.0,103.81700066064744,93.51831676432458,0.0,27.0,94.0,150.0,1510.0,2.1879065294407574,15.102499817329203
F3894,9079.0,34.31468223372618,17.319299505656325,-2.0,25.0,34.0,44.0,94.0,0.157328689563304,0.0064847495314950265
F3895,9082.0,612.3871393966086,66.75039903369515,400.0,600.0,600.0,600.0,900.0,0.45390070963128115,5.53423328947588
F3896,9082.0,618.7293547676724,71.30706390721627,400.0,600.0,600.0,600.0,900.0,0.7573766809249795,5.023757403026739
F3897,9082.0,0.2926668134772077,0.655345869234411,0.0,0.0,0.0,0.0,15.0,4.804848157928282,56.396600352569266
F3898,9082.0,1.8561990750935917,2.14634176042545,0.0,0.0,3.0,3.0,57.0,14.837516775494377,381.3414352707576
F3899,9082.0,2.0329222638185422,2.112911113966304,0.0,0.0,3.0,3.0,57.0,15.35786151836504,401.0555323263054
F3900,9082.0,0.17760405197093151,0.38220012679228726,0.0,0.0,0.0,0.0,1.0,1.6874246644490138,0.8475886021068759
F3901,9082.0,0.014864567275930413,0.12101745523115834,0.0,0.0,0.0,0.0,1.0,8.01937687124598,62.32413011379623
F3902,9082.0,0.016185862144902002,0.12619680483152532,0.0,0.0,0.0,0.0,1.0,7.669302015876811,56.83070838309973
F3903,9082.0,0.04051970931512883,0.1971855565287693,0.0,0.0,0.0,0.0,1.0,4.661411371986609,19.73310147144497
F3904,9082.0,0.048557586434706014,0.21495309895866124,0.0,0.0,0.0,0.0,1.0,4.201305795615467,15.654417690150495
F3905,9082.0,0.0008808632459810614,0.02966789917008631,0.0,0.0,0.0,0.0,1.0,33.65449451124149,1130.8740371085034
F3906,9082.0,0.03083021360933715,0.17286700637454122,0.0,0.0,0.0,0.0,1.0,5.429296632077449,27.48331413105793
F3907,9082.0,0.05153049988989209,0.22108932493300443,0.0,0.0,0.0,0.0,1.0,4.057801362180226,14.468938135441594
F3908,9082.0,0.3063201937899141,0.4609897307599646,0.0,0.0,0.0,1.0,1.0,0.840463264294375,-1.2939064885462725
F3909,9082.0,0.005615503193129267,0.0747300757653208,0.0,0.0,0.0,0.0,1.0,13.234119917752274,173.18006693884786
F3910,9082.0,0.026425897379431844,0.16040699002179162,0.0,0.0,0.0,0.0,1.0,5.905957265734689,32.887573540054916
F3911,9082.0,0.0,0.0,0.0,0.0,0.0,0.0,0.0,0.0,0.0
F3912,9082.0,0.00902884827130588,0.09459552552977121,0.0,0.0,0.0,0.0,1.0,10.382717203672218,105.82412062809567
F3913,9082.0,0.5763047786831095,0.49417048636360583,0.0,0.0,1.0,1.0,1.0,-0.30888767342097834,-1.9050079665943618
F3914,9082.0,0.31898260295089187,0.4661079527721062,0.0,0.0,0.0,1.0,1.0,0.7768898498541225,-1.3967497960912452
F3915,9082.0,0.0025324818321955517,0.05026277488053877,0.0,0.0,0.0,0.0,1.0,19.79902994586437,390.08749018402193
F3916,9082.0,0.7803347280334728,0.414042650220488,0.0,1.0,1.0,1.0,1.0,-1.3544328132457226,-0.16554825924875827
F3917,9082.0,0.21371944505615503,0.40995359348377897,0.0,0.0,0.0,0.0,1.0,1.3969562257106145,-0.048524037709298806
F3918,9082.0,0.02092050209205021,0.14312613407289995,0.0,0.0,0.0,0.0,1.0,6.695982185648406,42.84561266361101
F3919,9082.0,1.2807751596564634,1.0084994671775669,1.0,1.0,1.0,1.0,27.0,8.38673360740533,112.63752999025353
F3920,9082.0,0.21063642369522131,0.5693848912995095,0.0,0.0,0.0,0.0,14.0,5.529915437667994,65.28053451674826
F3921,9082.0,0.336930191587756,0.6478168987081888,0.0,0.0,0.0,1.0,11.0,3.8360709603094345,30.605073575321104
F3922,9082.0,0.5624311825589078,0.7612968551140561,0.0,0.0,0.0,1.0,18.0,4.25816767559766,57.09036208208789
F3923,9082.0,0.06650517507157014,0.32511014359475965,0.0,0.0,0.0,0.0,6.0,6.7562460296886435,62.5086982240297
