F3924,supervised_prob,iso_anomaly_score,final_risk_score
0,4.6551087271850065e-08,0.21136319578343965,0.06340899132079299
0,1.8435188340706404e-09,0.28699276970688137,0.08609783220252759
0,1.3156784735612696e-07,0.19614440666718524,0.058843414097648726
0,8.767506808683549e-08,0.49547315444632545,0.14864200770644528
0,1.0687278647711145e-08,0.09434571100941425,0.028303720783919326
0,2.274662815584183e-09,0.14560845763440333,0.04368253888258497
0,1.8448256063474382e-08,0.3903596034644625,0.11710789395311799
0,2.340880421322117e-09,0.07398001816337907,0.022194007087630016
0,9.217269921454948e-10,0.36309675666911967,0.1089290276459448
0,7.231523070464906e-09,0.102131310673787,0.03063939826420225
0,1.7496770829779219e-09,0.15775517965829722,0.04732655512226312
0,1.7857561790952257e-09,0.2470567332854634,0.07411702123566835
0,2.8130081087508606e-06,0.2000076232780753,0.06000425608909871
0,1.0445082268867653e-08,0.047872605525853484,0.014361788969313633
0,3.724788419558804e-08,0.10888291314975385,0.03266490001844509
0,3.089760621907802e-08,0.19500745735986114,0.05850225883628269
0,3.1428890091799565e-10,0.32473043697140747,0.09741913131142446
0,1.756668733788095e-08,0.7075891990451262,0.212276772010219
0,1.576417714014711e-08,0.23576903415583472,0.07073072128167442
0,1.7690519993348459e-09,0.14397873369793734,0.0431936213477176
0,1.2615615406356056e-09,0.2992234027381111,0.08976702170452641
0,3.878802510262884e-07,0.13813302808644246,0.041440179942108454
0,4.1699346839349817e-07,0.9567588745690426,0.28702795426614064
0,4.269285457702481e-08,0.2917588063635421,0.08752767179406083
0,1.0881158800717647e-07,0.30955209314050247,0.09286570411026235
0,2.0830631088645576e-08,0.504785807778352,0.15143575691494734
0,3.034786421446013e-09,0.20143759144063256,0.060431279556540256
0,1.2188571203481007e-08,0.30081137779041256,0.09024342186912361
0,2.824673929063079e-09,0.27193333028112976,0.08158000106161067
0,4.42554692082172e-08,0.4776601907211371,0.14329808819516957
0,1.4674450084928124e-09,0.32829535744805893,0.09848860826162918
0,3.7168580471141882e-09,0.1868412386427426,0.05605237419462342
0,6.599892555618705e-08,0.27968452910107267,0.08390540492956969
0,9.968252318799532e-09,0.19260600449512855,0.05778180832631518
0,1.5060052977189639e-09,0.1147974463389565,0.03443923495589066
0,8.012449583784206e-09,0.1521483807800189,0.04564451984272038
0,1.4547924081219233e-08,0.0983775060151193,0.029513261988082646
0,1.3838343752493177e-09,0.1014577083079089,0.03043731346105673
0,1.0975120947016459e-08,0.15745330965435766,0.04723600057889196
0,4.609214209083982e-10,0.15390639875029732,0.04617191994773419
0,4.745588266428881e-09,0.0647208155736867,0.019416247994017796
0,7.802505282892505e-08,0.0681035807757977,0.02043112885027629
0,6.811351398385136e-08,0.31380162100472986,0.09414053398087874
0,3.664330352404034e-08,0.4690305157704364,0.14070918038144337
0,1.0122803327827123e-06,0.2018305926234223,0.06054988638325963
0,8.324063463364702e-08,0.09051740918313178,0.027155281023383777
0,3.149817648785108e-09,0.2461428160120358,0.07384284700848309
0,1.588651693227913e-09,0.06592977364409436,0.019778933205284493
0,7.559772668603821e-08,0.1842151599930908,0.05526460091633592
0,2.2976140765150277e-08,0.7076845624176931,0.21230538480860645
0,5.852133389921757e-09,0.0633629321400142,0.019008883738497635
1,0.9999999421049302,0.36564937566535805,0.8096947721730585
0,1.3248575420678538e-08,0.15957558628971602,0.0478726851609176
0,8.896771286473114e-08,0.06647052623930294,0.019941220149189885
0,2.9268117236964514e-07,0.3034330371771006,0.09103011602995083
0,7.32106326889189e-08,0.11332718706039857,0.03399820736556245
0,2.4726296296940145e-09,0.09483726601747533,0.02845118153608334
0,3.76812365950639e-08,0.14925576193488999,0.04477675495733261
0,5.7830272495261835e-08,0.15583360359600573,0.04675012155999247
0,9.490893003929551e-10,0.2295859658441035,0.06887579041759356
0,4.8344408719082735e-09,0.17576760308549944,0.05273028430975844
0,3.7021236202615377e-06,0.15399257645684084,0.04620036442358643
0,1.0578216063293512e-07,0.5828747530847952,0.174862499972951
0,7.265577588120262e-09,0.05039640651115984,0.015118927039252264
0,8.420539045778809e-09,0.5714947553976477,0.17144843251367162
0,1.3714563168209318e-09,0.29009670047753766,0.08702901110328072
0,5.709571091287167e-10,0.08364830739500495,0.02509449261817146
0,2.088201037885915e-08,0.3836162581351753,0.11508489205795985
0,8.566291359503428e-09,0.41636555939480957,0.12490967381484683
0,4.492302519783045e-09,0.15520390499088954,0.046561174641878623
0,1.9073223681315144e-09,0.23954209376365687,0.07186262946422273
0,3.9710050734893465e-09,0.3424775626789339,0.10274327158338373
0,6.39650768999407e-10,0.1963589227611302,0.0589076772760946
0,1.0093556133474571e-07,0.2935663378875256,0.08806997202115062
0,1.5488912717023306e-09,0.5580615242898592,0.16741845837118163
0,5.304076680157755e-06,0.3560538023019316,0.10681985354425559
0,4.281829978615272e-09,0.09478287389036,0.028434865164388985
0,3.238863790411294e-09,0.1128805126844783,0.03386415607254814
0,3.91308156633123e-09,0.21603205925958957,0.06480962051703397
0,2.6446662102621655e-08,0.47750299991894984,0.14325091848834842
0,1.124199523439378e-09,0.12805791526921417,0.03841737536770392
0,6.840906575638259e-10,0.17253090146550476,0.05175927091851489
0,6.860761636452225e-06,0.15447262510009196,0.046346590063173106
0,1.5992249332965983e-08,0.741202929188387,0.22236088995109066
0,1.1781568883842301e-08,0.1582319921225227,0.04746960588385503
0,2.9057296930754153e-07,0.05036514262736347,0.015109746189287555
0,4.432314003769997e-09,0.43608069135804106,0.13082421051003212
0,1.6152629900011716e-09,0.09129124268632671,0.027387373936582103
0,6.2446489009126994e-06,0.11990279949315852,0.035975211102178196
0,1.0831739461334523e-07,0.5413563723545478,0.16240698752854058
0,1.5487953106792053e-09,0.20354062404677564,0.06106218829818941
0,3.3229039344593262e-09,0.05006166492172637,0.015018501802550663
0,2.3288100815119715e-09,0.08425087653028762,0.025275264589253343
0,1.142511441990029e-08,0.3964550813807438,0.11893653241180324
0,4.779879291526737e-09,0.6828555203715228,0.20485665945737233
0,3.980056846123298e-09,0.39976433618507035,0.11992930364156089
0,3.8891950952434176e-10,0.10179793189556341,0.030539379840912678
0,1.5777957741477086e-09,0.3072316430188172,0.0921694940101022
0,9.253685482652276e-09,0.15850861600824262,0.047552591280052625
0,3.451086267728734e-08,0.37014029702636664,0.11104211326551386
0,2.194125044696766e-09,0.3938393696138579,0.1181518124200449
0,1.37486720007346e-06,0.12516995392097285,0.03755194858333191
0,4.069224679822024e-07,0.21843370987425104,0.06553039780800289
0,4.80744366024449e-09,0.49241433995813344,0.14772430535265058
0,1.5635083388116675e-08,0.15796298947615828,0.04738890778740585
0,5.094978090131216e-10,0.6707715272752119,0.20123145853921204
0,2.50533674779533e-09,0.053258404044007945,0.015977522966938107
0,6.270173528043383e-08,0.06547015712362125,0.019641091028301073
0,7.45119313996075e-09,0.46576579400485696,0.1397297434172923
0,5.274885576608697e-09,0.2589867371001239,0.07769602482245706
0,1.4563994373823268e-09,0.0801388389806229,0.024041652713666477
0,9.14621220167355e-08,0.09491753731234842,0.02847532521718994
0,6.466667765280591e-10,0.0874988664523727,0.026249660388378556
0,5.296952413533553e-07,0.13686766479734003,0.041060670225870954
0,5.5350324323545046e-08,0.6357426231647807,0.19072282569466123
0,2.9160915431871168e-08,0.18639894872145024,0.055919705029075874
0,1.0324499370832383e-08,0.27201419810656413,0.0816042666591188
0,1.3657047862005022e-09,0.6418780527574441,0.19256341678322658
0,9.646576692128856e-09,0.17511079034100896,0.05253324385490637
0,1.0728909270378457e-07,0.1714599830402609,0.05143807001444316
0,3.521510429207599e-08,0.6474725281583353,0.1942417830980736
0,1.656819202239516e-07,0.19526592815957133,0.05857989442521556
0,1.6635819651273325e-07,0.4967573840421964,0.14902733166339646
0,1.8664873093414123e-07,0.1141099360136083,0.034233111458194146
0,3.452412583973106e-07,0.3297882147146375,0.09893670608327212
0,3.627445446618202e-09,0.22227004025705666,0.0666810146163288
0,1.5163078206059237e-08,0.27241128949283955,0.08172339746200662
0,5.662637083524619e-10,0.06595808121857782,0.019787424761957943
0,9.422996363453012e-10,0.2723866195497743,0.08171598652454203
0,1.1841797388125057e-07,0.03716363427322,0.011149173174547718
0,2.086699238652322e-09,0.42642382347882524,0.12792714850433703
0,1.2701254630796087e-07,0.20689351293987357,0.062068142790744484
0,2.5618148026837887e-08,0.1341566309785519,0.04024700722626919
0,8.916741393598153e-09,0.19948611876461664,0.059845841871103964
0,6.251517584100642e-09,0.12366100493185672,0.037098305855619323
0,5.199230872103656e-10,0.15411361445863425,0.046234084701536435
0,8.556672754410526e-09,0.729559301984489,0.21886779658501762
0,1.5912322530848893e-08,0.07095350469116923,0.02128606254597654
0,1.1802807931305747e-08,0.34662790135958943,0.10398837866984238
0,7.663180215580326e-08,0.21992030495407422,0.06597614512848377
0,2.57761340504575e-09,0.138176236966722,0.041452872894345974
0,2.0811562782304053e-09,0.17598596759667884,0.052795791735813044
0,1.36060505133491e-09,0.19733221670691925,0.059199665964499305
0,3.603065909055525e-08,0.1739453814622608,0.0521836396601396
0,3.756410069963205e-09,0.3329354199845662,0.0998806286248569
0,5.754187598872652e-10,0.16139223988942542,0.04841767236962075
0,2.2325304757706457e-07,0.17197236160606644,0.051591864758953235
0,2.3913281471767102e-09,0.5490016532714492,0.16470049765536446
0,9.019844225731578e-10,0.18379767473917552,0.05513930305314175
0,1.763806712750286e-09,0.3221735238638591,0.09665205839382243
0,3.149123682858259e-07,0.10392085155585606,0.031176475905414617
0,8.487824165671595e-10,0.2529689873465949,0.07589069679812616
0,1.3503076375798568e-09,0.08231252538852041,0.02469375856177147
0,3.8534709374815613e-07,0.4568059560364889,0.1370420565539123
0,8.669560897026739e-08,0.1748586323221908,0.052457650383583514
0,3.401020079223164e-07,0.770233393303658,0.23107025606250292
0,1.0458524766956258e-06,0.1404562653849828,0.042137611712228525
0,5.837713878692944e-08,0.507726465493735,0.15231798051211765
0,2.456832444530279e-09,0.2976648306947064,0.08929945092819462
0,2.4975435441641195e-09,0.19714595670026136,0.059143788758358885
0,8.53091576272937e-10,0.21221158219783298,0.063663475256514
0,9.186956967068488e-07,0.08237849794143992,0.024714192469419673
0,1.1897009988554127e-09,0.08352035425778181,0.02505610711012524
0,4.888892757425514e-07,0.15506572075202518,0.046520058448100574
0,5.437290671386816e-09,0.4634436077833254,0.13903308614110108
0,1.2120720506907653e-07,0.2528299525946808,0.07584907062344777
0,3.1125278358940596e-09,0.10456730296546879,0.03137019306841012
0,5.577592103025234e-09,0.5119166644618778,0.15357500324287782
0,8.531582792848148e-10,0.03833749979752821,0.011501250536469257
0,1.4753288863612632e-06,0.4312989204431019,0.12939070886315102
0,4.39811232720888e-09,0.42585445950824397,0.1277563409311518
0,5.335460542725255e-09,0.18626205346293223,0.05587861977370205
0,1.2560465238364292e-09,0.23045950865555287,0.06913785347589842
0,1.6041472582782797e-09,0.3429323700751966,0.10287971214546206
0,3.962686382204732e-09,0.2537520203644732,0.07612560888322242
0,1.7084219307671397e-08,0.47854534502042345,0.14356361546508056
0,1.9129668632924562e-07,0.14870670272910624,0.044612144726412305
0,2.5622442292916574e-08,0.8090106630632207,0.2427032168546758
0,1.0971548253470945e-08,0.03925564007227644,0.01177669970176671
0,4.903544862756364e-08,0.34132828872878374,0.10239852094344915
0,1.6927787086872752e-07,0.09540001807453358,0.028620123916869678
0,4.785479562995954e-09,0.059487543707034574,0.017846266461946064
0,1.110799498806856e-06,0.12051729682903711,0.0361559666083603
0,4.523606031760109e-07,0.04083970112952717,0.012252226991280373
0,1.1369145181305272e-07,0.6162925550625244,0.1848878461027736
0,7.566176728820154e-08,0.15768096471479387,0.04730434237767526
0,5.2277936488111e-10,0.12358043185446244,0.03707412992228429
0,3.030995213716093e-06,0.18231170059531443,0.05469563187524393
0,2.298438791621232e-09,0.06730482929025594,0.020191450395983936
0,1.5564350337023065e-07,0.3345039104993762,0.10035128210026521
0,3.6399880270952e-06,0.056804164219674935,0.017043797257521445
0,2.6624171159041205e-09,0.2725569333127261,0.08176708185750982
0,5.448718039455044e-07,0.26470887343665683,0.07941304344125981
0,6.168741481173505e-10,0.3900441373644763,0.11701324164115479
0,8.845109635951461e-10,0.4755107688521307,0.14265323127479687
0,1.9400975980437878e-09,0.27422922420678153,0.08226876862010278
0,1.7904523432575012e-09,0.11952144730254377,0.035856435444079765
0,3.6482617353781327e-09,0.6004701549234335,0.18014104903081324
0,8.013463205944218e-10,0.3939957687528436,0.11819873118679548
0,2.321284907964891e-09,0.41393604336581724,0.1241808146346446
0,2.534072114917668e-09,0.0920908714059887,0.02762726319564709
0,1.822457319585844e-09,0.3158276992369866,0.09474831104681611
0,2.619546610126103e-07,0.5441766527745884,0.16325317920063923
0,4.3877587603053264e-09,0.09719760282063383,0.029159283917621282
0,7.889254667280086e-09,0.3000200805510912,0.09000602968780562
0,1.8870526945387865e-06,0.3037329311484802,0.09112120028143024
0,1.3610280413996226e-07,0.10466216544891382,0.03139874490663704
0,2.3099681827944334e-08,0.16603588527057533,0.04981078175094988
0,2.6137320722211737e-09,0.5176381481501258,0.1552914462746502
0,3.824156595080458e-09,0.14239756369308465,0.04271927178483501
0,1.0688795181530415e-08,0.05285907165716419,0.015857728979305884
0,5.978965913906243e-10,0.22335214003595816,0.06700564242931506
0,5.1874581682375235e-09,0.1267697066601241,0.03803091562925795
0,5.047316399475522e-09,0.4754325187683548,0.1426297591636279
0,3.1205068571290077e-07,0.22220667108837056,0.06666221976199116
0,1.9034341207636685e-09,0.2718932427206542,0.08156797414860013
0,2.9337114514068403e-07,0.19081044307360662,0.057243338281883584
0,6.618015076633216e-07,0.13848720230661649,0.04154662395304031
0,5.772967285089566e-09,0.2871178831483119,0.08613536898557066
0,4.107794060203414e-09,0.2233618686338813,0.06700856346562023
0,1.2838608485636563e-09,0.2077792506175825,0.06233377608397734
0,5.598704229471192e-10,0.19987593955901628,0.05996278225961418
0,3.997373224115318e-08,0.10787231691879628,0.032361723057251456
0,2.1653931346491994e-08,0.16748149369079213,0.05024446326498958
0,3.891886513568268e-09,0.13043362668732073,0.03913009073051678
0,3.076205086346946e-09,0.5421821132993063,0.16265463614313544
0,2.385127613350871e-07,0.12829286896735348,0.03848802764913898
0,2.686435172190001e-09,0.055242342632644936,0.0165727046702981
0,1.2312720028267282e-08,0.19801620954917099,0.059404871483655315
0,2.125231622056251e-09,0.2582036264336438,0.07746108941775527
0,4.1822844876740564e-07,0.09323718878285703,0.027971449394771246
0,1.9766046689441887e-06,0.37899210421377805,0.11369901488740167
0,8.030796066562453e-08,0.6826684748168472,0.20480059866062664
0,7.933541849072332e-09,0.10736145649210593,0.03220844250111107
0,3.4014926480751765e-10,0.37862909194812033,0.11358872782254058
0,1.49068618312956e-07,0.21472887447532907,0.06441876669063154
0,6.47282695488018e-08,0.18032131267202678,0.054096439111396714
0,5.042771910792983e-06,0.037012257668800674,0.011107207240977756
0,9.672125484832451e-09,0.17777859445119704,0.053333585105846945
0,4.0778315558911155e-07,0.3799249355002421,0.11397776609828154
0,5.140627763220106e-09,0.20386669644371613,0.06116001253155427
0,4.276508733785407e-09,0.13249719149288453,0.03974916044142147
0,3.691387301680533e-08,0.8015343079064,0.2404603182116311
0,1.1177188968305028e-07,0.08311507117901695,0.024934599594027863
0,1.2253066232453375e-09,0.18132173387140504,0.05439652101913615
0,4.632296162668806e-09,0.694565096320278,0.2083695321386907
0,1.2004345445823367e-05,0.22776542896419893,0.06833803173107175
0,5.971022794804787e-08,0.23358635928696192,0.07007594958324814
0,4.967395054194676e-09,0.25880915887452205,0.07764275113953314
0,1.6412630172041628e-09,0.1812102457436262,0.05436307487197197
0,3.55118140177546e-07,0.1849239610233565,0.05547743688970508
0,5.6159116432760535e-09,0.1718161350588453,0.05154484444879174
0,1.2908750053008437e-08,0.6709305637615601,0.20127917816459306
0,3.759522173601467e-09,0.11113292115557183,0.033339878978337074
0,3.78624338139568e-09,0.23361045473994846,0.0700831390723549
0,2.3692594799878615e-08,0.17795455661798854,0.05338638357021292
0,3.713751495733887e-09,0.11437688275731783,0.0343130674268214
0,1.8152728599619987e-08,0.2615986294122692,0.07847960153059078
0,1.9886576296380523e-09,0.06017695786874033,0.018053088752682443
0,1.646481971901532e-08,0.10890943576912948,0.032672842256112646
0,1.0285976168610979e-07,0.15145034849201222,0.04543517654943685
0,3.4049507597017854e-08,0.7674573353732064,0.2302372244466172
0,6.180805304444775e-06,0.20715579694608155,0.06215106564753757
0,1.7813402888292607e-09,0.18581126761143596,0.05574338153036899
0,1.7267226049357471e-06,0.0944296883957968,0.028330115224562493
0,6.339434744886303e-09,0.03388813752003583,0.010166445693615071
0,1.4557713929100076e-09,0.19384067187076637,0.05815220258026989
0,1.9666382121726446e-07,0.5269023271733886,0.15807083581669143
0,9.231586569695542e-10,0.1363869207111127,0.04091607685954486
0,1.1383120214974202e-06,0.08268039637936964,0.02480491573222594
0,8.968040646108628e-10,0.43235397712498447,0.1297061937652582
0,2.8957039048612523e-08,0.1402088891333363,0.04206268700992822
0,6.806313280680122e-08,0.17477782736281566,0.05243339585303766
0,4.078689751583234e-08,0.11396548437352616,0.034189673862886114
0,8.031883199556492e-09,0.1108745703561177,0.03326237672915355
0,5.899826881907989e-09,0.21188138966785852,0.06356442103023636
0,1.571267284267131e-07,0.05820074264935293,0.01746033278351578
0,2.59723444141496e-07,0.09450556741875249,0.028351852032036644
0,2.293912883798637e-08,0.32870838153498483,0.09861253051788563
0,5.961455188642382e-08,0.42398296187461815,0.12719493029257178
0,3.9161128012757355e-09,0.4127137046332541,0.12381411413125519
0,1.1204277631365727e-09,0.2876577967942532,0.08629733982257538
0,2.9424535519032923e-08,0.3676991476951178,0.1103097649057102
0,2.581183489960498e-08,0.2266585407488766,0.0679975802929474
0,2.644326456935801e-08,0.6092973823332632,0.18278923321026416
0,1.9988948991046665e-08,0.09344521420254981,0.028033578253029236
0,3.666078545106416e-09,0.06917540877568129,0.02075262519895937
0,2.6035800203447595e-10,0.3808121448501025,0.11424364363728134
0,2.434497196305092e-09,0.3344497897375047,0.10033493862539944
0,6.707724582464527e-08,0.39692640318758554,0.11907796791034773
0,1.2596104692507764e-09,0.628654338697938,0.1885963024911087
0,1.6448096590806367e-09,0.22864182868990457,0.06859254975833813
0,1.487729963910803e-08,0.20586292963042607,0.061758889303237564
0,9.94875516148697e-10,0.5127243946316966,0.15381731908592186
0,2.5528858097859494e-08,0.12307530622207963,0.036922609736824555
0,6.17402045356877e-10,0.146420001677935,0.04392600093556193
0,6.614618292244261e-10,0.03925891053555253,0.011777673623689039
0,8.071662328460228e-06,0.12762550021173402,0.03829330022715013
0,3.173459035537054e-08,0.17906365723520112,0.053719119384773584
0,9.665110086922871e-09,0.10526028304963653,0.03157809168046802
0,2.3443153972619067e-09,0.29298881367465646,0.08789664574341771
0,8.573292565412163e-07,0.10876876800313584,0.032631230531420335
0,8.932176501017406e-09,0.15716852249228275,0.04715056300020837
0,2.111014211661655e-09,0.04264931851278475,0.012794797031545372
0,1.6123355297260732e-08,0.5056312703257395,0.15168939238407056
0,3.4700978321950655e-09,0.5096742576571213,0.15290227972620485
0,1.0328114186318787e-08,0.6649286403432958,0.19947859933266868
0,9.844331490848891e-10,0.11340414821414035,0.03402124515334531
0,8.743108657000747e-09,0.15876306098059867,0.04762892441435566
0,1.7773536216071258e-08,0.19460633183255727,0.05838191199124253
0,4.237934500884415e-07,0.19345940784480165,0.05803811900885555
0,3.5462374135065436e-08,0.2468928963377418,0.07406789372498443
0,3.6761242027981663e-07,0.1728625328678206,0.051859017189040374
0,1.9798205372017514e-07,0.21807351949768927,0.0654221944367444
0,1.1400052560845756e-05,0.14321164958067045,0.04297147491099373
0,2.4772605446842896e-09,0.0835066499463274,0.0250519967179806
0,1.921387394046882e-08,0.1493160488148938,0.0447948280941799
0,2.2631747544530436e-07,0.24211864701130892,0.07263575252562549
0,1.8027210097607067e-07,0.12196187134064151,0.036588687592663136
0,5.077179706011483e-09,0.3904109201441507,0.117123279597271
0,1.5119727197561106e-08,0.441254632940686,0.13237640046601484
0,1.2970046178001597e-07,0.19738747575387672,0.05921633351648626
0,6.360610211410561e-07,0.21218537740660726,0.06365605846469696
0,4.265238415684693e-08,0.13288765052150775,0.039866325013121234
0,4.868803901235546e-06,0.5543247547211959,0.16630083457908965
0,2.9435620428455275e-09,0.033419245341435255,0.010025775662924006
0,1.0186672489321152e-05,0.06995536573493766,0.02099374039122382
0,4.502210183886916e-10,0.6072634245827784,0.18217902768998823
0,3.4344686065964014e-09,0.2211058864284926,0.0663317683326758
0,3.152843504951604e-07,0.07283373725636966,0.021850341875956244
0,1.7938788901056767e-09,0.30780178517495727,0.09234053680820241
0,1.4012310678399385e-09,0.5386984343729766,0.16160953129275474
0,2.8385594688824954e-08,0.17929688978969371,0.05378908680682439
0,2.796206251787996e-07,0.05387494879631827,0.016162680373333106
0,1.040004402326054e-08,0.06283673747283092,0.018851028521880094
0,4.744980695517535e-09,0.8020610161923661,0.2406183081791963
0,9.324030229496057e-09,0.10613578032665094,0.03184074062481644
0,5.308429382987242e-09,0.6458320889236682,0.193749630393001
0,6.680394350321788e-09,0.5224983195937162,0.15674950055439088
0,4.9312260695438013e-08,0.2236289057840578,0.06708870625379983
0,6.782030482908884e-09,0.18402288286557844,0.055206869607094866
0,2.6502658629712486e-08,0.19366851597668466,0.05810057334486644
0,4.138359615363222e-09,0.4441263011259525,0.13323789323463747
0,4.889743600113275e-09,0.0818610865449253,0.02455832938629811
0,1.399242529160007e-09,0.13984800227992122,0.041954401663446134
0,1.09739668630568e-08,0.4307307443143893,0.12921923097609359
0,3.4752071787774407e-07,0.22663682254459672,0.06799129002788153
0,5.560789435727627e-09,0.18132923501941933,0.054398774398378404
0,5.388160174170609e-09,0.2192707426214604,0.06578122655815025
0,1.2685214601128031e-06,0.12975552774918864,0.038927546289778674
0,1.0404462035757542e-08,0.2914169623794104,0.08742509599694653
0,9.764120541050714e-08,0.9578782973797486,0.2873635575627684
0,1.6612539232210166e-06,0.1669849299613868,0.0500966418661623
0,3.520557313162846e-08,0.10413697711869918,0.031241117779510944
0,4.93946874808043e-09,0.08819786768845428,0.02645936376416441
0,5.3018064925793714e-09,0.1581380692343759,0.047441424481577316
0,4.861470015478122e-09,0.09598288657581278,0.028794869375772844
0,6.203012907422354e-08,0.5636255558489621,0.169087710175779
0,5.315991433869591e-08,0.826918506640028,0.2480755892039484
0,8.84665633656072e-09,0.0838693991733177,0.025160825944654748
0,3.6974845211984273e-09,0.32261675342479146,0.0967850286156766
1,0.9999995566822433,0.4561811034044012,0.8368540206988906
0,3.273871772431423e-08,0.014538984897921048,0.004361718386478721
0,1.6696964128509198e-09,0.1709408757030575,0.051282263879704734
0,6.479744075071749e-10,0.45645218244340613,0.13693565518660392
0,6.543602290247068e-09,0.15396553219088271,0.046189664237786414
0,4.1103620850142514e-09,0.28448606971658263,0.08534582379222826
0,9.875032704115528e-06,0.024690878582039,0.00741417609750458
0,1.3338879333801143e-07,0.21001136727111436,0.06300350355348965
0,3.1359540085305623e-10,0.23342380910284766,0.07002714295037107
0,7.962291260534172e-10,0.27702210553420625,0.08310663221762227
0,4.9392330640076315e-06,0.18618892141356624,0.055860133887214676
1,0.9999996659597167,0.17868237279917976,0.7536044780115555
0,1.620176779119645e-08,0.6405220488531514,0.1921566259971829
0,9.27486201608858e-10,0.05664953610251833,0.016994861479995838
0,3.2548101002499643e-09,0.45757100496760594,0.13727130376864885
0,4.3695629160820466e-07,0.12638119882352528,0.03791466551646171
0,3.76750787681912e-08,0.08743250925958101,0.02622977915042944
0,1.7234821688137402e-09,0.5545146405292161,0.16635439336520233
0,1.0871931231463528e-06,0.47273272975992975,0.14182057996316513
0,6.289074614314911e-10,0.2916236840200247,0.08748710564624262
0,3.29043500575349e-06,0.1597346510215374,0.04792269861096524
0,3.115654969224262e-10,0.1353906796576977,0.040617204115405155
0,1.0768630287219654e-08,0.2686368731061788,0.08059106946989483
0,1.1539350797184216e-07,0.39894806099173763,0.11968449907297686
0,1.3753787388653392e-07,0.1740747794296844,0.052222530105417046
0,2.399355618571519e-09,0.06188464457340015,0.018565395051568977
1,0.9999998081117254,0.2955607582031604,0.7886680931391559
0,6.66671575898883e-09,0.4870117660614677,0.14610353448514132
0,1.3113029921756833e-08,0.33301272170277607,0.09990382568995376
0,1.9651867791067016e-09,0.32463837038882004,0.09739151249227676
0,5.399778687625304e-08,0.17479246570136098,0.052437777508859106
0,2.457864540650968e-09,0.1738605912656197,0.052158179100191084
0,1.9280338890769837e-09,0.4567500144068185,0.13702500567166925
0,1.3542464035144326e-07,0.27047655527766834,0.08114306138054875
0,5.740704912431048e-09,0.11726748592400016,0.03518024979569349
0,5.128934485063496e-09,0.3074845207563035,0.09224535981714518
0,8.537426284730363e-10,0.13550589793377288,0.0406517699777517
0,3.3823038289339556e-08,0.2270888807378153,0.0681266878974714
0,4.676009879425653e-09,0.3381015093600136,0.10143045608121098
0,2.560787822678323e-07,0.18473789482887093,0.05542154770380887
0,3.5913010258914896e-07,0.29173814319926805,0.08752169435085222
0,1.122816867248862e-09,0.419146262690137,0.12574387959301292
0,1.0504846655840496e-09,0.10647238100179268,0.031941715035877075
0,8.2040417861422e-09,0.35592051477163933,0.10677616017432105
0,3.3711484929455945e-06,0.858362854979037,0.25751121629765616
0,2.547337481284384e-07,0.1700457346759765,0.05101389871641664
0,3.200375248143388e-05,0.24111678595906438,0.07235743841445631
0,1.8586726402424724e-05,0.09826128655712485,0.02949139667561915
0,6.132481552731354e-09,0.251438811598918,0.07543164777241249
0,6.982374667001052e-06,0.14720673599158451,0.044166908459742256
0,2.47034806862906e-08,0.33483931782833876,0.10045181264093811
0,6.069641984380984e-06,0.5554656338268187,0.16664393889743467
0,2.5538457365921062e-08,0.09938033255359158,0.02981411764299763
0,2.0610384690251944e-08,0.23303302817367444,0.06990992287937162
0,1.3913568568837954e-08,0.18320871622059587,0.05496262460567676
0,3.6295872807384415e-08,0.33142520559754296,0.09942758708637385
0,5.1815628252361134e-09,0.06408557775762147,0.01922567695438042
0,1.1620540937376671e-07,0.6019057477109675,0.1805718056570768
0,4.4180642162334263e-08,0.09103159683496387,0.02730950997693867
0,1.8439133469470184e-09,0.1909064440524797,0.05727193450648325
0,1.5348161668876442e-09,0.053607127236834695,0.016082139245421727
0,3.602991136321916e-09,0.16958256135386496,0.050874770928253286
0,1.3624151486440345e-09,0.8017412038296755,0.24052236210259323
0,3.3908137964804505e-06,0.18570982924797474,0.05571532234404996
0,5.601305025255007e-10,0.12665841075846251,0.0379975236196301
0,3.157292752869724e-08,0.1871770012761408,0.0561531224838915
0,5.958274634151539e-09,0.31099890614369574,0.09329967601390096
0,7.554241777628414e-08,0.22765564319573028,0.06829674583841153
0,2.0899134362795136e-07,0.20285454900475008,0.06085651099536556
0,9.021740574275313e-10,0.09980651912740779,0.02994195636974418
0,1.3305948212720379e-08,0.13983896507418236,0.04195169883641845
0,2.8748978030471987e-09,0.1276132875828906,0.03828398828729564
0,1.0436706977869283e-09,0.38411013950878514,0.11523304258320503
0,3.1409010257269107e-09,0.04071839628290408,0.012215521083501941
0,3.697986186131763e-08,0.15119409907200132,0.0453582556075037
0,2.699258347732805e-09,0.27423309689112174,0.08226993095681737
0,1.858571630647173e-09,0.8458334339423614,0.25375003148370856
0,1.5519857557901177e-07,0.1886618727268755,0.056598670457065556
0,6.749018069276041e-08,0.19769387818630468,0.05930821069901789
0,1.9007038278740125e-08,0.1376675857576607,0.041300289032225
0,5.7777777366716206e-09,0.29455575100372844,0.08836672934556294
0,4.259366881626281e-08,0.2003353428507788,0.06010063267080181
0,5.878677602812555e-10,0.14133873046778966,0.04240161955184433
0,1.1741167500446174e-07,0.30042234896800624,0.09012678687857437
0,2.0546910514173417e-08,0.29796551776806746,0.0893896697132576
0,2.8647449747621725e-09,0.12151974361592244,0.036455925090098214
0,2.3455373997228946e-07,0.26620204477298093,0.07986077761951227
0,6.227357916882286e-09,0.2697648269772559,0.08092945245232731
0,1.0723629976155137e-06,0.15937368969031063,0.04781285756119152
0,4.807394928663017e-07,0.63345825256823,0.19003781228811398
0,3.464660946247253e-09,0.4496819966594864,0.13490460142310856
0,5.269794682554161e-09,0.12177046827608973,0.03653114417168319
0,2.6203643092939987e-09,0.2702520522768278,0.08107561751730336
0,1.6205677185508123e-08,0.14141161645560918,0.04242349628065678
0,2.6032591716955687e-09,0.1955989247214568,0.05867967923871846
0,6.925299313696986e-10,0.19302782085416947,0.05790834674102179
0,1.1782738978121488e-07,0.43193314836756536,0.12958002698944246
0,4.263418248137733e-08,0.3374456622478611,0.10123372851828606
0,7.649861522939278e-08,0.19623777557140332,0.058871386220451655
0,2.0391716924558463e-09,0.22094488859296812,0.06628346800531061
0,2.858340473604092e-09,0.20275929069362508,0.06082778920892585
0,2.0918958194586766e-09,0.19076980968039314,0.057230944368445016
0,7.416408073682211e-10,0.03966252390141056,0.011898757689571732
0,6.155069322775427e-10,0.4308826600990643,0.12926479846057412
0,1.0437963751950706e-09,0.39353617809219954,0.11806085415831732
0,9.600308888743745e-09,0.3718745364449979,0.11156236765371559
0,2.4700590264695313e-08,0.1927380058643996,0.057821419049733064
0,5.630484586965973e-10,0.09057462203869893,0.027172387005743596
0,4.319411334913822e-09,0.6278030791167981,0.18834092675862737
0,8.427818065344826e-10,0.41425012240991,0.12427503731292025
0,1.0514251267552996e-07,0.3892763263386767,0.11678297150136188
0,1.0909970219290268e-09,0.0976453192925536,0.029293596551463994
0,1.0392744053910868e-09,0.10946539345197226,0.03283961876308376
0,7.445882187551608e-09,0.35378803843620776,0.10613641674297986
0,1.4961081392720473e-08,0.3958333237008681,0.1187500075830174
0,9.662814292019822e-09,0.4594558042917791,0.13783674805150373
0,2.8707036031844877e-08,0.11625654734135615,0.03487698429733207
0,1.7557592187447617e-08,0.22708449212929072,0.06812535992910174
0,1.6872049087556528e-09,0.42023063894665,0.12606919286503843
0,6.047180069363353e-10,0.1196905144950009,0.035907154771802875
0,3.1677363337304533e-08,0.11676941442081834,0.03503084650039984
0,9.823289454910818e-08,0.36393942573195626,0.10918189648261306
0,4.666998932805855e-10,0.12148643076842491,0.0364459295572174
0,3.185322948318592e-09,0.24216265276840543,0.0726487980602477
0,1.651833710612948e-09,0.0893810126011425,0.026814304936626347
0,1.2160601480346942e-08,0.3657409885381264,0.10972230507385895
0,2.776420860866666e-10,0.17689708733657306,0.053069126395321374
0,1.1057007928301464e-08,0.15987711365894275,0.047963141837588374
0,3.821026028962452e-08,0.3198639386712884,0.09595920834856872
0,1.1803120723005253e-08,0.20421363132914339,0.06126409766092752
0,1.9863746761006514e-09,0.07132609427067904,0.021397829671665983
0,8.08976952527832e-09,0.09416300991384785,0.02824890863699302
0,7.405910673563625e-08,0.12476658449216571,0.037430027189024426
0,2.0063129925914598e-08,0.3844097544186822,0.1153229403697956
0,1.7663287707919964e-07,0.38031433123089764,0.11409442301228324
0,1.8247380102611748e-07,0.13513692596572557,0.04054120552137839
0,1.3621467649709647e-06,0.2469463356679653,0.07408485420312506
0,1.5871678867052335e-07,0.44956558342679365,0.13486978612979017
0,9.473658493070742e-07,0.7577798032368722,0.22733460412715617
0,2.24147852250337e-08,0.3130093023129997,0.09390280638424957
0,1.9602388406102042e-08,0.09469858611260351,0.028409589555452936
0,3.6433940197057887e-09,0.27942760941551825,0.08382828537503129
0,6.370066555552694e-10,0.12057420226879034,0.03617226112654176
0,6.436183895664764e-08,0.16507690857540724,0.04952311762590944
0,3.919611307035229e-08,0.38737632921969456,0.1162129262031875
0,5.149607106442793e-09,0.20928289142361067,0.06278487103180817
0,9.908218207691406e-10,0.14031192267634507,0.042093577496478796
0,5.7911311286405e-08,0.04727041086089545,0.014181163796186535
0,2.112405558928862e-09,0.17834783695982093,0.053504352566630164
0,1.8585634220821686e-07,0.07989327489948128,0.02396811256928393
0,9.60560067501911e-06,0.40462188550557154,0.12139328957214397
0,7.283036632990832e-08,0.18578381866721827,0.05573519658142191
0,3.75925333974436e-09,0.45968911256865264,0.13790673640207313
0,1.2792496006670072e-09,0.08032371683147432,0.02409711594491702
0,6.2414712438335925e-06,0.44555520477927957,0.13367093046365455
0,3.7321262899539173e-06,0.12679972372412307,0.03804252960563989
0,8.076889728434163e-09,0.2315246478057552,0.06945739999554937
0,4.771702659458039e-07,0.17775317906504817,0.053326287738700615
0,1.8724284092197902e-08,0.3178392517595545,0.09535178863486521
0,3.32152361365491e-09,0.6149598802065388,0.18448796638702816
0,6.574806759674955e-09,0.11296963545235528,0.03389089523807132
0,1.5017041395366076e-08,0.06755899259293041,0.0202677082898081
0,9.818095761298727e-10,0.6402866081199463,0.1920859831232506
0,1.617440269537734e-09,0.1516937263302639,0.045508119031287354
0,2.5659179392860335e-08,0.22892352598029297,0.06867707575551346
0,5.700694713534861e-09,0.2547211069985974,0.07641633609006553
0,9.554313930189877e-09,0.5873024905702113,0.17619075385908314
0,1.1432529797208637e-08,0.1571437878608123,0.04714314436101454
0,4.116693851561579e-09,0.21929088677826658,0.06578726891516566
0,8.376992855592601e-07,0.23094542395561068,0.06928421357618308
0,1.0688770535832712e-08,0.33040755969806823,0.09912227539155985
0,4.1709567805035806e-07,0.2644095166928496,0.07932314697482952
0,3.2623978966456937e-09,0.17908684718202905,0.05372605643828725
0,4.3574336740701007e-07,0.10938342388464917,0.03281533218575194
0,1.7035573064962165e-05,0.17407483613577734,0.052234375741878676
0,6.57837978259737e-08,0.5789250515434723,0.17367756151170016
0,5.5987864270899086e-09,0.1391999723043722,0.041759995610462154
0,1.5830649513014351e-09,0.07926783544539107,0.023780351741762785
0,5.044854134383925e-08,0.19075869142730373,0.05722764274217006
0,4.702876574913656e-09,0.2132082428081381,0.06396247613445503
0,1.67875404886401e-08,0.2643994991081918,0.07931986148373589
0,1.887595066084615e-09,0.23811610552183304,0.07143483297786646
0,1.5676576468557935e-09,0.36991962546765234,0.11097588873765606
0,1.909703768781131e-07,0.20688981511500093,0.06206707821376409
0,4.695931321421295e-10,0.18184635071610433,0.05455390554354649
0,3.7766996736406353e-10,0.17935259223840472,0.05380577793589039
0,6.63611264237969e-10,0.4377677903708206,0.13133033757577406
0,2.6572776074643697e-09,0.34092515347446717,0.10227754790243447
0,6.481040289994003e-09,0.3229049820289819,0.09687149914542276
0,2.5862334204219914e-06,0.3478717376154281,0.10436333164802272
0,2.6518111319428e-08,0.10651400722864379,0.031954220731271056
0,1.903837732517244e-09,0.22221134418077082,0.06666340458691766
0,3.58846769762501e-09,0.06593110706988559,0.019779334632893063
0,8.291284463467854e-08,0.23076583127866424,0.06922980742259051
0,2.7060718599007925e-09,0.11928916722231675,0.03578675206094533
0,1.866200301806627e-09,0.4847267160893679,0.14541801613315056
0,5.749157099226226e-09,0.23537514520829161,0.07061254758689746
0,3.848612216620389e-09,0.19937727543835893,0.05981318532553622
0,8.319600144039393e-07,0.17311286886586164,0.05193444303176857
0,9.216709051840448e-08,0.49621723945460705,0.14886523635334548
0,2.326740723646769e-09,0.15007144898360592,0.04502143632380028
0,1.0476379933057819e-09,0.48663876957490027,0.14599163160581669
0,5.439884728529185e-07,0.08483788937729819,0.025451747605120454
0,5.0392060868199275e-09,0.2571059037905321,0.0771317746646039
0,2.0597990630453128e-09,0.211987765363019,0.06359633105076504
0,9.187817686993388e-07,0.23661409657288401,0.07098487211910329
0,3.785724884395099e-08,0.35668492946808883,0.10700550534050084
0,1.0131269619617406e-09,0.1427300528680503,0.04281901656960396
0,8.779349615459687e-09,0.3466036479103115,0.10398110051863818
0,2.5898622729808987e-09,0.0721994942387072,0.02165985008451575
0,1.1961701368629174e-08,0.18211315555584906,0.05463395503994568
0,6.056653055936773e-08,0.10742195394782494,0.032226628580918876
0,1.4134305920007353e-06,0.09482319492081837,0.02844794787765991
0,1.3444840177352914e-08,0.6503836016140683,0.19511508989560858
0,2.277994960604231e-09,0.1828995775838198,0.054869874869742416
0,8.014125862788321e-08,0.04629120405832643,0.013887417316378967
0,2.327212026882612e-09,0.7640809625468956,0.2292242903931171
0,1.8023618149073733e-08,0.34130603756963873,0.10239182388742432
0,6.536715378026763e-09,0.09918818425219145,0.029756459851358198
0,4.591565352013322e-07,0.1602968951324828,0.04808938994931948
0,3.0112111623420728e-09,0.26226124626506764,0.0786783759873681
0,1.3835241052893915e-07,0.2590140002641531,0.0777042969259333
0,6.439394593321601e-08,0.0898872088849656,0.026966207741251833
0,1.8519656013169247e-09,0.12356302772961003,0.03706890961525893
0,3.346179300744171e-10,0.07377864262870193,0.022133593022843127
0,4.109802336129459e-09,0.19614727824150535,0.05884418634931324
0,6.0635177368927e-08,0.08234069730023752,0.024702251634695416
0,3.6348199510406123e-09,0.29939102427074193,0.08981730982559653
0,1.1759594285321168e-09,0.23615824484530035,0.0708474742767617
0,3.962873888843172e-09,0.23394026777136234,0.07018208310542043
0,1.0600553452687456e-08,0.28064390242279524,0.08419317814722599
0,7.64132412721589e-09,0.28090393156918403,0.08427118481968209
0,8.054931902144515e-07,0.08944659315939396,0.026834541793051336
0,4.3704960589779005e-10,0.15767702110268256,0.047303106636739485
0,4.3259293141119786e-08,0.14170930291858652,0.04251282115708115
0,3.710509026570539e-08,0.33701832835330237,0.1011055244795539
0,1.097873216940883e-08,0.6038798158968429,0.1811639524541654
0,1.0534563628051373e-09,0.11500629989493161,0.03450189070589893
0,2.4413797868587057e-09,0.4935005404735634,0.14805016385103487
0,4.4529613766927547e-07,0.3551049821261053,0.10653180634512795
0,2.6148076094350427e-10,0.11221322724844618,0.033663968357570385
0,8.589544569151242e-08,0.30814743261847577,0.09244428991235472
0,3.7839451134323306e-08,0.2230163877682937,0.0669049428181039
0,7.3026399463388816e-09,0.3835895967937868,0.11507688414998399
0,4.3995314159896824e-08,0.11076634852452072,0.033229935354076125
0,5.491894399260585e-10,0.2209286567831007,0.06627859741936282
0,1.3235617305283444e-07,0.16951109396863306,0.050853420839911054
0,1.233453576003963e-08,0.4803994627721885,0.1441198474658316
0,2.2702549766106596e-10,0.080552697274489,0.024165809341264544
0,3.472335346950666e-08,0.20912154256890103,0.06273648707701775
0,4.5704498165762636e-09,0.3662599085249195,0.10987797575679072
0,1.1368328701670386e-09,0.4728711687662077,0.14186135142564532
0,1.2909624429544434e-07,0.863794230759068,0.2591383595950914
0,1.1504668927809883e-09,0.1258465561786286,0.03775396765891541
0,2.0048764185776628e-06,0.6829588475176893,0.20488905766879978
0,1.9696636479015968e-07,0.11093723901511121,0.03328130958098871
0,8.333284655169141e-07,0.19918518586515466,0.059756139089472256
0,3.14169509471329e-08,0.1435555688687421,0.04306669265248829
0,6.664240887073583e-10,0.05540894757758119,0.01662268473977122
0,2.6359112868049007e-08,0.35284622885328687,0.10585388710736507
0,1.8598702135518654e-07,0.4253816561003926,0.1276146270210327
0,3.1773632972674573e-09,0.38126284134817146,0.11437885462860574
0,9.539936846791308e-10,0.1928672073871358,0.05786016288393632
0,2.913550589188814e-07,0.19637193816180476,0.05891178539708267
0,1.5872311383128866e-09,0.1150406467679721,0.03451219514145343
0,5.647190713893758e-09,0.3610806745036468,0.10832420630412753
0,1.3488154639397115e-09,0.0388860705455194,0.011665822107826644
0,2.4150529619590315e-09,0.2938366163181262,0.08815098658597492
0,2.1719658237667492e-07,0.04609448395311966,0.01382849722354356
0,1.4590136839780466e-08,0.19272238797953634,0.057816726606956685
0,7.41382138345142e-08,0.17774114072721492,0.05332239411491416
0,2.8436015841050842e-08,0.23452086625335533,0.07035627978121768
0,4.837785705307911e-08,0.23101935972842924,0.0693058417830287
0,9.94151414728661e-09,0.19868593751235164,0.059605788212765395
0,1.084026331404514e-08,0.21596965217553388,0.06479090324084448
0,2.926659355639813e-10,0.10090450924627281,0.030271352978747997
0,1.4427309628126912e-05,0.11512321157221395,0.03454706258840387
0,1.549676033675839e-09,0.06438765474477515,0.019316297508205765
0,1.371148320936476e-08,0.09449618076959443,0.028348863828916573
0,1.2935890902100058e-09,0.23929667820403122,0.07178900436672173
0,5.219945926010134e-09,0.061225880973721614,0.01836776794607863
0,9.00809996960953e-10,0.15682439587813068,0.0470473193940062
0,2.2898331460511947e-07,0.12759492200387668,0.03827863688948322
0,8.652829305251938e-09,0.2894715336604039,0.08684146615510169
0,4.004274427499095e-08,0.2951053332151784,0.08853162799447452
0,1.9532280957298034e-08,0.6864887895444783,0.20594665053594016
0,6.010413296629529e-09,0.112874101540692,0.03386223466949691
0,2.4700633154195853e-09,0.25627610531151435,0.07688283332249862
0,5.077631972933141e-06,0.14080923998284656,0.04224632633723502
0,1.5206555486791404e-09,0.24146401931486428,0.07243920685891816
0,2.0070776960565468e-08,0.23707304393928252,0.07112192723132862
0,1.0405636036573235e-08,0.5715217747537753,0.17145653971007782
0,8.280306806465245e-10,0.21326586956952764,0.06397976145047976
0,5.610951777428576e-10,0.12792183162559667,0.03837654988044562
0,4.0373587484956275e-10,0.3857250275874955,0.11571750855886376
0,5.715119239708514e-09,0.11458809652839008,0.03437643295910049
0,7.726936562874784e-07,0.2156223038398848,0.06468723203752483
0,1.3536998824754106e-09,0.1304667992294003,0.03914004071641
0,1.7338701537805576e-09,0.07902687238236084,0.02370806292841736
0,5.234571419753734e-09,0.2787658841621157,0.0836297689128347
0,8.021986619439453e-10,0.2924630662514094,0.08773892043696188
1,0.9999991355629488,0.10869046262910276,0.7326065336827949
0,3.929614103921492e-09,0.25600133743218667,0.07680040398038586
0,7.370877358298358e-08,0.37400825081937694,0.11220252684195459
0,4.81286692853938e-09,0.6482559604725047,0.19447679151075825
0,2.386885106709708e-08,0.19785151225564923,0.05935547038489051
0,7.843142761693855e-08,0.3516922676009613,0.10550773518228772
0,2.385574878981761e-09,0.8418569835867286,0.252557096745921
0,7.770947009052168e-08,0.23108125326514706,0.06932443037617318
0,6.48209999817232e-10,0.2768754808471765,0.08306264470789995
0,7.0278714297527566e-09,0.12405989705747922,0.03721797403675377
0,6.852292220208489e-07,0.15143898230936803,0.045432174353265825
0,1.8121238473670307e-08,0.28558998574385397,0.08567700840802313
0,5.8307004792738276e-08,0.3279752548290954,0.09839261726363198
0,3.5282932927466426e-06,0.1435660356707953,0.04307228050654351
0,2.5908231848066622e-08,0.23104096663576457,0.06931230812649167
0,2.5647357850286847e-09,0.49610726975675146,0.1488321827223405
0,1.6857371188688324e-06,0.05706883113455241,0.01712182935634893
0,2.7873941277259953e-08,0.3468232116147696,0.10404698299618977
0,7.076799086301371e-07,0.21759889715626335,0.06528016452281504
0,4.043546245202228e-08,0.5518477541486069,0.16555435454940576
0,3.2853595837460725e-08,0.0086050963805826,0.002581551911691866
0,1.3613590361135973e-07,0.3515818688891904,0.10547465596188964
0,3.954723211211655e-09,0.05304528455507762,0.015913588134829532
0,2.907081638091887e-08,0.5025796160665932,0.15077390516954942
0,6.458575305504811e-06,0.5301049478109132,0.15903600534598783
0,1.69362933417262e-08,0.09354732332644067,0.028064208853337536
0,7.038965316015962e-09,0.46576162961802725,0.1397284938126839
0,1.4425023741741842e-07,0.22700193635709154,0.06810068188229365
0,6.357947108501805e-10,0.028012752379082184,0.008403826158780952
0,1.431634902369044e-07,0.1634123686972666,0.04902381082362315
0,1.6926676693911435e-07,0.12646148492365006,0.03793856396383188
0,3.7560202399165655e-09,0.07915281848475775,0.023745848174641492
0,6.710440752559211e-09,0.3373426561191398,0.10120280153305047
0,1.2291183829664318e-08,0.08096022760311739,0.024288076884763896
0,3.849203129022825e-09,0.6832991717056084,0.2049897542061247
0,3.0094673720395888e-09,0.27969043808596195,0.08390713353241575
0,3.116149178220709e-08,0.49845603649380055,0.14953683276118443
0,1.315356864740669e-06,0.2275701708220439,0.06827197199641848
0,3.390405501352928e-08,0.10141545759825954,0.030424661012316372
0,5.712654428626772e-08,0.0929574654478692,0.02788727962294176
0,9.762675226218617e-07,0.36659557272102505,0.10997935520357334
0,2.8801738736485426e-07,0.2632433234906213,0.07897319865935754
0,4.001336947640372e-09,0.36943004844701666,0.11082901733504086
0,2.218315696335314e-08,0.35176868586071774,0.1055306212864252
0,2.287363041018505e-08,0.46812070009007645,0.1404362260385642
0,1.061456098126517e-07,0.22715546497765537,0.06814671379522348
0,2.959217438199301e-09,0.12904487005175524,0.038713463086978775
0,1.2013927200216123e-05,0.09702440547734403,0.029115731392243358
0,9.42811558956143e-10,0.0719799309365774,0.02159397994094131
0,1.5515849418781093e-08,0.350484398401951,0.10514533038167989
0,2.3178854672543762e-09,0.08520900305791412,0.025562702539894063
0,1.863520897030006e-08,0.19440154516334407,0.0583204765936495
0,5.349247121855475e-10,0.16334841701724678,0.049004525479621336
0,9.68447808694961e-10,0.2559181214522098,0.0767754371135764
0,1.0241110010179403e-07,0.1346095815565309,0.04038294615472934
0,5.296970619527259e-09,0.09540342420249148,0.02862103096862688
0,9.160092836654812e-09,0.1292857260805207,0.03878572423622119
0,3.343214299891947e-09,0.07847064772137247,0.02354119665666175
0,1.44027250285495e-08,0.16967943544553266,0.05090384071556731
0,6.782667852038411e-08,0.43973223680733775,0.13191971852087628
0,4.5204426802385294e-08,0.6890466250087632,0.2067140191457277
0,1.1799440993747913e-08,0.36350522709471866,0.10905157638802429
0,2.4145427493030134e-08,0.13597303468246513,0.040791927306538786
0,3.257113312514045e-09,0.18372802090996643,0.05511840855296924
0,8.140887317876362e-10,0.2396025955091835,0.07188077922261717
0,1.8118166613445321e-09,0.23180451498059917,0.06954135576245142
0,6.35251327006098e-08,0.24021254836296446,0.07206380897648222
0,8.259389826490114e-10,0.08807795223237969,0.026423386247871196
0,2.877069798996906e-07,0.13947505112397662,0.04184271673207891
0,6.080624565402004e-10,0.4121947679218715,0.12365843080220515
0,2.7685078166317938e-08,0.2747649125133347,0.08242949313355512
0,4.140983056365746e-08,0.1866700409065618,0.056001041258849936
0,4.96340323857176e-06,0.07808701303292798,0.02342957829214539
0,3.4883812808558233e-07,0.1862339678758218,0.0558704345494362
0,4.438766806242538e-09,0.44356488937712957,0.13306946992027563
0,1.0871132664099996e-09,0.1759909959891489,0.052797299557723956
0,5.129713455764447e-09,0.11173812953070694,0.033521442450011506
0,4.192981280391339e-09,0.24354534314350296,0.07306360587813777
0,1.6937749797788346e-08,0.20494441223201043,0.061483335526027985
0,3.522204470186542e-08,0.17960838112411182,0.05388253899266484
0,3.7284376848170023e-10,0.09811432553537891,0.029434297921604312
0,1.4666661156278692e-08,0.20437215095524375,0.061311655553235936
0,5.681853185609621e-08,0.19133104998294348,0.05739935476785534
0,1.028927049376096e-09,0.23309562725720123,0.0699286888974093
0,2.1163695531167517e-09,0.19609168625250217,0.05882750735720933
0,6.797447906887282e-09,0.30332572161420224,0.0909977212424742
0,5.226008160840092e-08,0.10027420377903495,0.030082297715767613
0,4.237415799157298e-09,0.17434038599152835,0.05230211876364956
0,1.92516759676129e-09,0.17924883592278695,0.0537746521244534
0,2.0455931708810176e-08,0.20611774543318762,0.061835337949108476
0,1.8707721944379884e-08,0.6077393745478084,0.18232182545974787
0,5.2911854883034075e-08,0.09626271286849564,0.02887885089884711
0,6.798399791283837e-08,0.28526466917271276,0.08557944834061236
0,8.934770781925913e-09,0.5566945234694591,0.1670083632951773
0,8.457198276045491e-09,0.14833663250843687,0.044500995672569855
0,1.9003455396399297e-08,0.0958008279050836,0.028740261673943855
0,9.874621402625704e-07,0.16870549471674057,0.050612339638520354
0,3.451072316996563e-09,0.4665333139835398,0.13995999661081257
0,3.1416033706902598e-09,0.12285736462973518,0.03685721158804291
0,8.702792883431238e-06,0.1644737166672956,0.049348206955207086
0,1.5371001683751597e-08,0.18265487338180386,0.054796472774242336
0,1.890346351953938e-09,0.3529554190399323,0.10588662703522214
0,9.376156296228688e-07,0.11049088663363804,0.03314792232103215
0,4.8626424435970625e-09,0.8220859270318785,0.24662578151341324
0,2.9030587255661335e-08,0.16186209811239904,0.048558649755130794
0,4.0336069946038025e-09,0.616910306635454,0.18507309481416107
0,7.591409551976754e-09,0.21709959999784356,0.06512988531333974
0,2.273413760015647e-09,0.5876844584795979,0.176305339135269
0,1.3918482228801495e-09,0.15207966525907857,0.04562390055201732
0,2.2088209238403616e-07,0.12603621484908234,0.037811019072189374
0,5.678818750113881e-09,0.49650351696359163,0.14895105906425063
0,7.782611986499936e-07,0.08878186639821739,0.026635104702304273
0,3.5980115307476998e-09,0.21116537031062876,0.0633496136117967
0,3.000391287222985e-08,0.04762299714532792,0.014286920146337385
0,1.2403395949246881e-07,0.24533666909063245,0.07360108755096138
0,8.066546204609611e-10,0.1810429412598612,0.054312882942616596
0,1.225363295941591e-07,0.10106869179092459,0.03032069331270809
0,8.258514495781201e-10,0.24411614930537318,0.07323484536970797
0,1.4932261496373293e-09,0.30250123988159316,0.09075037300973626
0,9.98785466577402e-10,0.2000929797770321,0.06002789463225946
0,8.736981178560946e-09,0.07922008438899852,0.02376603143258638
0,1.2710683865303329e-08,0.4551745761914965,0.13655238175492765
0,7.689858174423068e-08,0.05638457768465066,0.016915427134402417
0,8.299031966860568e-10,0.14419069270754248,0.04325720839319498
0,1.5166229663126489e-06,0.2719304510321281,0.08158019694571485
0,6.62111054907335e-08,0.2846305071460097,0.08538919849157674
0,2.0053546291853606e-08,0.28575811603854684,0.08572744884904644
0,1.8672261058208596e-09,0.34865176068482084,0.10459552951250452
0,1.373357732632982e-08,0.19770373109708217,0.05931112894262878
0,3.212972762850399e-08,0.382118312328507,0.11463551618936144
0,1.1354708711300009e-07,0.39376426299401635,0.11812935838116588
0,2.540000124892656e-09,0.35369194640335455,0.10610758569900644
0,3.0766757398653956e-09,0.13555515492806702,0.040666548632093125
0,5.123309223266361e-08,0.20454069656556717,0.061362244832834714
0,2.7134748401142178e-08,0.32733879522134135,0.09820165756072628
0,5.409133597741275e-08,0.36878880554576665,0.11063667952766518
0,1.93449495396819e-07,0.14799196743589438,0.044397725645415095
0,5.382548351868067e-08,0.1244542391089627,0.03733630941052727
0,6.545568169460085e-10,0.2249145191604266,0.06747435620631775
0,4.5475960978676184e-09,0.14854184297749473,0.04456255607656569
0,4.035808160333316e-09,0.168111952013831,0.050433588429215005
0,4.035491220928182e-09,0.8856226299389097,0.2656867918065168
0,9.042099824946614e-09,0.2735903307841142,0.08207710556470414
0,6.751492383646137e-08,0.3365401242678874,0.10096208454081289
0,1.2101079154127042e-09,0.16810265974819671,0.05043079877153456
0,8.400974138755537e-10,0.29757167931372397,0.08927150438218538
0,7.387687718194019e-08,0.3352189804557967,0.10056574585055303
0,2.400022179031387e-09,0.186672844615828,0.05600185506476392
0,1.0573951982502002e-08,0.04981484714239681,0.01494446154448543
0,1.2467853690382941e-08,0.11926840113725667,0.035780529068674585
0,2.6532210985647675e-07,0.11213705102932459,0.033641301034274276
0,3.149615668688984e-07,0.07972733426396428,0.02391842075228609
0,1.0508493658782371e-07,0.04167661734178929,0.012503058761992399
0,2.1575113092828656e-09,0.5881018550368633,0.1764305580213169
0,1.5215378757073803e-09,0.1847768856575448,0.05543306676233995
0,1.2285610308155877e-09,0.5424247644838565,0.16272743020514965
0,3.7474801980597724e-08,0.4159140666887158,0.12477424623897611
0,9.892512555470996e-09,0.156855269065715,0.04705658764447329
0,3.977535065744281e-08,0.29202891757137195,0.08760870311415704
0,7.252000824621719e-07,0.5540926232637557,0.16622829461918442
0,1.9670539235378422e-09,0.08653622445417353,0.025960868713189804
0,5.633626591330426e-09,0.24730012080165065,0.07419004018403381
0,9.987044291477851e-10,0.13191635346430874,0.03957490673838573
0,4.596299363356342e-09,0.2284014281723593,0.06852043166911735
0,1.0943507737083437e-08,0.18827695349662443,0.056483093709442746
0,1.0002245296884654e-08,0.3082152019372726,0.09246456758275348
0,9.69436535429772e-06,0.06456258656189551,0.01937556202431666
0,1.4554670405808803e-09,0.23244538810785942,0.06973361745118475
0,5.12591357201814e-09,0.21706477292176096,0.06511943546466778
0,4.304358240947659e-10,0.17358835712690035,0.05207650743937518
0,2.485400293695028e-09,0.10296217473314728,0.030888654159724388
0,5.270987968846632e-06,0.2586120034110223,0.07758729071488489
0,5.857993114471907e-09,0.1830980450165084,0.0549294176055477
0,1.0626385571754238e-09,0.16072917895140537,0.0482187544292686
0,2.8265626080712394e-09,0.29535826277446353,0.08860748081093289
0,1.7057726903910206e-06,0.11724481959680633,0.03517463991992517
0,1.140517004517338e-09,0.45176039419066694,0.13552811905556197
0,5.227051825632954e-08,0.49637682784589565,0.1489130849431315
0,9.574875381123374e-08,0.17546581735627764,0.052639812231010955
0,1.0062115613830116e-09,0.299000884371581,0.0897002660158224
0,2.0666584529560123e-06,0.1063237783272395,0.03189858015908891
0,1.93660126155699e-09,0.41741643255915284,0.12522493112336675
0,5.1392214475401154e-09,0.15638945874832266,0.04691684122195181
0,2.4215196280683516e-08,0.04820760363262355,0.014462298040424463
0,1.0506065705951852e-08,0.24985474494193094,0.07495643083682527
0,1.2187954034785037e-08,0.38209011609887633,0.11462704336123072
0,5.660278741997535e-10,0.14607598692155155,0.04382279647268497
0,2.5983240347995515e-09,0.34407556979457254,0.10322267275719858
0,1.580626726134872e-08,0.0859583450449356,0.025787514577867765
0,8.729189670781237e-07,0.08589058820930251,0.02576778750606771
0,2.8145117324064418e-09,0.24582175437805753,0.07374652828357547
0,3.987018329366743e-10,0.22975281281330795,0.06892584412308365
0,7.585389037613156e-09,0.18999306699551222,0.056997925408425985
0,6.213674741129599e-08,0.21123380495550126,0.06337018498237357
0,8.050529316871825e-09,0.03440712798429291,0.010322144030658394
0,1.032336630585765e-08,0.10363753635631467,0.031091268133250815
0,9.037196547631285e-09,0.10071576955479133,0.030214737192474982
0,3.818302363309839e-09,0.2093307342538484,0.06279922294896617
0,1.2705249136198342e-07,0.2618398514080399,0.07855204435915591
0,6.379628230996044e-09,0.2602911168906722,0.07808733953294142
0,9.981759059581572e-10,0.15130582482463306,0.045391748146113055
0,1.081899910880545e-06,0.1485149202641759,0.04455523340919038
0,6.112782384504645e-10,0.2852705789192421,0.08558117410366739
0,5.427343918201963e-10,0.11782072593136295,0.035346218159322956
0,5.953014323910112e-08,0.15430438644250744,0.046291357603852494
0,2.6505429544527587e-08,0.36198842941432563,0.10859654737809836
0,1.6325961377479777e-08,0.416376150064771,0.12491285644760426
0,1.9159086234929208e-08,0.0981466213555553,0.029443999818026954
0,2.522080348906544e-08,0.0586373393338111,0.017591219454705775
0,3.7139715786466183e-07,0.31446010224092913,0.09433829065028924
0,1.9084132742467353e-09,0.17834386956409565,0.053503162205117985
0,2.495659399007808e-09,0.10584705276746165,0.03175411757720008
0,1.6298297567347646e-09,0.0639518389974949,0.0191855528401293
0,1.1738040026264828e-09,0.08074969041993041,0.024224907947641924
0,3.9806496183034514e-08,0.2948654575060209,0.08845966511635359
0,2.6333613211025214e-08,0.145509619253835,0.04365290420967974
0,2.051787041126342e-08,0.1929519704548952,0.057885605498977845
0,8.584583327076545e-08,0.8611182797499944,0.25833554401708164
0,1.5741276803313713e-08,0.13563059049839343,0.04068918816841179
0,5.904130092883107e-09,0.3031939500820623,0.09095818915750975
0,1.1809841619603371e-09,0.12853353108426813,0.03856006015196935
0,1.1471690411348897e-08,0.28617558234522844,0.08585268273375181
0,4.098827571284048e-08,0.38951225859613503,0.1168537062706335
0,1.505678305792971e-09,0.15855144750977168,0.04756543530690632
0,6.919143716106153e-10,0.14855063490843223,0.04456519095686973
0,4.387451270745077e-08,0.29168062079510804,0.08750421695069131
0,4.388089734900365e-09,0.5507528748885049,0.16522586553821428
0,6.699914475991124e-09,0.15252039777752924,0.0457561240231989
0,8.817980269858018e-08,0.11890439742375059,0.03567138095298706
0,5.648595081794804e-09,0.5100422805907106,0.15301268813122973
0,2.4659151043759647e-09,0.5426816444318023,0.16280449505568126
0,7.144537930548791e-08,0.23872434405320186,0.07161735322772608
0,7.222032687383902e-09,0.1922460426755569,0.05767381785808994
1,0.999999415393646,0.2671609921073437,0.7801478884077553
1,0.999999424752208,0.08749561363115888,0.7262482814158933
0,7.986822075313977e-10,0.4845000349712293,0.14535001105044631
0,1.0513548188291112e-09,0.3315813753727648,0.0994744133477778
0,1.76936483327823e-09,0.1928073282109094,0.057842199701828204
0,2.9455021384845834e-09,0.09590995347069864,0.02877298810306109
0,1.3524384508251942e-08,0.47601055373249146,0.1428031755868166
0,3.2512257666095094e-07,0.0802423012079686,0.02407291794819424
0,3.8545821784279126e-09,0.2515760292568875,0.07547281147527377
0,3.6228211435622463e-08,0.2751131135301945,0.08253395941880637
0,1.3281835230148213e-09,0.05000618420402836,0.015001856190936974
0,1.7765524783277906e-09,0.07613904530638604,0.022841714835502545
0,5.227321639949203e-08,0.20965779455614386,0.06289737495809462
0,2.2967523680792753e-08,0.0877721615390391,0.026331664538978308
0,1.2316763280367064e-08,0.360633282452116,0.1081899933573691
1,0.9999999161218575,0.371181382985149,0.811354356180845
0,4.698874914156847e-09,0.06959294174818231,0.020877885813667132
0,1.4571210639078028e-09,0.29943796516312227,0.08983139056892142
0,1.0399444240385264e-09,0.16147896237007242,0.04844368943898282
0,2.7856572436524604e-09,0.34257863095956387,0.10277359123782923
0,1.2349850931096527e-08,0.1251873151710663,0.03755620319621554
0,6.510782976219902e-07,0.17410251328982473,0.052231209741755755
0,4.83682665508049e-09,0.2477589991886341,0.07432770314236888
0,2.163837271599515e-09,0.18544090080125042,0.05563227175506122
0,2.0851977532770058e-09,0.26475636562281346,0.07942691114648245
0,4.8569741933466457e-08,0.172876327258917,0.051862932176494445
0,2.15804852078104e-09,0.2984656703583246,0.08953970261813135
0,6.670077310338089e-09,0.13033566037044575,0.03910070278018784
0,1.3880171021833133e-09,0.1385575215581627,0.04156725743906078
0,1.097708505468528e-08,0.22010394809068679,0.06603119211116557
0,5.447862928509381e-07,0.12670279416159458,0.03801121959888337
0,8.32914907874062e-08,0.0656168650312039,0.01968511781340472
0,2.4165107467590056e-08,0.28148658409377614,0.08444599214370807
0,2.0229857446231112e-08,0.16852384939818466,0.0505571689803556
0,1.1802539394510191e-07,0.15358377461448458,0.04607521500212113
0,4.33803498807825e-09,0.2709708382041506,0.08129125449786967
0,1.0322276233208397e-08,0.2000196992669152,0.06000591700566792
0,2.4941273048932378e-08,0.1263352238186738,0.03790058460449327
0,1.1678412434878625e-06,0.2593188239854939,0.0777964646845186
0,3.175444009733276e-08,0.10045034699420186,0.030135126326368625
0,1.467680304997427e-08,0.10880264157096187,0.03264080274505069
0,5.8657656987126815e-08,0.18995237123373254,0.05698575243047965
0,2.3927881440519495e-08,0.16319730530928545,0.04895920834230264
0,2.3520380128827175e-06,0.13534107834056008,0.040603969928777045
0,5.420418803996172e-09,0.14479003146387337,0.043437013233455175
0,8.943532977193319e-08,0.13988344614645676,0.04196509644866786
0,4.370425077853823e-09,0.5891188249329866,0.17673565053919355
0,3.31579267527846e-09,0.3553147258118967,0.10659442006462388
0,2.3020148424202787e-08,0.11621560246626139,0.034864696853982316
0,3.8512409434791404e-08,0.13476745391149392,0.040430263132134776
0,5.898254579018713e-10,0.4713679453578258,0.14141038402022554
0,5.857766619372389e-08,0.1336707423003458,0.04010126369447008
0,8.689909104240631e-10,0.1632272529343406,0.04896817648859581
0,6.107627337703126e-08,0.1200018836195813,0.03600060783926575
0,3.679463873909024e-10,0.16085339272625376,0.0482560180754386
0,3.6491920909577636e-08,0.3123646309502571,0.09370941482942177
0,5.532418122393557e-09,0.07536324331938304,0.0226089768685076
0,1.9155944082086126e-09,0.14684705298733935,0.04405411723711789
0,4.848618056859103e-09,0.1853549926976743,0.05560650120333493
0,1.8303232777219807e-08,0.15555292581003366,0.046665890555273044
0,3.0388366185261536e-09,0.1806994023945364,0.05420982284554656
0,1.7647835863126663e-06,0.22450861162343339,0.06735381883554042
0,7.820081623140271e-09,0.20045908314533745,0.06013773041765837
0,3.9566248416023545e-10,0.22982360602971907,0.06894708208587946
0,1.6506452356572586e-07,0.2604898183854055,0.07814706106078814
0,4.0473187596061734e-07,0.28274327657306375,0.0848232662842323
0,6.774839071050504e-09,0.26529359510547634,0.07958808327403025
0,1.1391373010211336e-09,0.18296843804330365,0.0548905322103872
0,1.2052763201815872e-09,0.09160215986980036,0.02748064880463353
0,1.5217218044686443e-09,0.6219490620576131,0.1865847196824892
0,7.715729983966382e-09,0.24875107071891622,0.07462532661668585
0,7.147288888785538e-08,0.15094614254903715,0.04528389279573337
0,1.1379958747696131e-08,0.18914232972279799,0.056742706882810516
0,4.223569353293018e-09,0.2153445232859501,0.06460335994228357
0,2.083790703009635e-07,0.4293490770183548,0.12880486897085563
0,3.485425545937171e-09,0.2616286903701799,0.07848860955085184
0,1.042265987059923e-07,0.11483880227806453,0.03445171364203846
0,6.8216973920527516e-09,0.429980654408328,0.12899420109768656
0,3.1798075479109914e-09,0.05008914040093149,0.015026744346144729
0,5.311699100996607e-09,0.09908616032341333,0.02972585181521337
0,2.154849304784497e-07,0.18408517750312903,0.055225704090390036
0,1.3350765719078034e-08,0.14186491137353185,0.04255948275759556
0,3.242282156581134e-09,0.38585349682243575,0.11575605131632823
0,3.1698721008489724e-08,0.22993687485880032,0.0689810846467448
0,3.3547632845432852e-09,0.1213203820534483,0.036396116964368785
0,1.2479752817765194e-09,0.07374299649521487,0.022122899822147157
0,3.811179328587738e-09,0.4510932896285458,0.13532798955638928
0,3.161976783881104e-08,0.5829958686175294,0.17489878271909629
0,1.2120245544483932e-09,0.04917177855507704,0.0147515344149403
0,3.744605085745281e-08,0.37766057375395945,0.11329819833842343
0,4.9726552712546994e-08,0.6428698558858803,0.192860991574351
0,5.723272888515338e-10,0.36160877491207644,0.10848263287425203
0,2.894005643371995e-07,0.14875370749584071,0.04462631482914725
0,6.318464949316395e-08,0.5385223559226999,0.16155675100606462
0,3.084638075204447e-09,0.12865315360588303,0.038595948241011556
0,5.080372107417197e-09,0.24576715999433485,0.07373015155456093
0,2.0439583502806375e-09,0.5584218694943327,0.16752656227907065
0,3.4149521987300734e-09,0.2606882347854267,0.07820647282609454
0,1.1717175101054545e-07,0.13930851458904248,0.04179263639693845
0,3.2567200252631724e-09,0.1441285665532115,0.04323857224566746
0,3.5795898861984067e-09,0.17393991931329333,0.05218197829970092
0,2.197328315404407e-09,0.39733013871353307,0.11919904315218974
0,3.760069426150393e-08,0.06942470523655786,0.02082743789145334
0,1.579563711710761e-08,0.4376099398365082,0.13128299300789842
0,1.1067743156299052e-08,0.24302741341665068,0.07290823177241541
0,2.0894731319999153e-06,0.12747814651576717,0.03824490658592255
0,7.353267040477739e-07,0.24363053457614303,0.07308967510153574
0,2.8344113881410976e-08,0.48394875063836784,0.14518464503239006
0,2.539223546801668e-09,0.22080150775560303,0.0662404541041374
0,1.7405941800847377e-09,0.34567262333396487,0.10370178821860539
0,2.19804985364716e-07,0.3596210434772694,0.10788646690667057
0,1.4712247547092969e-09,0.1078156156944704,0.03234468573819845
0,2.475528328919739e-09,0.22655369136952208,0.06796610914372646
0,4.331524250084951e-08,0.6670645368998122,0.20011939139061338
0,2.212198760813631e-08,0.18350521177662882,0.05505157901837997
0,6.974572911109799e-10,0.23633251559547164,0.07089975516686159
0,3.082762979266174e-08,0.46534935277710565,0.13960482741247254
0,1.6499223352877178e-09,0.11583127110279778,0.03474938248578496
0,1.509043690583905e-08,0.1674277108905271,0.05022832383046397
0,1.2270606386724172e-09,0.16240580336114818,0.0487217418672869
0,4.830591333899859e-09,0.06051429223964211,0.018154291053306567
0,1.6345317753755003e-08,0.2853223456227274,0.08559671512854065
0,5.862621817168511e-08,0.6374619780300825,0.19123863444737746
0,3.5852636538914674e-08,0.2214076619652443,0.06642232368641886
0,1.164965641955786e-07,0.4152199541646664,0.12456606779699485
0,3.51624413286914e-09,0.10674384434581463,0.03202315576511528
0,1.8764458738275292e-08,0.6986822494567864,0.20960468797215703
0,4.282081416947826e-09,0.1577153219893308,0.04731459959425623
0,1.0692539501471155e-08,0.19763753283316254,0.059291267334726415
0,1.4701050536183954e-09,0.20878414301560255,0.0626352439337543
0,6.239063988723873e-09,0.1678445453782863,0.050353367980830684
0,1.6168517442407715e-09,0.05781281347242606,0.017343845173524036
0,5.789447359110916e-10,0.3588095017846147,0.10764285094064571
0,3.3462174499332786e-08,0.1104835786438475,0.0331450970166764
0,7.05267448643995e-10,0.3480054214188707,0.10440162691934843
0,3.5703889755704076e-08,0.14096332672845358,0.0422890230112589
0,1.2415086737226926e-05,0.033795063187084584,0.010147209516841433
0,5.797233084888348e-09,0.13325241255043252,0.03997572782319291
0,2.2949120871872988e-09,0.35452829793507246,0.1063584909869602
0,4.745358439116863e-08,0.08459815086230593,0.025379478476200854
0,8.125802281491378e-06,0.18940919545624235,0.056828446698469745
0,2.6843571916552282e-09,0.07910622891078989,0.023731870552287
0,2.916569631425605e-09,0.3097625396879382,0.09292876394798019
0,4.012325911001987e-07,0.24582605570034233,0.07374809757291646
0,1.1994013231716403e-09,0.09805110220067137,0.029415331499782336
0,7.649896600554504e-10,0.09469769881017986,0.02840931017854672
0,1.3961720082026392e-08,0.11017534968887288,0.03305261467986592
0,1.5288749383550513e-08,0.3182007364632007,0.09546023164108476
0,1.083831685170617e-05,0.2600010215521089,0.07800789328742887
0,7.280994541872096e-09,0.0863871279063737,0.02591614346860829
0,5.724861714019801e-10,0.11399752317271594,0.03419925735255511
0,5.995536505894928e-09,0.3320414564832648,0.09961244114185498
0,1.3159150514349085e-06,0.5903185775694058,0.17709649441135775
0,2.1909983876705254e-09,0.06855806264152631,0.020567420326156764
0,3.5651863263337657e-09,0.1712526822694156,0.05137580717645511
0,2.2359869888835477e-07,0.39985806259127654,0.11995757529647218
0,5.353595795030693e-10,0.16961447379946937,0.05088434251459252
0,4.549053128616928e-09,0.2984250956361887,0.0895275318751938
0,1.8007455153075354e-08,0.08612390324476493,0.025837183578648087
0,1.1921345462719233e-09,0.30117654167707153,0.09035296333761564
0,2.2719861861561057e-09,0.08988463961839754,0.026965393475909594
0,4.791587793620807e-09,0.7697382928521483,0.23092149120975594
0,7.020863420435574e-07,0.23178891307992955,0.06953716538441829
0,1.0107028172456436e-08,0.10816992841895245,0.032450985600605456
0,6.408805301799299e-10,0.0725310681650897,0.021759320898143277
0,3.6617507606968713e-09,0.1163365148052855,0.03490095700481118
0,2.8651208598149273e-08,0.2064868032518714,0.061946061031407436
0,1.2265567843791799e-09,0.18981989549635991,0.056945969507497717
0,6.117744075027499e-10,0.28706365761672525,0.08611909771325965
0,2.4508391492915727e-09,0.2922581798908971,0.08767745568285654
0,1.2829563868369463e-09,0.3709265758591004,0.11127797365579958
0,6.437469985259558e-08,0.23670655013941755,0.07101201010411516
0,2.9115047394469426e-09,0.5101837465572867,0.15305512600523932
0,4.2684793534820414e-07,0.06504717409750549,0.019514451022806387
0,1.4975467312439561e-07,0.22853438242048574,0.06856041955441691
0,1.4093370804659593e-08,0.39893563798688725,0.11968070126142573
0,2.1793169410768894e-06,0.18440809432946137,0.055323953820697165
0,7.254957942144604e-10,0.24135455073273915,0.0724063657276688
0,7.719832341553941e-07,0.1428100874726037,0.042843566630045016
0,5.073920024724531e-07,0.1363983671272503,0.04091986531257681
0,1.4471442831669384e-07,0.4148212413496204,0.12444647370498593
0,8.236020922181758e-09,0.2834108757709246,0.08502326849649201
0,3.4272017582472e-08,0.09059055622634815,0.02717719085831675
0,1.927930960986294e-09,0.21878719648198997,0.06563616029414866
0,2.0128518161689667e-09,0.5395849645348185,0.16187549076944183
0,7.364943379070749e-06,0.17006458964666638,0.051024532354365264
0,1.912951510398543e-08,0.11766765386825995,0.03530030955113855
0,1.2646130405615712e-07,0.11320688903351472,0.03396215523296726
0,9.923651113665205e-10,0.22099988184137354,0.06629996524706765
0,1.5750033016266777e-08,0.1572142944582875,0.047164299362509356
0,2.2491374798977786e-09,0.1847968302335592,0.05543905064446399
0,1.575746363311722e-09,0.4569761901295373,0.13709285814188363
0,7.1993847477911935e-09,0.27980505219416374,0.08394152069781843
0,1.6247066191671668e-09,0.11977751448645801,0.035933255483232035
0,1.4168147245350604e-09,0.14259706688576923,0.04277912105750107
0,1.2866976478208446e-07,0.18814673736611098,0.05644411127866864
0,4.478306858567103e-09,0.637724382478295,0.19131731787830328
0,6.093875061667492e-09,0.37448088023007675,0.11234426833473557
0,8.704854055285165e-08,0.14624941974008188,0.043874886856002944
0,7.972468404628918e-10,0.5949989690615669,0.17849969127654286
0,3.5871583976432344e-09,0.6034742391375663,0.18104227425228075
0,1.193212656369632e-08,0.11696166499745009,0.03508850785172362
0,1.8536451240740015e-08,0.45297710112163836,0.13589314331200736
0,1.3445358948576294e-09,0.12044445147287519,0.03613333638303768
0,2.503455349448331e-07,0.15630868066217196,0.04689277944052605
0,2.083245876042406e-07,0.36802134396531316,0.11040654901680527
0,8.169300954893863e-09,0.16207211245884157,0.048621639456163136
0,3.4549901759320905e-08,0.715753594680405,0.21472610258905273
0,8.693437451574076e-10,0.20404966072565112,0.06121489882623595
0,3.738434514206082e-09,0.11405237713349548,0.0342157157569528
0,7.214153292365631e-09,0.1778153658770123,0.05334461481301099
0,2.544661328765659e-07,0.6314496129628362,0.18943506201514387
0,3.394416177715695e-09,0.13782655501826746,0.04134796888157156
0,4.415124250843058e-08,0.3286147812925371,0.09858446529363087
0,1.126203188150621e-06,0.12662155541949294,0.03798725496807958
0,8.956362878743535e-10,0.4085509302640854,0.12256527970617101
0,8.184474812451472e-09,0.6671659545233991,0.20014979208615208
0,3.819781621695103e-09,0.2017948342552851,0.06053845295043266
0,3.199897884344492e-09,0.11024890406427434,0.03307467345921082
0,1.2221099333334222e-08,0.10349092166915719,0.031047285055516686
0,2.240785310590975e-09,0.08101584084972524,0.02430475382346729
0,2.5816801353240196e-07,0.2176230411342538,0.0652870930578856
0,1.299382136265804e-09,0.1392005587075167,0.0417601685218225
0,3.5806081957859105e-09,0.227884006003921,0.06836520430760203
0,2.0744796685841548e-08,0.6699895176088869,0.20099686980402373
0,9.285431488571308e-10,0.6117723948765679,0.18353171911295058
0,1.4209066471012113e-07,0.34599033641740917,0.10379720038868805
0,1.7419881070702553e-09,0.07030797612578232,0.02109239405712637
0,8.112686819500561e-08,0.10000149861900953,0.030000506374510596
0,1.4077011209219753e-09,0.4826058618408914,0.1447817595376582
0,5.97120901390243e-09,0.09102517744148964,0.0273075574122932
0,1.3013867758742406e-09,0.05646499636679292,0.01693949982100862
0,8.692883221732294e-10,0.21034178322226826,0.0631025355751823
0,1.6535681887342064e-09,0.6399596110322202,0.1919878844671638
0,2.1817162446871403e-09,0.0774370558939308,0.02323111829538061
0,6.127707795423918e-08,0.2596145981431023,0.07788442233688525
0,3.2702804872328156e-09,0.24302959192222717,0.0729088798658645
0,3.6197368032167333e-09,0.3760429882130899,0.11281289899774273
0,4.501639492741387e-10,0.20018927352955485,0.06005678237398122
0,6.138635175603385e-07,0.19707251215003052,0.05912218334947145
0,1.9052566702119407e-07,0.1735034452341525,0.05205116693821266
0,2.772877844108283e-09,0.540548169526424,0.1621644527989417
0,2.4799638645412335e-06,0.3454845363225445,0.10364709687146853
0,2.8916258326973257e-09,0.11087836279499463,0.03326351086263647
0,2.2374924955655666e-06,0.16940189714010156,0.050822135386777365
0,2.630114200954273e-06,0.18189128501904372,0.05456922658565378
0,4.0210471931458816e-09,0.11944758832457403,0.03583427931210524
0,7.54657571859863e-09,0.043412978256144985,0.013023898759446498
0,1.155650978615142e-09,0.09511447882073387,0.028534344455175845
0,1.2128923829664885e-08,0.6861004016873948,0.2058301289964651
0,9.791722629984759e-08,0.16123743040832228,0.04837129766455509
0,4.1164126089478355e-09,0.09974176553510239,0.029922532542019542
1,0.9999998549396965,0.43992597611494444,0.8319776912922707
0,2.2562362129551544e-09,0.11240926026648745,0.03372277965931158
0,8.50118836066312e-08,0.36830082742837944,0.11049030773683235
0,7.58154113845912e-09,0.19742920109153717,0.059228765634539944
0,1.2711013311105775e-09,0.2332997094221151,0.06998991371640546
0,1.3972546036248356e-09,0.6162853835449694,0.18488561604156906
0,9.36084803896888e-10,0.14935564206476193,0.04480669327468794
0,1.567580010315784e-07,0.1778033576076724,0.05334111701290244
0,4.373367229372184e-09,0.08003625633369982,0.024010879961467006
0,7.295680411271449e-09,0.11428736662391747,0.03428621509415153
0,1.2558601589480636e-08,0.2455662409842918,0.07366988108630866
0,2.8120075766742003e-08,0.024676529135524095,0.0074029784247102645
0,1.3395964610912714e-09,0.38641729665523683,0.11592518993428857
0,1.6930139025197868e-06,0.14109741142443255,0.04233040853706153
0,6.344828073856259e-08,0.2262048469150474,0.06786149848831073
0,4.2212357548010245e-08,0.2021683801067471,0.060650543580674406
0,8.564037550351141e-09,0.33492541181419166,0.10047762953908379
0,6.243354714699692e-09,0.4015405935384333,0.12046218243187828
0,1.077973108970956e-09,0.06425206027143393,0.019275618836011355
0,5.308982930135027e-08,0.2725237903810105,0.08175717427718365
0,6.344016048378859e-08,0.31556253707357074,0.09466880553018356
0,1.5651734032501668e-08,0.6756267191329904,0.20268802669611094
0,2.0240367664139197e-08,0.4580983781058976,0.13742952760002664
0,1.0384259765848784e-05,0.24410901267329,0.07323997278382309
0,1.2345720575754744e-09,0.20392199843366687,0.0611766003943005
0,6.739225646630726e-07,0.0942015486515978,0.028260936341274603
0,1.5559371089050232e-09,0.24002141863224025,0.07200642667882805
0,2.674692448416749e-09,0.21392319621778322,0.06417696073761968
0,2.199486088147179e-08,0.5791472183593667,0.17374418090421262
0,2.64467392406547e-09,0.2538906551269542,0.076167198389358
0,1.489412445619891e-09,0.19769587032057168,0.05930876213876021
0,7.3605635740487935e-09,0.20078394084331985,0.06023518740539046
0,1.721427879540118e-08,0.41007007846172305,0.12302103558851206
0,1.4724789757428868e-06,0.4828195728783108,0.14484690259877625
0,7.20772973360266e-10,0.1900980583157259,0.05702941799925885
1,0.9999996212752138,0.1298020173497103,0.7389403400975627
0,7.956976048921242e-10,0.27058495649077174,0.08117548750421984
0,5.535784724860625e-09,0.07790629721663134,0.023371893040038706
0,1.753409682127028e-09,0.0463167953276179,0.013895039825672147
0,2.1888955069178545e-09,0.5057400994731331,0.1517220313741668
0,2.686873722830635e-09,0.08197912361538717,0.02459373896542776
0,3.6483466238724257e-09,0.21805576894823142,0.06541673323831206
0,2.0119219455804584e-09,0.2449092181333976,0.07347276684836464
0,7.966962695526447e-10,0.2956296590322648,0.08868889826736681
0,1.6055979831860167e-05,0.04538291805530703,0.01362611460247441
0,2.7855458378455994e-07,0.25661704607435876,0.07698530881051627
0,1.4565913384556914e-07,0.47628860469545,0.1428866833700287
0,1.4669795750569914e-08,0.18080327755306458,0.0542409935347764
0,8.144566424158872e-10,0.3865205210986411,0.11595615689971198
0,1.6499499756627173e-05,0.0882202825808831,0.02647763442409457
0,2.663458154504436e-09,0.19057604483202495,0.05717281531402819
0,5.352927314949119e-10,0.4380698961943461,0.13142096923300872
0,4.503146495879561e-09,0.38251498841105613,0.11475449967551937
0,5.112343173129323e-06,0.16684745748849605,0.05005781588677001
0,6.990696474993667e-09,0.08883344943610771,0.026650039724319844
0,5.263881888184629e-08,0.2946311564053058,0.08838938376876496
0,6.575501129480399e-08,0.23873306710333253,0.07161996615950766
0,4.527381953039627e-09,0.5497337855732598,0.16492013884114531
0,5.219954155355586e-07,0.1706394368379862,0.05119219644818673
0,5.148348928153496e-09,0.2756483308172646,0.08269450284902362
0,4.008247829840086e-08,0.10590619117167888,0.03177188540923847
0,1.991203108863888e-09,0.04779287704265245,0.01433786450663791
0,3.62072690699109e-10,0.3744048377792093,0.11232145158721367
0,6.171961274880685e-07,0.19518434512480576,0.05855573557473097
0,2.5176826107793038e-08,0.31949445394569476,0.0958483538074867
0,1.4298640669261635e-08,0.06055614876313531,0.01816685463798906
0,1.2626290755464416e-09,0.3783482944063584,0.11350448920574786
0,3.177929840333391e-07,0.1689370593413969,0.050681340257507895
0,4.000228384544832e-09,0.16900408008413303,0.05070122682539978
0,6.667174573327019e-10,0.134992662621501,0.04049779925315252
0,5.808076183027516e-08,0.09978190253153985,0.029934611415995235
0,3.3703943062930953e-06,0.10410929180748885,0.031235146818261058
0,1.615710560147042e-08,0.27954200841380583,0.08386261383411567
0,2.3625775688352173e-09,0.1004376663729486,0.030131301565688877
0,6.245351511288019e-08,0.5398666574925888,0.1619600409652372
0,6.767298448875184e-09,0.19568669652368276,0.058706013694213736
0,9.120172122623931e-09,0.37568474809619623,0.11270543081297935
0,2.6259542945591258e-09,0.6397498321088533,0.19192495147082397
0,5.070043160815579e-09,0.1584400807122902,0.047532027762717276
0,1.8062165881773245e-08,0.6089130013977566,0.1826739130628431
0,7.494266258898874e-09,0.7034384045498607,0.21103152661094457
0,1.0903162241170127e-09,0.11535870543994964,0.034607612395206246
0,1.3472110869384018e-08,0.15045704913391877,0.045137124170653235
0,3.6952748749209076e-09,0.11389998638299237,0.034169998501590124
0,1.059558265571303e-09,0.5643652790727309,0.16930958446351008
0,3.2630795960622964e-08,0.17301971006743522,0.05190593586178774
0,8.302998902117299e-09,0.5291204587994619,0.1587361434519378
0,7.658022298384077e-08,0.2980571790756067,0.0894172073288381
0,1.693313756589736e-08,0.633795274324209,0.19013859415045897
0,2.9312332087813856e-08,0.12409390778302476,0.037228192853539885
0,7.270793062383974e-09,0.4444842735761355,0.1333452871623958
0,4.319734579258142e-09,0.2521337850304357,0.0756401385329449
0,2.883266392603066e-08,0.5279360066074164,0.15838082216508964
0,9.219371543043705e-09,0.24559326358783273,0.0736779855299099
0,7.904946186622474e-09,0.6202957856229343,0.1860887412203426
0,6.497489398838252e-10,0.13993453640791442,0.04198036137719858
0,4.0962822419575886e-07,0.09728750971161126,0.029186539653240317
0,2.7153142034584405e-08,0.18347384303808623,0.055042171918625295
0,8.51288161415483e-09,0.07583718793120986,0.022751162338380086
0,1.2228341998887295e-08,0.23601447987305013,0.07080435252175443
0,1.4015126053575458e-08,0.2144974238581735,0.06434923696804028
0,1.2436131261718694e-05,0.22676822972617694,0.06803917420973629
0,5.5582216174814495e-08,0.1433341797592298,0.04300029283532026
0,2.9151622926228956e-07,0.07366230264329032,0.02209889485434758
0,9.520313210796065e-10,0.3178427591698625,0.09535282841738067
0,5.991246548425335e-10,0.12014211303577527,0.03604263433011984
0,8.183655242724365e-08,0.08867051277434923,0.026601211117891467
0,6.559802257657785e-10,0.10730278365379675,0.03219083555532518
0,9.8861827178964e-09,0.29778238154311654,0.08933472138326287
0,6.54589625769109e-08,0.16077646437396342,0.04823298513346283
0,7.891641332926684e-09,0.3316167817280121,0.09948504004255257
0,2.5203993343353166e-08,0.0068979704549795295,0.002069408779289199
0,1.6600531128099475e-06,0.1453296994642297,0.04360007187644787
0,1.3557333886005544e-09,0.430938836230496,0.12928165181816217
0,2.5695929315991337e-09,0.032875751363468875,0.009862727207755714
0,8.84226261301594e-09,0.19777261242469202,0.05933178991699144
0,3.2008439412602906e-08,0.1812621536500183,0.05437866850091307
0,7.289836147330699e-07,0.6624744523365471,0.19874284598949446
0,9.863842098538796e-09,0.5630260466086312,0.16890782088727882
0,3.399523759568095e-08,0.09369249707258387,0.02810777291844148
0,3.6836401171744586e-09,0.226327926041603,0.06789838039102898
0,1.4114104488403432e-08,0.21742538620203988,0.0652276257404851
0,1.2769429334797253e-07,0.23047744905108858,0.06914332410133192
0,3.612275470008378e-08,0.3847388943245226,0.11542169358328506
0,1.807808470473032e-09,0.17112651358913133,0.051337955342205324
0,6.403578399255408e-09,0.05905104692035623,0.01771531855861175
0,2.795002328170472e-09,0.1779229771226336,0.05337689509329171
0,5.079444606036528e-09,0.1031765082950874,0.030952956044137444
0,9.909900321663342e-08,0.10614133856514474,0.03184247093884567
0,9.285038575085154e-07,0.11760694519685744,0.03528273351175749
0,1.7522018656960834e-08,0.3206658695236956,0.09619977312252173
0,1.7761982791217148e-09,0.09412711757418835,0.0282381365155953
0,7.906362655179086e-07,0.10486909562560387,0.03146128213306702
0,4.739311116343982e-09,0.4987435021579505,0.14962305396490294
0,9.094041334479788e-09,0.27570941908941027,0.08271283209265201
0,4.668914918871921e-09,0.22557906003332573,0.06767372127823816
0,2.3497643657123027e-08,0.10940331873077958,0.03282101206758443
0,2.3830387539047506e-08,0.10432056777986243,0.03129618701523
0,8.883653589687516e-08,0.17163376475673842,0.05149019161259665
0,3.253676061677248e-08,0.37727398748968777,0.11318221902263875
0,2.164657928385987e-09,0.6117048659659297,0.18351146130503945
0,2.883688479805148e-07,0.22359536164442673,0.0670788103515216
0,1.4129275405789393e-08,0.23185890492840278,0.06955768136901362
0,1.9097061809004386e-09,0.2533213040598402,0.07599639255474638
0,2.015738623980146e-09,0.4630823399715204,0.13892470340247312
0,6.506023853507802e-10,0.13150890166179197,0.03945267095395926
0,6.93313325126349e-07,0.36533834975629675,0.10960199024621661
0,5.0471501318076625e-09,0.5116066646462782,0.15348200292688854
0,3.1133509913331325e-09,0.17915163943097034,0.0537454940086368
0,1.393452719146802e-09,0.24153945327209503,0.0724618369570454
0,7.075870480819408e-09,0.5371734646706947,0.16115204435431774
0,3.610013455908244e-08,0.5410492486893246,0.16231479987689154
0,4.241276620878207e-08,0.11405960849392716,0.03421791223711449
0,1.5395704689551443e-08,0.11095518748302347,0.033286567021900325
0,5.399266216788408e-08,0.6398006386955734,0.19194022940353553
0,8.82999346407152e-08,0.19873127252033462,0.05961944356605463
0,3.003867167537281e-07,0.6528155432418002,0.19584487324324182
0,4.250316061977091e-08,0.39619819557400193,0.118859488424413
0,5.0797670847553293e-08,0.40764869920565105,0.12229464532006491
0,8.727831639851292e-09,0.20159130011013382,0.060477396142522295
0,1.9645402516804435e-09,0.2064307780547192,0.061929234791593936
0,4.096677239584955e-07,0.0748949717572045,0.02246877829456812
0,3.902254964679017e-10,0.23002251112006067,0.06900675360917605
0,2.689752174031141e-07,0.19486763392894269,0.05846047846133499
0,4.23541675902265e-08,0.13155480911898987,0.039466472383614275
0,7.525755978957917e-09,0.530687810398853,0.15920634838768508
0,9.737067943198409e-06,0.16326164406315047,0.04898530916650538
0,1.374367945700925e-09,0.24378243541714806,0.07313473158720198
0,2.640638013675426e-06,0.6442279651342131,0.1932702379868735
0,1.1393678523452497e-08,0.4440392296217941,0.1332117768621132
0,1.1534143063206277e-08,0.16247702229515082,0.04874311476244539
0,2.3636382393674136e-08,0.10876057086514168,0.03262818780501018
0,9.036639845790052e-08,0.04777473037516655,0.014332482369028886
0,1.9404994293981325e-07,0.6865982032874816,0.2059795968212045
0,5.036383173822111e-10,0.42931746366950674,0.12879523945339885
0,1.531530278090527e-09,0.09764199110260885,0.02929259840285385
0,3.2549268972547988e-09,0.11587102047400677,0.03476130842065085
0,5.737474049733478e-07,0.15498824050562154,0.04649687377486994
0,1.8185923598831274e-08,0.15619371953010708,0.04685812858917864
0,2.0362609807597335e-09,0.1696841488154106,0.05090524607000587
0,3.3635125661127056e-08,0.5302203199053461,0.15906611951619182
0,6.016095284368365e-08,0.05044314488162216,0.015132985577153637
0,4.226962504859766e-09,0.1518877933119166,0.04556634095244873
0,5.792195476145334e-09,0.19145495552552172,0.057436490712193346
0,3.882699775104064e-10,0.33530379081049044,0.1005911375149361
0,1.5088619589472985e-09,0.11956680194061375,0.035870041638387494
0,2.8192344256204638e-09,0.06065731916037054,0.018197197721575256
0,5.394345589553825e-09,0.1539996298904659,0.046199892743181675
0,3.2296276413619868e-09,0.48179747192742006,0.14453924383896535
0,4.543938377698389e-09,0.3158701730601784,0.09476105509881039
0,8.422933178468377e-10,0.11601643475768231,0.03480493101691001
0,1.5714955955705903e-09,0.19410218505918087,0.05823065661780117
0,4.092569959280598e-08,0.18960407637744603,0.05688125156122352
0,1.3091803915802244e-08,0.08105383106425679,0.024316158483539775
0,5.5138540498347214e-09,0.26717003273912643,0.08015101368143576
0,2.475576962919044e-09,0.10176732411575395,0.030530198967630057
1,0.9999992607318474,0.07833053489361053,0.7234986429803764
0,9.53497338168318e-06,0.17850698655690234,0.05355877044843788
0,6.635802967829299e-08,0.2941038809842702,0.08823121074590184
0,1.1327404433994992e-07,0.4821646270012525,0.1446494673922068
0,1.7548528305659905e-09,0.6990327212630542,0.20970981760731325
0,8.78918006625094e-10,0.5881798230636783,0.1764539475343461
0,8.90941786996416e-09,0.2009199554686194,0.060275992877178323
0,7.2359814537299635e-09,0.6285174099371877,0.18855522804634334
0,1.3763835164085819e-09,0.11969396935993903,0.035908191771450174
0,1.3694595871406495e-08,0.10928102159279462,0.0327843160640555
0,3.847894042844145e-07,0.19402394468897932,0.058207452759276794
0,1.4537680642751429e-09,0.18226831530527265,0.05468049560921944
0,5.723616720919845e-09,0.2520700555284636,0.07562102066507079
0,1.7344971375224797e-08,0.3024248178377891,0.09072745749281667
0,1.3174161858669851e-08,0.4299443874906115,0.12898332546909672
0,1.1097891828312883e-08,0.43722105945087597,0.13116632560378705
0,2.9303110427736124e-09,0.17436480976875468,0.05230944498184413
0,2.0275722729931537e-09,0.3259755434047116,0.09779266444071406
0,1.8575719895629362e-08,0.18421457902099236,0.05526438670930163
0,5.087860339452418e-09,0.35240061429125735,0.10572018784887943
0,1.7623213601246424e-06,0.21413016158058262,0.06424028209912688
0,9.99627435815154e-06,0.10402694898693998,0.0312150820881327
0,2.7832635667801583e-07,0.14328427203857363,0.042985476440021764
0,1.9376864667977704e-09,0.6388696161519942,0.1916608862019788
0,6.401467385796257e-09,0.6068523307748612,0.18205570371348553
0,1.437582889749376e-08,0.19438963581045277,0.05831690080621606
0,2.1454466307736787e-07,0.08375637154306903,0.02512706164418486
0,3.6618723915350578e-09,0.25042868306497523,0.07512860748280324
0,6.9289329278741235e-09,0.3223650531625769,0.09670952079902612
0,2.5170645797520056e-09,0.19027063466870775,0.05708119216255753
0,3.715058814901074e-08,0.41107625641406564,0.12332290292963138
0,3.7261334122677205e-09,0.17197805518457332,0.05159341916366538
0,1.5549759906247479e-09,0.31673640929687075,0.09502092387754442
0,2.2463512655476096e-05,0.7742154803556125,0.23228036856554257
0,2.104090160650541e-09,0.7744653421951088,0.23233960413139573
0,3.1428847050464726e-09,0.15932028351509597,0.047796087254548085
0,1.0581303627503408e-08,0.5525998587614485,0.16577996503534706
0,6.869815544427404e-09,0.12470368340060534,0.03741110982905248
0,3.837781799127429e-09,0.31832459274535685,0.09549738051005431
0,6.59946205081782e-08,0.5006490326284356,0.15019475598476506
0,2.1862555296239042e-07,0.10643597010152317,0.03193094406834402
0,3.73298965397515e-09,0.2569187732717165,0.07707563459460771
0,3.611109362642533e-08,0.15942854712922083,0.047828589416531786
0,1.570171066854138e-08,0.4427721380273383,0.13283165239939895
0,2.706500140511763e-08,0.2735226069853708,0.08205680104111222
0,3.2480812796526538e-09,0.19075783955751824,0.057227354140912366
0,3.845644517142402e-09,0.451780999643871,0.13553430258511245
0,3.823695862233306e-09,0.756298201722525,0.2268894631933446
0,2.9376096014411666e-09,0.4283123754921405,0.12849371470396886
0,1.7625425253980452e-06,0.22585378569628933,0.06775736948865457
0,2.0183785504797335e-09,0.2833416989316063,0.08500251109234688
0,4.433133109211733e-08,0.7200172212407342,0.21600519740415203
0,1.5646314771606124e-09,0.1127964844135676,0.033838946419312316
0,1.4224318189115849e-09,0.4280285383607496,0.12840856250392715
0,7.725337106599032e-10,0.3399281549873857,0.1019784470369893
0,1.1988513827189307e-08,0.596383834007499,0.17891515859420937
0,9.602544758712284e-10,0.4295388959266042,0.1288616694501594
0,5.4084763474759914e-08,0.2650173623642038,0.07950524656859558
0,1.6761927350014232e-09,0.16102758911274506,0.048308277907158435
0,1.130509958997478e-09,0.17362926139092316,0.05208877920863392
0,1.431863481822753e-07,0.18881721494409864,0.05664526471367332
0,2.9531985016624168e-09,0.32520203600447306,0.09756061286858086
0,2.1761957882431797e-08,0.17308764279991973,0.05192630807334643
0,6.635959314563762e-10,0.08093183969460016,0.0242795523728972
0,9.874150722379204e-09,0.5578876256164655,0.16736629459684516
0,2.1831542073059715e-08,0.21653685693060798,0.06496107236126183
0,7.616730118483943e-09,0.26554447991480346,0.07966334930615213
0,7.055512632253716e-06,0.06294217745851738,0.01888759209639779
0,1.5862926004240495e-09,0.08293508329091637,0.02488052609767973
0,7.516235479037182e-09,0.6207770320240755,0.18623311486858748
0,9.610715840608445e-07,0.3626974656199561,0.10880991243609567
0,1.8335971606796984e-07,0.6712218390093636,0.2013666800546103
0,3.259304030806828e-07,0.19208272862917564,0.057625046740034845
0,2.302028893432151e-09,0.236418067222969,0.07092542177831092
0,8.891004927399011e-09,0.14312882497630808,0.04293865371659587
0,1.5429484776238034e-08,0.1523004479585255,0.04569014518819699
0,1.0625351673119294e-06,0.6149916903182808,0.18449825087010135
0,4.1530751115592485e-09,0.24538742832714955,0.07361623140529744
0,3.3976224104660573e-08,0.28086368759308666,0.08425913006128287
0,9.172434684678025e-09,0.40878176691712986,0.12263453649584323
0,6.230198681241632e-09,0.07628111673393623,0.022884339381319944
0,4.646319058275029e-09,0.29084193956384363,0.08725258512157644
0,6.29013503591604e-08,0.08668688345970332,0.026006109068856247
0,8.632640723221026e-10,0.394835708303495,0.11845071309533334
0,3.2830534005906046e-06,0.0738096290167799,0.022145186842414382
0,2.0688205290093856e-05,0.13337235308547346,0.040026187669345105
0,5.0803355753239936e-08,0.7437018000439861,0.22311057557554487
0,4.229620567217695e-09,0.18811919557875578,0.05643576163436113
0,9.752337393106653e-09,0.11257667237808644,0.033773008540062106
0,1.6263171542175274e-08,0.10535615898086104,0.03160685907847839
0,2.682685583306384e-08,0.07799609859496826,0.02339884835728956
0,5.266326043585619e-09,0.29869907956681074,0.08960972755647145
0,3.961520752684456e-10,0.11849919734818881,0.035549759481763095
0,2.4553276427613853e-08,0.16686220241091476,0.05005867791056792
0,2.6326884827677395e-09,0.3793754974271957,0.11381265107104065
0,1.720244397277998e-07,0.32382302962451226,0.0971470293044615
0,8.624934230680708e-08,0.13535868366129522,0.040607665472928184
0,5.286680112385435e-08,0.21065428868163638,0.06319632361125169
0,4.06266531858582e-07,0.25999729969413554,0.07799947429481296
0,3.6239775236310973e-09,0.21766754790107878,0.0653002669071079
0,1.9677744090061426e-09,0.2090576908420655,0.06271730863006174
0,2.086302834075987e-07,0.16035140175025275,0.04810556656627421
0,7.210507056909682e-08,0.09885336874799666,0.029656061097948397
0,1.4710216917678509e-09,0.13818577537081156,0.04145573364095865
0,3.0514858400388677e-07,0.40602068729903806,0.12180641979372021
0,2.0604335800146588e-09,0.30467257563075845,0.09140177413153104
0,1.9489401258340897e-07,0.19574248212766032,0.058722881064106905
0,6.604215153677999e-09,0.1657479951056614,0.04972440315464902
0,7.744737080171718e-10,0.5275057114153887,0.1582517139667482
0,1.0044670438377932e-07,0.6364584114936153,0.19093759376077762
0,1.41995952797339e-09,0.11423082238200144,0.0342692477085721
0,4.563341627445926e-09,0.14085966141767703,0.04225790161964225
0,1.8032239747461618e-06,0.22499025907615866,0.06749833997962991
0,7.05063092344066e-09,0.17734226070427617,0.053202683146724494
0,1.8770462989898954e-08,0.08601613417542919,0.02580485339195285
0,5.602763685381081e-09,0.30241068323766185,0.09072320889323314
0,1.4130585651842001e-08,0.5344226581738996,0.16032680734357982
0,5.8381801039706065e-08,0.2696258925974159,0.08088780864648548
0,2.190719815800076e-09,0.4526582365013725,0.13579747248391563
0,8.75691336681682e-08,0.16490984899094918,0.04947301599567832
0,3.900107615585126e-08,0.3172050656208508,0.09516154698700856
0,1.336582204429029e-08,0.09018605458944784,0.027055825732909784
0,9.21629494681568e-09,0.2743813991913284,0.08231442620880498
0,6.0978056131560184e-09,0.5916029331827769,0.17748088422329697
0,1.6022357536390176e-08,0.15311864943446263,0.045935606045989064
0,8.72066138149013e-09,0.15484958837452223,0.04645488261681964
0,8.752352316897838e-09,0.33809236068901305,0.10142771433335053
0,9.80084143206423e-10,0.2719130814395252,0.08157392511791646
0,3.7662614020272785e-06,0.33008569927849496,0.0990283461665299
0,5.315419143080732e-09,0.5811212213913634,0.17433637013820238
0,3.443549905924567e-09,0.3710582641500766,0.11131748165550791
0,1.6982241970575908e-07,0.12377534470816032,0.03713272228814189
0,7.790030514952977e-07,0.27879438780257015,0.08363886164290708
0,4.624418623969997e-06,0.15096801871684096,0.04529364270808906
0,2.46194368776111e-09,0.2679927936095916,0.08039783980623806
0,1.797864818553217e-09,0.19256992749436563,0.05777097950681506
0,2.349059885097423e-09,0.07733374304850582,0.023200124558893667
0,3.735009779387347e-08,0.5128891753909868,0.15386677876236446
0,2.2742008092343397e-09,0.4063055949044335,0.12189168006327061
0,1.1995089260475247e-08,0.24824203151743507,0.074472617851793
0,1.1448096133007693e-07,0.8412232760085442,0.25236706293923616
0,2.583606644522352e-08,0.3052598595135274,0.09157797593930472
0,3.3164175652314633e-07,0.28667871925090704,0.08600384792450168
0,8.128367708227997e-09,0.203369867435792,0.061010965920594996
0,4.887704554541943e-10,0.08486635478525473,0.025459906777715736
0,2.9742001289746334e-09,0.07239859551142891,0.02171958073536876
0,4.2010155237745975e-09,0.27761792631203375,0.083285380834321
0,2.808843653374673e-09,0.08724450494845948,0.0261733534507284
0,4.85094670309309e-08,0.18670845667582014,0.05601257095937296
0,5.070159432229148e-10,0.43623899679672873,0.13087169939392976
0,2.062608693053199e-09,0.18985302536261894,0.05695590905261177
0,1.736271629625365e-09,0.192493795772828,0.057748139947238535
0,8.620790552710031e-10,0.32088997706610267,0.09626699372328613
0,1.4141907189443587e-09,0.09484079904385989,0.02845224070309147
0,1.8143106907126103e-08,0.05932431069743227,0.017797305909404516
0,2.89950974843596e-08,0.24971559257714693,0.07491469806971232
0,1.553497026777011e-08,0.08466400846604105,0.025399213414291504
0,3.5472863153188044e-09,0.1874823893278842,0.056244719281465676
0,2.971661073300509e-07,0.6714877426701371,0.20144653081731625
0,1.4649332645247207e-08,0.05324917038813948,0.015974761370974692
0,2.341257854406525e-07,0.003843771569083998,0.001153295358775008
0,6.792309844533996e-09,0.1772632456540607,0.05317897845083511
0,4.384256444442947e-09,0.23440556217682407,0.07032167172202673
0,4.314505402889485e-09,0.1935555031323457,0.05806665395985749
0,5.223094422560744e-09,0.4093750780306259,0.12281252706535385
0,6.7321922595566505e-09,0.15635234678049403,0.046905708746682796
0,2.2996556639981168e-08,0.041462176699540776,0.01243866910745188
0,1.1491157336989044e-07,0.16953694009171316,0.050861162465615305
0,5.288056014543873e-08,0.16049883298724532,0.0481496869125657
0,4.468403761276433e-08,0.10844732109917565,0.03253422760857902
0,1.6198491708832152e-09,0.5360886779070109,0.16082660450599767
0,2.8001976859857907e-07,0.0804962612803678,0.024149074397948358
0,4.301923366409648e-09,0.5804026562878093,0.17412079989768914
0,2.9778436976023304e-08,0.31153385488350405,0.0934601773099571
0,4.0378733654951476e-08,0.3452083117613888,0.10356252179353019
0,2.534341481835425e-09,0.18193568342622934,0.054580706801907845
0,6.207240250628996e-10,0.26450025780218367,0.07935007777516191
0,2.3359078949904534e-07,0.28148184424255607,0.08444471678631947
0,1.7941771094685783e-09,0.829297847193547,0.24878935541398808
1,0.9999993593848291,0.12943238685342684,0.7388292676254083
0,1.4796314365565369e-09,0.5440824697341717,0.1632247419559935
0,2.0611430647846036e-08,0.21215275711670234,0.06364584156301216
0,1.804431832810195e-08,0.46177794219895707,0.13853339529070996
0,1.4642485275528154e-09,0.5960210443742032,0.17880631433723493
0,1.530712364866552e-09,0.2095039103553309,0.06285117417809792
0,1.7226877414147922e-08,0.2637114531989019,0.07911344801848474
0,9.447000774292537e-08,0.2609668069515001,0.07829010821445545
0,3.6430520761817826e-09,0.10162076908484474,0.030486233275589875
0,1.9836753946599133e-07,0.17776756749432088,0.05333040910557389
0,5.643430949911042e-09,0.07184333146548794,0.021553003390048047
0,4.986109651973147e-10,0.2101094709212845,0.06303284162541303
0,3.14823016228444e-08,0.4219166048423866,0.1265750034903271
0,2.2902840443974326e-08,0.33891831097682223,0.10167550932503497
0,4.4183779548702957e-10,0.17315301540259842,0.051945904930065984
0,1.204538061406567e-09,0.10502123649665751,0.031506371792173894
0,1.2899876271859137e-08,0.4280859298151277,0.1284257879744517
0,1.0064126214101826e-07,0.2044750548904104,0.061342586916006615
0,9.91850487412381e-06,0.13564384176170285,0.04070009548192274
0,1.12413102999831e-09,0.5425352540280277,0.16276057699530003
0,9.01576985190543e-08,0.15305609448079238,0.04591689145462668
0,3.600406176408249e-09,0.3397080940558663,0.10191243073704423
0,1.5939658806842474e-09,0.2393689750369592,0.07181069362686386
0,1.917227447668446e-09,0.3551029125505639,0.10653087510722839
0,9.450386237679792e-09,0.13423389156924004,0.040270174086042373
0,3.409336882596343e-08,0.2499861411816816,0.07499586621986265
0,1.9829739727536144e-07,0.3285297803689403,0.09855907291886018
0,6.040483315544634e-07,0.11191143778171486,0.033573854168346545
0,1.0520262811642282e-07,0.21125011247433756,0.06337510738414094
0,1.2086158737511177e-07,0.3000908676870472,0.0900273449092253
0,4.710710269358767e-07,0.04595465031127899,0.013786724843102552
0,2.354541461570369e-10,0.18864502565656793,0.05659350786178828
0,1.7582894213616164e-05,0.5238995316332619,0.1571821675159281
0,9.812750632035339e-10,0.14427889936884608,0.04328367049754637
0,5.775228877759534e-09,0.28557215815244796,0.0856716514883946
0,4.232872993898035e-10,0.44492529299905215,0.13347758819601677
0,5.090007014699591e-10,0.12184052685828861,0.03655215841378707
0,3.417099250114408e-09,0.40477906880549375,0.12143372303361759
0,1.0983825876942734e-07,0.16101365296759296,0.04830417277705902
0,1.765062101436394e-07,0.27270715899618037,0.0818122712532012
0,3.951280855394142e-08,0.38047410058742104,0.1141422578351923
0,2.266894177049564e-07,0.1908537777665288,0.05725629201255102
0,4.511991393197825e-09,0.4352034753412011,0.13056104576075428
0,3.757331185189603e-07,0.31690581451491584,0.09507200736765772
0,6.005840052071643e-09,0.16349208911085034,0.049047630937343135
0,3.8247961834544165e-08,0.11352787234420192,0.03405838847683386
0,1.3219099881880224e-08,0.5037159054107108,0.15111478087658312
0,2.5634244866702394e-06,0.08095285641832883,0.02428765132263932
0,4.766584147184843e-08,0.16736801998832151,0.050210439362585485
0,1.0954214838642291e-07,0.09449172243791992,0.02834759341087985
0,5.484481242506168e-09,0.332155816166277,0.09964674868901996
0,2.4882370538926453e-08,0.1419232418912757,0.042576989985042085
0,1.534766272995244e-08,0.18610481190925898,0.05583145431614161
0,3.885508074112447e-09,0.12801845900312925,0.03840554042079443
0,7.95841751871028e-08,0.1392440931138098,0.04177328364306557
0,8.880433925046846e-10,0.17702422946056662,0.053107269459800356
0,1.8913508388808235e-08,0.7705213032050222,0.2311564042009625
1,0.9999996357454247,0.27600687223139075,0.7828018066912146
0,1.8881140466860215e-08,0.4197447406237208,0.12592343540391457
0,1.2591835863257953e-06,0.4640410343615151,0.13921319173696495
0,7.383696057724936e-08,0.16057414985264207,0.04817229664166502
0,2.898090163342144e-10,0.4779028958980228,0.14337086897227314
0,2.3750342696058828e-08,0.21850290166799458,0.06555088712563827
0,8.494491787941442e-09,0.04300780875028276,0.01290234857122908
0,3.0068505602132473e-07,0.5688925243118519,0.1706679677730948
0,6.485213067542436e-07,0.9289111703433091,0.2786738050679074
0,2.0646070125279334e-08,0.34907698675955134,0.1047231104801145
0,2.1345149618371702e-07,0.1742972114536011,0.05228931285212766
0,6.956911078027936e-08,0.16137997847611985,0.0484140422412135
0,2.5890709597132497e-09,0.19366898994483261,0.05810069879579945
0,1.5044218646465586e-05,0.16854205877829742,0.05057314858654175
0,2.2655060824322616e-09,0.30073727089446556,0.09022118285419392
0,1.4578160430944462e-06,0.5177466839980422,0.15532502567064282
0,2.5732145187675378e-08,0.37570005658017136,0.11271003498655303
0,6.557263308105895e-07,0.10989619593247657,0.03296931778817454
0,2.18416754685597e-09,0.19315319237943807,0.0579459592427487
0,5.685605117475033e-10,0.19627724714039219,0.058883174540110016
0,3.5034343616953234e-09,0.14770429203284297,0.04431129006225694
0,8.620171135893816e-09,0.33111043552118613,0.09933313669047564
0,1.4817442708265379e-08,0.3312528690908112,0.09937587109945326
0,1.9243655521687248e-07,0.30503783342565294,0.09151148473328453
0,9.311586703774486e-10,0.23628033708038398,0.07088410177592626
0,7.057984830510339e-10,0.1283930670646446,0.038517920613452314
0,1.896855170662539e-09,0.0812171638209187,0.02436515047407423
0,2.015383993560254e-08,0.32269820615528977,0.09680947595427487
0,3.162772752206754e-07,0.17736493801856446,0.053209702799661994
0,4.540431557956811e-10,0.3297165890304493,0.098914977026965
0,1.8741809217799464e-07,0.12474281881973637,0.037422976838585434
0,1.5566293100407308e-09,0.2900349192892464,0.08701047687641443
0,2.594297966080699e-09,0.3104879615085444,0.0931463902685719
0,7.122615466706236e-09,0.10990446561840339,0.03297134467135184
0,7.254081208663451e-08,0.633893906743986,0.19016822280176426
0,1.4018163035356732e-09,0.4110998810859712,0.12332996530706276
0,4.316363278038061e-09,0.12076231438510199,0.03622869733698489
0,3.026217624882937e-07,0.09195160599651386,0.0275856936341879
0,1.015538397210693e-09,0.06895316456558909,0.020685950080553604
0,2.5551929245487546e-09,0.2060523284043192,0.061815700309930804
0,1.1566738780594626e-09,0.15577515915234363,0.0467325485553748
0,8.951055189526532e-09,0.5533555301891656,0.1660066653224883
0,1.3060356124740215e-08,0.2406191317123091,0.07218574865594202
0,4.633785815000959e-09,0.34094307213579444,0.10228292488438841
0,4.298552814970931e-09,0.07362839856288517,0.02208852257785252
0,9.117098683816617e-09,0.31252450371042606,0.0937573574950969
0,7.2964160064326774e-09,0.46864246219041583,0.14059274376461595
0,4.475653012987272e-09,0.08874497395074699,0.026623495318181204
0,7.240778141400965e-08,0.09340357176702174,0.02802112221555351
0,4.642668556576924e-09,0.07482944154422899,0.022448835713136685
0,2.1480805968978593e-08,0.2676730194474941,0.08030192087081241
0,3.6924040610794393e-09,0.1683057244268935,0.05049171991275089
0,1.5898877585362172e-08,0.13963780237929901,0.04189135184300401
0,4.243411261957686e-09,0.05300129307433277,0.015900390892687712
0,1.3188193626375197e-08,0.19743143936895746,0.059229441042422774
0,2.159103430965142e-07,0.059826706248506945,0.01794816301179225
0,5.278193002537506e-09,0.15652782393900444,0.04695835087643643
0,1.1339424828550722e-09,0.08908898546160349,0.026726696432240783
0,3.9636873246002953e-10,0.28028752184816197,0.0840862568319067
0,5.564467237849824e-08,0.3287192273415156,0.09861580715372534
0,1.1068023952786454e-07,0.41054989640409223,0.12316504639739534
0,1.0044467638503885e-09,0.08480113195319283,0.025440340289070582
0,1.3587539312666724e-09,0.15953587067145292,0.04786076215256363
0,2.435239152940427e-09,0.1523989692077069,0.045719692466979475
0,5.0132999834417264e-09,0.09814139936010502,0.029442423317341492
0,1.0303697298685398e-09,0.2029058263790432,0.060871748634971766
0,1.2940565955480816e-08,0.21106097675228785,0.06331830208408253
0,8.672888724877783e-10,0.17521435910910133,0.052564308339832604
0,6.3347089427523345e-09,0.05103027211194011,0.015309086067878293
0,6.2840375031093154e-09,0.6507516485245365,0.19522549895618718
0,1.3835621221292335e-09,0.15906027776827858,0.04771808429897706
0,8.46133642361097e-09,0.05546163087628053,0.016638495185819654
0,2.4629106837856185e-06,0.14050870561022355,0.04215433572054571
0,9.638097960092394e-07,0.3745507221351957,0.11236589130741591
0,2.8371263056312834e-06,0.0530735596648928,0.01592405388788178
0,5.376771992587477e-09,0.10779575111510131,0.03233872909827079
0,5.142684099445533e-08,0.4142068591242416,0.12426209373606117
0,5.399373713258753e-10,0.24325781570946203,0.07297734509079477
0,2.3198302051585416e-08,0.08163603328269808,0.024490826223620858
0,2.1452573447245763e-09,0.1192185951243191,0.03576558003897587
0,1.2794518543057883e-07,0.6417723498301524,0.19253179451067554
0,1.2517198913434782e-09,0.08291095088831901,0.024873286142699628
0,6.323764531783854e-08,0.10459842039366529,0.03137957038445131
0,7.630213601249127e-09,0.2320453899145093,0.0696136223155023
0,1.7141824074794894e-08,0.1730753896151248,0.05192262888381429
0,2.8123828937233864e-09,0.26582746228824805,0.07974824065514244
0,2.821401404870288e-09,0.12520209981440067,0.03756063191930118
0,8.223260419846645e-08,0.28755640286695183,0.08626697842290848
0,1.3111084480817108e-09,0.31460396840902016,0.09438119144048196
0,3.453977918596974e-07,0.1829887118152087,0.054896855323016906
0,3.940735922338338e-09,0.18617485251635557,0.05585245851342181
0,1.295413882062636e-08,0.10325911003084554,0.030977742077150833
0,2.5048395971139297e-09,0.15806842307338742,0.047420528675403945
0,3.312491556033848e-08,0.19011199297079862,0.05703362107868047
0,4.579332113623373e-06,0.04681019121052965,0.014046262895638432
0,1.4927641049978623e-09,0.33459292333960033,0.10037787804681497
0,1.0073893982554581e-08,0.1174255705014744,0.03522767820216811
0,1.1825507303288281e-05,0.28264544672741276,0.08480191187333613
0,1.0524128996391097e-08,0.278335601943857,0.08350068795004738
0,3.336857523110071e-08,0.24169780446970213,0.0725093646989133
0,2.1658576475927608e-09,0.18185126531359885,0.05455538111018001
0,9.536338321810261e-10,0.12149490843580313,0.03644847319828462
0,7.819846478314652e-09,0.5782656352318376,0.17347969604344382
0,2.361164174264796e-08,0.35938714431453467,0.10781615982250962
0,7.617746679546351e-10,0.4932394268518846,0.14797182858880764
0,2.1619500100362833e-09,0.11503874541556014,0.03451162513803305
0,7.503313715863045e-09,0.45963003480969766,0.1378890156952289
0,1.768303873052369e-09,0.3631025899118515,0.10893077821136816
0,1.1743785941442013e-07,0.6358805292932853,0.19076424099448716
0,1.3337824122928236e-07,0.5654386577290789,0.16963169068349251
0,6.3750325653587675e-09,0.030971629843806192,0.009291493415664653
0,9.84219842186388e-07,0.10511772089371052,0.031536005222002686
0,6.555974009120464e-07,0.15219924969951482,0.04566023382803508
0,1.3708036073111662e-06,0.6069508938530825,0.18208622771844987
0,2.9625791731346894e-07,0.06970434841559214,0.020911511905219764
0,3.786985981096664e-09,0.08132785969186318,0.024398360558449142
0,3.99407688747024e-09,0.2843201560768225,0.08529604961890057
0,9.017517581844334e-09,0.25755775201611,0.0772673319170953
0,5.494240973630402e-10,0.17509114513164636,0.05252734392409077
0,7.212365969631321e-08,0.11829763236988056,0.03548934019752595
0,2.0409722496358895e-08,0.2162385318566561,0.06487157384380257
0,1.0167705394875138e-09,0.10539220802889249,0.03161766312040712
0,5.448677490261449e-10,0.12796390140871416,0.038389170804021676
0,8.658689553524677e-09,0.13072391154689766,0.03921717952515198
0,2.5413413210492948e-08,0.051141936663859355,0.015342598788547055
0,2.6144840227349225e-07,0.09778216028720821,0.02933483110004405
0,1.05034786391626e-09,0.26930752728928153,0.08079225892202796
0,6.917544194401129e-08,0.0992350666315619,0.029770568412277928
0,4.173394410296465e-08,0.22165778606012643,0.06649736503179879
0,1.3012807557841208e-08,0.29162275659044323,0.08748683608609825
0,1.2467920034339406e-09,0.3787075273119761,0.11361225906634723
0,3.7578465813561765e-09,0.27624612688702754,0.08287384069660086
0,8.269837210492955e-09,0.15194210060759894,0.04558263597116573
0,2.9022854902156847e-09,0.07770196131311247,0.023310590425533583
0,9.061398668147217e-09,0.3798201438483355,0.11394604949747972
0,1.0374005632882503e-08,0.08657611708800061,0.025972842388204128
0,5.67800525739206e-10,0.16569375805209108,0.04970812781308769
0,9.240158158459593e-09,0.28264662044142874,0.08479399260053934
0,1.6483283406722006e-09,0.14941558563440205,0.04482467684415045
0,6.4478968763111126e-09,0.18856047493661343,0.05656814699451184
0,1.263306489575396e-09,0.2503287404497295,0.0750986230192334
0,2.4106137237193684e-07,0.13567330771012054,0.04070216105599682
0,1.826727112342576e-08,0.2659624559894278,0.07978874958391813
0,2.030553150390362e-09,0.12593679835723515,0.037781040928557746
0,2.3908446084612432e-08,0.276506719738308,0.08295203265740464
0,1.2206247340596924e-08,0.578623626674075,0.1735870965465956
0,4.484668986659214e-07,0.2155674230789011,0.06467054085049938
0,1.0016515798306191e-08,0.12625829389628818,0.037877495180447515
0,1.362929275432336e-08,0.06361944099541583,0.019085841839129678
0,3.101511901207336e-09,0.09663412663858828,0.028990240162634812
0,1.5853283884156906e-09,0.07312494710132877,0.021937485240128504
0,3.002446771368567e-07,0.19285742449483056,0.057857437519723165
0,9.599939329204469e-06,0.07938993361167146,0.02382370004103188
0,8.750570334624388e-08,0.09496122864255008,0.028488429846757365
0,6.803978708972886e-10,0.15923485433649742,0.047770456777227736
0,2.681467059272591e-09,0.1632036322612742,0.0489610915554092
0,1.3871263648832307e-08,0.08230587161066283,0.0246917711930834
0,3.5008890796639444e-10,0.18139692926584472,0.05441907902481565
0,8.377147889789288e-09,0.1772270060046629,0.05316810766540239
0,1.4280992664332925e-06,0.3455616077127105,0.10366948198329966
0,6.7024898158944194e-09,0.1451622421752209,0.04354867734430914
0,8.117562785370325e-09,0.12066344285718889,0.03619903853945061
0,1.0587965730541372e-07,0.43550966375428246,0.13065297324204483
1,0.9999990362530335,0.07559543833910543,0.722677956878855
0,2.2016302737001684e-09,0.15046542273411723,0.04513962836137636
0,4.693771272187458e-10,0.24215096685877435,0.0726452903861963
0,4.461748688247712e-09,0.13993595526158165,0.04198078970169857
0,5.226766436368487e-10,0.1874499649577518,0.056234989853199184
0,5.090547587160649e-10,0.1048812119885969,0.0314643639529174
0,2.1176354837369368e-08,0.05623581068269823,0.016870758028257854
0,5.109733716714509e-09,0.06017847180107161,0.018053545117135084
0,7.076345611658592e-07,0.1285530876463381,0.03856642163809425
0,7.041384803999246e-07,0.8609942668690161,0.2582987729576411
0,3.487545264268199e-09,0.19552296872639907,0.0586568930592014
0,5.165468682705113e-09,0.14740695979828922,0.04422209155531484
0,4.321800443683235e-09,0.2636013079698456,0.07908039541621398
0,1.3404752370533715e-09,0.16904266100818655,0.05071279924078863
0,4.7143058827451014e-08,0.2548800656395437,0.07646405269200428
0,2.422911611402264e-09,0.3063847927084772,0.09191543950858128
0,3.2152956991572406e-08,0.19096677268890383,0.05729005431374104
0,2.1724884578448246e-06,0.08212341192203376,0.02463854431853062
0,3.261607727506307e-08,0.6700349273918356,0.20101050104880475
0,1.842453914960828e-08,0.25373360695807645,0.07612009498460034
0,9.413044677910577e-10,0.19244149639172725,0.0577324495764313
0,1.261289525008256e-08,0.2008730422011853,0.06026192148938226
0,5.007177539989056e-08,0.6593990831194239,0.19781975998606993
0,8.208245152532388e-09,0.37282844473942744,0.11184853916759983
0,7.524840962402357e-07,0.1841891347983533,0.055257267178373363
1,0.9999996291893558,0.5736431418139436,0.872092682976732
0,1.3366982999407429e-08,0.4486645289620532,0.13459936804550407
0,8.905234930778987e-10,0.24515523208727008,0.07354657024954746
0,2.201610201130114e-09,0.30706242246786,0.09211872828148514
0,4.443450684056403e-09,0.13527984244275004,0.04058395584324049
0,1.8932573684946378e-09,0.1415081840455905,0.04245245653895731
0,1.0243444149644415e-09,0.4309469303633623,0.12928407982604978
0,3.7873346832167276e-08,0.1409511362807705,0.042285367395573925
0,1.8455240073075055e-09,0.0818062294770987,0.024541870134996414
0,9.855687121961482e-09,0.045087574181073564,0.013526279153303055
0,2.7354340567981603e-09,0.44563667681762487,0.1336910049600913
0,4.545552266672224e-09,0.13359248789660982,0.04007774955086953
0,3.0713024451016757e-06,0.4011485877794241,0.1203467262455388
0,1.78376970170157e-07,0.43645002979470293,0.13093513380229
0,4.429832541085055e-08,0.13293823928642645,0.039881502794755726
0,5.509562877419484e-06,0.18208062816913162,0.05462804514475368
0,1.9189321663527826e-08,0.35400154007096896,0.10620047545381585
0,1.7868478004681739e-09,0.3542248560632044,0.10626745806975478
0,4.390808248629656e-09,0.1113429054365177,0.033402874704521086
0,3.565504831067614e-08,0.2588995460990421,0.07766988878824645
0,7.1741321384968825e-09,0.1960147124749807,0.058804418764386704
0,3.196672708622325e-06,0.2978179264992401,0.08934761562066806
0,9.99876313700149e-10,0.1074938458860385,0.03224815446572497
0,2.0660003640789185e-07,0.2312936422820605,0.06938823730464364
0,1.1007300939215747e-09,0.26284446047953736,0.07885333891437228
0,1.2530831865679326e-09,0.5518154171362056,0.16554462601801992
0,2.108833528112172e-09,0.3715456365420755,0.11146369243880612
0,5.504909576444455e-08,0.3068067068772795,0.09204205059755088
0,6.770210975638992e-08,0.41043769333575353,0.12313135539220288
0,2.0547985006750656e-07,0.15019177239307402,0.045057675553817254
0,8.119353054631848e-09,0.824456515316913,0.247336960278621
0,2.6612891267105894e-08,0.09504832319719103,0.028514515588181195
0,3.207150080868784e-07,0.15686925827759735,0.04706100198378486
0,1.4198451609751681e-09,0.14793827303646645,0.04438148290483155
0,1.3830130632189276e-08,0.6986164271893387,0.20958493783789306
0,7.496416251773629e-08,0.048759706213651555,0.014627964339009229
0,2.5565922926362546e-09,0.14818914725614174,0.04445674596645712
0,3.4812909436948083e-09,0.21061128139723884,0.06318338685607532
0,8.794851865658648e-09,0.11932711686957842,0.03579814121726983
0,4.209223573460122e-09,0.15731079135061055,0.047193240351639666
0,4.643258048229584e-09,0.15759494950188258,0.04727848810084541
0,1.9980870901768624e-08,0.44498748572715996,0.1334962597047576
0,2.5711429126347553e-09,0.29036077087559353,0.0871082330624781
0,1.1421461557670026e-09,0.09265995955022688,0.02779798866457037
0,2.423083178542052e-08,0.25637993230786704,0.07691399665394236
0,4.630950866440636e-10,0.30336173985843984,0.0910085222816985
0,3.2167337583226744e-08,0.6806410052251799,0.20419232408469026
0,1.291611922758155e-08,0.1626115438762199,0.04878347220414943
0,8.911784123531033e-09,0.1758557996831488,0.05275674614319353
0,6.310541458375503e-07,0.6628477693582586,0.19885477254537967
0,3.146630773253033e-09,0.18410139581896534,0.055230420948331145
0,4.511087147999009e-10,0.25966531531762516,0.07789959491106364
0,1.520400129934387e-06,0.14886438001798097,0.04466037828548524
0,1.5024185575693116e-09,0.16309024535853534,0.04892707465925359
0,1.2017402499474026e-09,0.24365161031245997,0.07309548393495617
0,1.7017911895369572e-09,0.4303702061791628,0.12911106304500267
0,1.793105766983442e-08,0.26627060110934697,0.07988119288454446
0,7.520553266417227e-06,0.16399818809657674,0.04920472081625951
0,1.737058204739828e-08,0.34743378225706767,0.10423014683652773
0,1.4812787744035372e-08,0.21454033868799116,0.06436211197534876
0,1.947943769138913e-07,0.29846175284259746,0.08953866220884307
0,1.3970333156573767e-06,0.5613299730559851,0.1683999698401165
0,1.593258201998925e-07,0.16396591935139615,0.04918988733349298
0,2.6357905463913407e-08,0.4828255526574218,0.14484768424776034
0,2.2313432832752677e-07,0.09970284859234135,0.029911010771732232
0,9.951075759527754e-08,0.421313071974702,0.12639399124994094
0,1.7978942554802562e-06,0.5864002543389114,0.17592133482765226
0,4.96283363255659e-09,0.2132799860054082,0.06398399927560601
0,9.993904598651857e-09,0.17702005889858763,0.05310602466530951
0,3.089683341243886e-09,0.4991104126371205,0.1497331259539145
0,3.003378245568965e-08,0.08988567180126295,0.0269657225640266
0,1.995846762202998e-06,0.09044560731966311,0.027135079288632475
0,2.0304696077537192e-08,0.15500875963835803,0.04650264210479466
0,3.2394697683458954e-09,0.08391199750489686,0.025173601519097897
0,2.7133974054555263e-08,0.1969966495405956,0.05909901385596052
0,1.0850601357631795e-07,0.07085461298883311,0.021256459850859433
0,2.010451039325062e-06,0.17477644783803303,0.05243434166713744
0,2.573509321564333e-07,0.13067389758264125,0.03920234942044488
0,9.860046915375723e-09,0.07818983564358761,0.023456957595109126
0,1.728009499662168e-08,0.20310534130519853,0.06093161448762605
0,2.5295836813199465e-08,0.2337216393658269,0.07011650951683383
0,2.9347883667343595e-09,0.09042210900762038,0.027126634756637968
0,3.6773155930118038e-09,0.07358922668216739,0.02207677057877113
0,2.8776146065815727e-09,0.16146142973238542,0.048438430934045845
0,2.1692365691018134e-08,0.19950757112320916,0.05985228652161873
0,1.9351212706518236e-09,0.37803400017494704,0.11341020140706899
0,6.129283618892544e-09,0.11175330402918704,0.03352599549925464
0,1.6878361614111452e-09,0.14131078802183594,0.04239323758803609
0,8.628203316869527e-08,0.10835343761584926,0.03250609168217799
0,6.838893899635294e-09,0.18541398656456776,0.055624200756596055
0,1.86506239836674e-09,0.16231127745830776,0.048693384543036004
0,1.0249845038367257e-08,0.18031646183219885,0.05409494572455118
0,1.2322190850152064e-07,0.5050499452422126,0.15151506982799973
0,2.0027594144227282e-09,0.22758266175614295,0.06827479992877447
0,3.7226995363127006e-09,0.4203351022136107,0.12610053326997286
0,5.0059811133224296e-09,0.05498456172774269,0.016495372022509586
0,2.33112847313882e-09,0.20613844654573688,0.06184153559551099
0,5.366242566920853e-07,0.11732616964794718,0.035198226531363834
0,9.420755478203684e-08,0.5818230521760686,0.1745469815981089
0,1.2489802137848094e-05,0.3233999503048345,0.09702872795294683
0,9.653412316302379e-07,0.5327530185462082,0.1598265813027246
0,2.2555918848110817e-06,0.10243073265257796,0.030730798710092756
0,4.962031518819431e-06,0.24438138366388895,0.07331788852122986
0,2.3569642054517286e-07,0.15074791589779812,0.04522453975683382
0,3.0273650297032246e-09,0.22329945151000286,0.06698983757215637
0,3.41901008902186e-08,0.1387925852025662,0.041637799493840486
0,2.2544941620705858e-09,0.4165537774731025,0.12496613482007667
0,9.364843861096701e-09,0.41978914522268473,0.12593675012219613
0,1.6534896707781527e-08,0.32365592017874034,0.0970967876280498
0,9.118997259106367e-07,0.34899421885639015,0.10469890398672518
0,1.1859093745150068e-08,0.28142652041106775,0.08442796442468595
0,1.3318583691537917e-08,0.07010420325744371,0.021031270300241697
0,3.4971578063809804e-06,0.15604835293877095,0.046816953892095746
0,2.607881913336609e-08,0.2056426645733933,0.061692817627191386
0,4.389021020606749e-09,0.34283452503837597,0.1028503605838275
0,2.2567852017959615e-09,0.03979894554742225,0.011939685243976317
0,3.144101131488713e-08,0.2498658443941234,0.07495977532694495
0,2.4964737322976632e-08,0.04414157764096227,0.013242490767604807
0,1.4930245683399245e-08,0.21422668612319173,0.0642680162881295
0,9.249016277707894e-09,0.215675654604922,0.06470270285578798
0,1.1034929684655139e-09,0.12424496076228964,0.03727348900113197
0,4.039636246165301e-07,0.447520364680146,0.134256392178581
0,4.784548219866741e-09,0.2354375984911411,0.07063128289652608
0,1.1834257973769534e-06,0.10269159431877961,0.030808306693692045
0,4.0358094461975564e-07,0.2532275744614755,0.07596855484510387
0,2.886937247341121e-06,0.15725997306898276,0.04718001277676797
0,2.8333233062037886e-06,0.1877093938080786,0.05631480146873792
0,7.449342790344416e-07,0.1507689237650499,0.045231198583510296
0,1.5873207267960005e-06,0.20611109986938625,0.061834441085324626
0,4.342729823232757e-09,0.24627525688767904,0.07388258010621458
0,2.0363328226886214e-09,0.12677822524133786,0.03803346899783433
0,3.425356254505077e-08,0.2889655493446528,0.08668968878088962
0,1.9069204138003074e-08,0.14802186254515626,0.04440657211198978
0,5.292616501963669e-06,0.1138697896745956,0.03416464173393006
0,7.755116690652628e-08,0.5457854017141557,0.16373567480006354
1,0.9999996116721117,0.10832989861642406,0.7324986977554054
0,9.505380666963194e-10,0.07651170727300471,0.02295351284727806
0,2.6890491583683643e-08,0.13426155036602194,0.040278483933150686
0,5.79934909164552e-09,0.18009186936834076,0.0540275648700466
0,2.3177262292888426e-09,0.26253076402352193,0.07875923082946494
0,9.317674451915685e-09,0.31261356856663236,0.09378407709236182
0,1.0657381577332317e-05,0.17365746328509357,0.0521046991526322
0,1.8174037784981873e-09,0.2202841030972954,0.06608523220137127
0,5.733866445696319e-08,0.24963748101589744,0.07489128444183435
0,2.658188889001398e-09,0.35081779660425394,0.1052453408420084
0,1.6123877379073512e-08,0.3265003340330317,0.09795011149662367
0,4.717110808237952e-09,0.23135692134951924,0.06940707970683334
0,3.1131734717892598e-09,0.1039133066746516,0.03117399418161691
0,8.330247074193405e-08,0.851323608844016,0.2553971409649343
0,1.0095456115183451e-08,0.2384685630916027,0.07154057599430008
0,5.667607560757169e-09,0.16332953007287143,0.04899886298918672
0,1.2083232876009911e-09,0.21653703828445903,0.064961112331164
0,1.936231402326991e-09,0.25027754300968463,0.07508326425826736
0,4.582731608261375e-06,0.13369216185142718,0.04011085646755393
0,7.287127520392788e-10,0.1828866100799641,0.054865983534088156
0,6.552887123329091e-09,0.21988595864516103,0.06596579218056929
0,6.264286585481857e-08,0.19391662637058993,0.05817503176118308
0,2.2582743503177148e-08,0.10610178670185011,0.03183055181847548
0,8.985228436664428e-10,0.048146113320756134,0.01444383462519283
0,1.6880102090274908e-07,0.10955816522801831,0.03286756772912012
0,6.065408401488042e-09,0.26353353797984513,0.07906006563973941
0,2.770112252170242e-09,0.0491056448167404,0.014731695384100697
0,8.939862320773106e-07,0.16493969592567748,0.04948253456806569
0,1.3128735298681431e-09,0.09872706801148967,0.02961812132245837
0,3.4372439970542914e-08,0.5117132929887886,0.15351401195734457
0,3.4335528550534536e-09,0.22187875424996206,0.06656362867847561
0,1.2206159401717174e-05,0.20341148498157136,0.06103198980605261
0,7.564196464164935e-10,0.11250766201024986,0.03375229913256871
0,3.906001026856819e-06,0.14761628536079574,0.04428761980895752
0,6.821439812621085e-10,0.28108185410865694,0.08432455671009786
0,8.774418050409573e-09,0.43657475703441984,0.13097243325241859
0,1.925715205409541e-09,0.3406810777125159,0.1022043246617554
0,5.009837651040853e-08,0.21000387220897287,0.06300119673155542
0,8.64281183501152e-09,0.09297145538155627,0.027891442664435162
0,3.1917080865244744e-09,0.12631719180268985,0.037895159775002615
0,1.3071202925396693e-07,0.13228866812070306,0.039686691934631396
0,3.547715582948017e-09,0.28537439552868327,0.08561232114200588
0,1.6193996557860476e-09,0.2895633522117086,0.08686900679709234
0,7.41223292500622e-10,0.44782555852372985,0.13434766807597523
0,7.240370877976706e-09,0.552845406268089,0.1658536269486863
0,6.145958605939075e-09,0.13396498486909025,0.040189499762898095
0,7.021524922462238e-10,0.5659965244721197,0.16979895783314264
0,1.9494561743276705e-09,0.14261094633919447,0.04278328526637766
0,3.8694985259967304e-08,0.06028587086210013,0.018085788345119723
0,8.414053782501569e-10,0.15821475458650536,0.04746442696493537
0,3.3187627669565175e-09,0.16432582408075513,0.04929774954736047
0,4.432715528346905e-10,0.22267083012755762,0.06680124934855737
0,1.1181880209178294e-08,0.1508793106541062,0.04526380102354801
0,2.7040984927744174e-08,0.3436980902174027,0.10310944599391027
0,4.9993710961697e-09,0.024627324081530788,0.007388200724019003
0,1.2776083619362104e-08,0.6040862730928271,0.18122589087110666
0,1.022341351225666e-08,0.35451026817696263,0.10635308760947824
0,6.477645414042519e-10,0.42625659108176095,0.12787697777796345
0,1.2710625523361098e-08,0.5263343297025108,0.15790030780819111
0,8.80977477844961e-07,0.1907125668654267,0.0572143867438625
0,1.9603153260434208e-09,0.12147333217846934,0.036442001025761527
0,9.27113009231218e-07,0.26092258527067047,0.0782774245603076
0,2.5467538793252e-07,0.14419279676339158,0.04325801730178903
0,1.903575369401504e-09,0.21300386626475842,0.06390116121193029
0,8.250108309243318e-10,0.8924563225332243,0.26773689733747486
0,6.526982813092889e-08,0.2429208192655653,0.07287629146854928
0,4.5552118847313475e-09,0.052871201846349414,0.01586136374255314
0,2.1850309433044694e-08,0.18231882275085642,0.054695662120473526
0,1.0043803868644321e-07,0.07665038027719406,0.022995184389785296
0,2.7154157963539926e-09,0.39831533142889464,0.11949460132945944
0,2.283969268108413e-09,0.07228656040403558,0.02168596971998916
0,5.57538809763005e-08,0.23152277232537943,0.06945687072533051
0,1.3100493568452215e-09,0.17290871526234775,0.05187261549573888
0,1.07976436494064e-08,0.3359854388452924,0.10079563921193828
0,1.8667639740076933e-07,0.10501938905735042,0.03150594739068331
0,3.1946056537185196e-09,0.22146051864205551,0.0664381578288406
0,1.0505064048540953e-08,0.15962832752954192,0.047888505612407414
0,9.563736847734169e-10,0.2466993615132579,0.07400980912343895
0,1.1728009795727262e-09,0.24345702059341434,0.07303710699898498
0,5.411834959226079e-09,0.1421728209581029,0.04265185007571534
0,3.7129106335222534e-06,0.6358340794098711,0.1907528228604048
0,3.144421200464853e-08,0.41474286748455236,0.1244228822563141
0,1.968750795979075e-07,0.10417760839586321,0.03125342033131468
0,4.7533534735694593e-08,0.3630434654056296,0.10891307289516318
0,5.972595345469712e-09,0.5042865279064891,0.15128596255276347
0,1.0954361238296095e-05,0.08120706729897664,0.0243697882425598
0,7.853921908098181e-09,0.17376382628244202,0.05212915338247794
0,1.3233292175053133e-09,0.3488814224114628,0.1046644276497693
0,5.26575187763134e-10,0.1323977443411014,0.03971932367093305
0,1.8515321151130745e-09,0.2053600228225848,0.06160800814284792
0,6.218013281882703e-07,0.1224962449696243,0.03674930875181702
0,4.292852400975413e-09,0.13272455649729742,0.03981736995418591
0,2.979785522201955e-09,0.14095259379174774,0.04228578022337419
0,6.399529734219783e-07,0.1436418892905953,0.04309301475425998
0,6.56411884509627e-09,0.06099637973066874,0.018298918514083815
0,6.723738738459449e-09,0.2604322445839893,0.07812967808181391
0,2.4542883291269765e-08,0.11039207193916445,0.03311763876176764
0,1.672612415052535e-07,0.10997651909573691,0.03299307281159013
0,4.03080088086167e-06,0.14235466491904936,0.04270922103633141
0,3.2420066148861405e-08,0.15115393030464652,0.04534620178544026
0,2.322340382661689e-08,0.4790811549107564,0.14372436272960962
0,1.7426917248978288e-06,0.246654202145557,0.07399748052787453
0,9.81003027401946e-09,0.15074992157822276,0.04522498334048802
0,3.3137956350246795e-10,0.18830800517316426,0.05649240178391497
0,8.411368624596e-09,0.06394751975683866,0.019184261815009634
0,7.663119273225619e-10,0.3461820890492694,0.10385462725119916
0,5.493801787199399e-09,0.16962512942555175,0.05088754267332677
0,3.04926847645669e-06,0.13130820519449982,0.03939459604628347
0,1.4201095435548497e-08,0.2634827197365591,0.07904482586173454
0,3.043549271422206e-08,0.21944830575400887,0.06583451303104756
0,5.726819021255562e-10,0.8608377462325347,0.25825132427063774
0,5.09842007928382e-09,0.5294276664893317,0.15882830351569358
0,7.800137701581906e-09,0.1778572228246399,0.053357172307488356
0,8.776429775624372e-10,0.12783215077771226,0.03834964584766376
0,2.5365657725735298e-08,0.17411601777268781,0.05223482308776675
0,2.4767259926211837e-09,0.45960449657242586,0.13788135070543595
0,4.794413322960553e-10,0.13822315648125472,0.041466947279985344
0,5.010207515938355e-08,0.3998121068926219,0.1199436671392392
0,4.962731164427481e-06,0.2644499826079273,0.07933846869419328
0,2.35042122012247e-06,0.27964133905928656,0.08389404701264004
0,6.274778668200163e-08,0.6603824233216673,0.19811477091995086
0,1.7823400706210182e-09,0.7551396777954044,0.22654190458625934
0,1.347532582223909e-08,0.22364795604435506,0.06709439624603458
0,3.3894310277580793e-09,0.13379199729449054,0.04013760156094888
0,1.7156410441119625e-08,0.10259662169673289,0.030778998518507173
0,2.5895285251247446e-07,0.20219993080071075,0.06066016050720998
0,4.917528431503621e-08,0.5759673232423081,0.17279023139539146
0,5.950305518465736e-10,0.26156084648202604,0.0784682543611292
0,2.259433611170799e-09,0.22792943296498658,0.0683788314710995
0,8.675957612259535e-08,1.0,0.30000006073170327
0,9.31581600101125e-09,0.16856274773620294,0.05056883084193209
0,4.025779201248318e-08,0.2750989543675991,0.08252971449073415
0,7.750551851332598e-08,0.22953594306760272,0.06886083717414378
0,5.921626764832967e-08,0.49876100522649136,0.14962834301933475
0,1.9043304414724167e-09,0.16220725102122968,0.048662176639400215
0,5.231159530369232e-08,0.11649473590402937,0.03494845738932552
0,7.483126916446888e-10,0.290989880728015,0.0872969647422234
0,5.010826224450294e-09,0.5014388110214381,0.15043164681400978
0,7.683429246871321e-07,0.15625958131427176,0.04687841223432881
0,1.5210194874372363e-08,0.5483154824188827,0.16449465537280122
0,7.084885221045045e-09,0.1088520062139734,0.03265560682361167
0,4.0345516244175916e-08,0.6049182241218236,0.18147549547840847
0,2.318830973634527e-06,0.09660136919467055,0.028982033940082707
0,5.117926939928144e-07,0.8771200499733701,0.2631363732468968
0,2.966067126879844e-09,0.3495286482925629,0.10485859656401586
0,2.1083278841091948e-08,0.1515712505048088,0.04547138990973783
0,2.5566190064136027e-09,0.5597585009716917,0.1679275520811408
0,2.3061239988089206e-08,0.520622346668783,0.1561867201435029
0,3.1090980143681993e-09,0.14488745680879223,0.04346623921900628
0,5.397314475971176e-09,0.06654150004320236,0.01996245379108084
0,1.5049325950983054e-09,0.25262985062103804,0.07578895623976423
0,8.580252257779436e-08,0.08461532195005028,0.025384656646780888
0,1.0598048953493233e-08,0.8317052000002172,0.2495115674186994
0,2.2325048700709897e-08,0.38293722131610886,0.11488118202236673
0,3.9529941751593273e-08,0.08650210944018433,0.025950660503014523
0,6.602217452238801e-07,0.20743589782795147,0.06223123150360709
0,2.874661797807223e-09,0.2612176746084963,0.07836530439481215
0,1.8554479772854367e-08,0.1599362686730551,0.047980893590052365
0,6.641691808500383e-07,0.19625586903815628,0.05887722562987348
0,9.755480478979862e-10,0.11094994413601822,0.033284983923689095
0,1.186252407657011e-09,0.021449493354887217,0.00643484883684285
0,2.490173717305362e-09,0.3789347622759792,0.11368043042591537
0,1.0896257444075363e-09,0.17868580191866867,0.05360574133833862
0,2.131181024062796e-08,0.3530977544099735,0.1059293412412592
0,2.6082999057101213e-08,0.13777534348258647,0.04133262130287527
0,5.645005729778504e-09,0.04285906617396529,0.012857723803693598
0,6.4983340947561236e-09,0.07168668164804282,0.021506009043246708
0,1.135418233438409e-09,0.6810373392345925,0.20431120256517052
0,8.656996297530927e-09,0.43406854109160276,0.13022056838737825
0,1.3561040451077415e-07,0.11476170691738685,0.034428607002499216
0,4.959308590155131e-09,0.6947113435025922,0.20841340652229368
0,6.7634928383649485e-09,0.2720514006508322,0.08161542492969465
0,1.179304419903962e-09,0.28512583155208715,0.08553775029113923
0,1.2004385071536928e-08,0.20938279996750764,0.06281484839332184
0,1.717413249746679e-08,0.11900312872178098,0.035700950638427036
0,1.770741131539813e-09,0.14763688910476336,0.0442910679709478
0,4.0578632454075276e-10,0.5623872261329623,0.1687161681239391
0,3.9677564297019104e-08,0.1597196841100409,0.047915933007307274
1,0.9999998370539017,0.3338514324049723,0.8001553156592229
0,2.0026286828486083e-09,0.157172132685663,0.04715164120753897
0,1.7021337066750536e-07,0.2758693564321153,0.08276092607899405
0,5.928544053299838e-07,0.10793954804712969,0.03238227941222264
0,8.026185013223913e-09,0.44491488072358476,0.13347446983540492
0,2.073939547648075e-09,0.16437729033740034,0.04931318855297779
0,2.9141857945444485e-08,0.0415539679293796,0.012466210778114441
0,9.911835493265445e-09,0.15178689679643098,0.04553607597721414
0,7.904573821668411e-08,0.16632590231906275,0.04989782602773558
0,9.289125767739778e-06,0.11855817987026696,0.0355739563491175
0,1.5946346830713435e-08,0.14426169041053072,0.043278518285601995
0,2.0487618673709434e-09,0.21427161144877183,0.06428148486876485
0,4.112762417486784e-09,0.13387581459344455,0.04016274725696706
0,3.128424913621796e-08,0.08961372381005595,0.026884139041991176
0,8.600156755380181e-07,0.08735824568368045,0.02620807571607701
0,1.8504573685397112e-07,0.15280318141912175,0.04584108395775233
0,1.8288305200527371e-09,0.16183154276661793,0.048549464110166744
0,2.906555718967473e-07,0.1543872791794869,0.0463163872127464
0,5.305250352181714e-08,0.4334859235406363,0.13004581419894337
0,6.218636693939264e-08,0.14330027843931648,0.0429901270622518
0,6.903744185809414e-10,0.04082103016250782,0.01224630953201444
0,2.6628954473652074e-09,0.3766391609636025,0.11299175015310756
0,1.1734804234612109e-09,0.1437212373613186,0.043116372029831866
0,2.065543620026207e-08,0.08687131165562878,0.026061407955493974
0,3.6616104400887084e-08,0.19076358231508783,0.05722910032579943
0,1.1748606943583765e-07,0.1549469982263475,0.046484181708152855
0,7.893971666496608e-08,0.21937495526191508,0.06581254183637619
0,7.037224648550485e-10,0.058040555413089834,0.017412167116532675
0,1.206800549686335e-08,0.10963336364696041,0.03289001754169197
0,3.663075200294407e-07,0.3120759184738997,0.09362303195743393
0,5.642262117062075e-07,0.27103174618746284,0.08130991881458705
0,3.729075701422691e-08,0.26821466618125633,0.0804644259579068
1,0.9999996277487571,0.10724473980968796,0.7321731613670363
0,3.8471292560428796e-08,0.09007728310260688,0.027023211860686853
0,1.709353941850111e-08,0.19987291932393492,0.05996188776265807
0,8.259295165054041e-08,0.1311791308719128,0.039353797076639996
0,3.23227338659478e-08,0.37463265315310046,0.11238981857184385
0,2.554063595560964e-09,0.14796085230284917,0.04438825747869927
0,3.3679154172501344e-09,0.2258265186353705,0.06774795794815194
0,5.061940124036605e-09,0.4426427083245563,0.13279281604072496
0,2.7444552647138232e-08,0.22854111478121608,0.06856235364555167
0,3.727615676314133e-09,0.16800193420632448,0.05040058287122832
0,5.472455808601323e-09,0.22027017572711127,0.06608105654885243
0,3.662340728965942e-09,0.3176593641283755,0.09529781180215115
0,7.663587592899344e-09,0.3038181809196411,0.09114545964040364
0,2.7598152074433022e-09,0.26665020176218046,0.07999506246052479
0,1.4747530457350182e-08,0.5817213176691269,0.17451640562400939
0,9.203452828401844e-10,0.08127879288692819,0.024383638510320153
0,1.0662895610304904e-07,0.3465441522803966,0.10396332032438825
0,1.1262108300686838e-08,0.23325417995490239,0.06997626186994653
0,6.851095609161203e-09,0.2053002909141557,0.06159009207001363
0,1.9715412589079768e-07,0.21555402093286713,0.06466634428774826
0,1.0346125105874153e-09,0.3836851296449433,0.11510553961771174
0,7.899728921172481e-09,0.10845573752963167,0.03253672678869974
0,3.951735492461991e-08,0.19140478404170091,0.05742146287465872
0,2.142701008820539e-09,0.23089467096370941,0.06926840278900354
0,4.335896986638727e-09,0.2633158147087733,0.07899474744775987
0,1.0629041137870637e-08,0.30297801681619985,0.09089341248518874
0,1.9039046535244633e-08,0.03867273935553506,0.01160183513399309
0,1.261692655566767e-09,0.2371640893059156,0.07114922767495953
0,4.680839360952255e-09,0.18860797759468517,0.0565823965549931
0,5.995960393298793e-09,0.2976148496112393,0.08928445908054407
0,5.052497533728594e-09,0.2596797457090272,0.07790392724945643
0,3.248254862855091e-07,0.2140837544328199,0.06422535370768637
0,1.5816624730978333e-09,0.25736076270977093,0.07720822992009502
0,6.729824392213531e-10,0.5643452956915016,0.16930358917853816
0,1.2949436236702898e-07,0.005855407595312334,0.001756712924647357
0,5.004288265815807e-09,0.41739426251525713,0.12521828225757892
0,1.6497426547601485e-07,0.1184426355471242,0.035532906146123096
0,4.891747212624957e-08,0.1978131599640549,0.059343982231446955
0,3.5695691465225772e-09,0.6576263439956003,0.1972879056973785
0,5.6698424488891385e-09,0.32040549090494086,0.09612165124037197
0,2.313775919231111e-08,0.4484180934741324,0.13452544423867116
0,4.53788753653593e-08,0.19927245148488015,0.0597817672106768
0,5.422966025161773e-10,0.08927207610550669,0.02678162321125963
0,1.5800502745866246e-09,0.1653595125153765,0.04960785486064814
0,2.2962627307816278e-07,0.37079748218255637,0.11123940539315806
0,3.176147350279883e-09,0.4399293448568925,0.1319788056803709
0,1.3760243102109087e-05,0.26191304027971896,0.07858354425408716
0,9.781103153347625e-09,0.3389441591792498,0.10168325460054714
0,1.4035683083192015e-08,0.2092756546457406,0.06278270621870034
0,1.0156723257398675e-08,0.136169783601774,0.040850942190238486
0,2.464464698848125e-09,0.48495398531714395,0.14548619732026846
0,8.411490354247462e-09,0.35280928262822686,0.1058427906765113
0,6.972634953493834e-09,0.32087289353150417,0.09626187294029571
0,4.3737806220969666e-09,0.6043364856252827,0.18130094874923125
0,2.8162542546434398e-09,0.3964661656179086,0.11893985165675056
0,1.171342641608617e-08,0.2847919689983883,0.08543759889891499
0,4.763710928474855e-07,0.07878772751738694,0.023636651714981072
0,8.573476667889469e-07,0.14681390655392035,0.04404477210954286
0,2.2897726389430756e-08,0.3348180423585223,0.10044542873596517
0,9.488628918003782e-09,0.13849507215592405,0.04154852828881746
0,4.877026974329915e-09,0.12340748744967922,0.03702224964882265
0,4.7044649629751036e-08,0.8273668280972685,0.2482100813604353
0,1.8590918298026812e-09,0.16838762116159367,0.05051628764984238
0,1.836582019285469e-08,0.15567374639418285,0.04670213677432899
0,1.1571252199139049e-09,0.10779893400861829,0.03233968101257314
0,1.6714378049905133e-09,0.313425437551183,0.09402763243536137
0,4.083768340225386e-09,0.2704940933864052,0.08114823087455938
0,3.303296490232614e-09,0.4367643346380079,0.1310293027037099
0,4.5362923403273405e-08,0.01847452622160961,0.005542389620529265
0,3.3896006210156726e-09,0.10513282357441445,0.03153984944504477
0,2.304414163545491e-08,0.2680566727167113,0.08041701794591254
0,5.250341838744785e-09,0.07640690276573359,0.022922074504959363
0,8.367098201153967e-08,0.17338299971758875,0.05201495848496403
0,6.457400274429848e-08,0.6918817864143966,0.2075645811261209
0,2.2407471297088713e-09,0.09835826918175783,0.029507482323050338
0,1.555634476816726e-06,0.6870263447850806,0.20610899237965796
0,1.2114172998776518e-07,0.09023132793079913,0.027069483178450728
0,4.280837413802446e-09,0.6184564727045353,0.18553694480794677
0,4.0317094971794375e-08,0.45796197462598065,0.13738862060976068
0,2.8657780843481077e-09,0.2563812066833626,0.07691436401105345
0,1.5235931595639415e-09,0.07644561330994948,0.022933685059500056
0,2.291088266229982e-07,0.3974752153966733,0.11924272499518063
0,6.639970909941582e-08,0.06763517472931901,0.020290598898592072
0,3.310907870397557e-08,0.04305101378043885,0.012915327310486746
0,1.7113171968029653e-09,0.48654363773530684,0.14596309251851408
0,1.0748001686282176e-07,0.31244538556952606,0.09373369090686963
0,1.1122246510567111e-08,0.2761476681044749,0.08284430821691502
0,7.2357769430616705e-09,0.2036122110903147,0.06108366839213827
0,3.3242371863771236e-09,0.1951759447407999,0.058552785749206
0,7.967974474870582e-10,0.37406321022312483,0.11221896362469566
0,8.815995779916388e-10,0.27169943732765567,0.0815098318154164
0,3.252597603854813e-09,0.23697063711572364,0.0710911934115354
0,4.194980679659545e-08,0.10217176283346863,0.030651558214905346
0,5.5530717008468144e-09,0.17908270768773515,0.053724816193470734
0,1.1323293939156435e-08,0.5797707897780422,0.1739312448597184
0,3.198286812431125e-06,0.23573275922920434,0.07072206656953
0,2.2904225958232078e-09,0.09583434816270198,0.028750306052106406
0,3.7242792313343924e-09,0.409186313585296,0.12275589668258426
0,1.91277656239029e-08,0.4855926310378933,0.14567780270080394
0,4.998271481082883e-10,0.39834971835586097,0.11950491585663729
0,1.194840981316136e-09,0.13487055910863144,0.04046116856897812
0,2.2613899568747557e-07,0.09696551537149811,0.029089812908746415
0,9.928475828278138e-09,0.11533486072878507,0.0346004651685686
0,2.243531622325478e-09,0.411498143302348,0.12344944456117654
0,5.0320263763101145e-08,0.18352054957565056,0.055056200096879795
1,0.9999988539369228,0.09137613585145254,0.7274120385112817
0,8.355626413400411e-08,0.12773289050516923,0.038319925640935656
0,5.890549566404419e-09,0.3213899291602572,0.09641698287146186
0,2.360815325413173e-09,0.2584145059819146,0.07752435344714512
0,4.648958181222732e-08,0.12571843163250518,0.03771556203245882
0,7.873574305293467e-10,0.19630423919084272,0.05889127230840301
0,1.3508652051941837e-07,0.17572548721955994,0.052717740726432344
0,5.8895193027205445e-08,0.2569456893037022,0.07708374801774578
0,1.7136655494955538e-07,0.23754435448587874,0.07126342630235209
0,1.294105234029144e-08,0.4497708519910193,0.13493126465604244
0,1.529759527956223e-07,0.17348788355884492,0.052046472150820436
0,7.016085913640631e-10,0.33913128537607296,0.10173938610394789
0,3.9398233651236455e-08,0.9139145176374721,0.2741743828700052
0,4.1749188286528316e-09,0.12116681765881798,0.036350048220088575
0,5.544829039614915e-07,0.19781757574518932,0.059345660861589565
0,4.6076671155498585e-09,0.5897584967647209,0.17692755225478324
0,4.483555709184227e-09,0.17334817130422842,0.05200445452975752
0,9.041273784912396e-08,0.18110531787829465,0.05433165865240489
0,6.724273556424075e-08,0.17110358575527063,0.051331122796496084
0,3.561044148627279e-08,0.29031042290693854,0.08709315179939059
0,3.3274570229597027e-09,0.13568056508103898,0.04070417185353161
0,9.665323501337435e-09,0.17504982194001772,0.05251495334773177
0,2.150483912147138e-08,0.20261098230155572,0.0607833097438541
0,1.1757235948590353e-09,0.17779428859359636,0.05333828740108543
0,5.92782222006103e-10,0.24206746254590417,0.07262023917871879
0,4.3885331483095155e-09,0.2112588842144083,0.0633776683362957
0,9.58588509762297e-09,0.793990143734062,0.23819704983033815
0,8.24571578419217e-08,0.14792055371133428,0.04437622383341077
0,2.191632739482737e-08,0.25692874144945665,0.07707863777626618
0,1.2725844597659356e-07,0.1328914674989783,0.03986752933060567
0,1.0969708296276892e-07,0.5678720989246113,0.17036170646534146
0,3.029266288198299e-09,0.33070148995754145,0.09921044910774883
0,8.625735661983408e-10,0.16176995325541244,0.04853098658042523
1,0.9999995533497518,0.11012685751227136,0.7330377445985076
0,7.732068147115574e-08,0.2152101518994186,0.0645630996943026
0,5.149938537648405e-07,0.24011890744950126,0.07203603273054801
0,2.892823456537242e-08,0.1033386294181301,0.031001609075203225
0,7.519602046079371e-09,0.36117086037547863,0.10835126337636501
0,1.791116288406676e-08,0.12279664164889781,0.03683900503248336
0,2.1110637633413296e-08,0.14099540487319662,0.04229863623940533
0,2.156391303440834e-06,0.2373779258110702,0.07121488721723346
0,2.557750527070052e-09,0.49371057824304854,0.14811317526333992
0,3.4473459575950963e-09,0.1686082889419327,0.05058248909572198
0,6.955948781565722e-10,0.14901526626873862,0.044704580367538
0,2.0492606334663824e-07,0.26642184570670113,0.07992669716025468
0,1.0258167580138934e-08,0.2723047578510226,0.0816914345360241
0,4.347198582694802e-07,0.08096562241023375,0.024289991026970915
0,4.602861968059368e-08,0.5593606595835309,0.16780823009509305
0,3.2486726109258016e-08,0.1762180732116817,0.05286544470421278
0,2.3131903369718554e-06,0.09570177668513613,0.02871215223877672
0,5.413275138469951e-10,0.25166092174691035,0.07549827690300237
0,2.4820064998314207e-07,0.1410832334220885,0.04232514376708154
0,3.0442055517606188e-09,0.3722044647633499,0.11166134155994885
0,1.05259250850364e-08,0.3576738054385862,0.10730214899972342
0,4.70815679989096e-08,0.4663494863230111,0.13990487885400094
0,6.801751078532521e-10,0.2386589114723655,0.07159767391783223
0,1.622796916451169e-08,0.1622311774102908,0.04866936458266566
0,3.3942997237167245e-09,0.42496575199072273,0.1274897279732266
0,7.972945352248852e-07,0.24299725545716744,0.0728997347433249
0,1.6027593533256046e-08,0.5305892979757241,0.15917680061203268
0,4.425963855493201e-09,0.3006030690672332,0.09018092381834467
0,3.74618854218955e-07,0.44015182185968493,0.13204580879110345
0,1.0444481695264497e-08,0.5217410130685055,0.15652231123168883
0,1.753628369882155e-08,0.11601020986771216,0.03480307523571223
0,1.0960616179182676e-08,0.2545285160917071,0.07635856249994347
0,1.3761553386611216e-09,0.3070386666693826,0.09211160096412352
0,1.392587240405098e-09,0.09687048787027841,0.02906114733589459
0,1.493162716416166e-08,0.15460625034363373,0.04638188555522913
0,2.158505209934286e-09,0.2067095509183946,0.062012866786472026
0,1.3124378956453488e-09,0.5359782377637585,0.16079347224783408
0,8.475370259786684e-10,0.11119335883659531,0.033358008244254514
0,4.4571776555182255e-09,0.09989688362543192,0.029969068207653934
0,3.7508263523997734e-09,0.095865420572534,0.028759628797338645
0,6.630521095027533e-09,0.08463593427473493,0.025390784923785246
0,1.328107981486128e-07,0.3546575269354425,0.10639735104819145
0,6.844676927292841e-09,0.0911923865963109,0.02735772077016712
0,3.48574681441754e-10,0.13561975094131629,0.04068592552639716
0,1.4818344560709569e-09,0.14330062593110493,0.0429901888166156
0,6.801638584288878e-10,0.08217343374588082,0.024652030599878944
0,8.316636319741604e-09,0.04665839123543858,0.013997523192276998
0,9.636591960199602e-09,0.4002586221894835,0.12007759340245941
0,5.884522498899243e-08,0.35172034587741585,0.10551614495488223
0,1.523234572215464e-08,0.08944293569849349,0.02683289137219005
0,5.675898580093176e-07,0.7070000933978011,0.21210042533224094
0,1.0237047909934093e-09,0.3048353837861303,0.09145061585243244
0,2.4542109988562336e-08,0.22177274518622647,0.06653184073534493
0,1.275891142854369e-08,0.40759732404318605,0.12227920614419381
0,1.8924172461009517e-07,0.16119998797485213,0.04836012886166287
0,5.1450852201871934e-08,0.33272965288681244,0.09981893188164027
0,1.184118815884531e-09,0.8150267942630217,0.24450803910778968
0,2.940699998223521e-09,0.4167156471676148,0.12501469620877442
0,1.8071724966986087e-09,0.7017310645424414,0.21051932062775316
0,1.2956431350539578e-08,0.3029442372427731,0.09088328024233386
0,5.69722604991266e-07,0.14136116190463555,0.04240874737721416
0,6.290585464810024e-10,0.6564957594903303,0.1969487282874401
0,1.008039066541005e-08,0.3691552321268553,0.11074657669433005
0,1.5259695810723792e-07,0.2228869471069761,0.0668661909499635
0,2.5171635755624244e-09,0.17236346856980178,0.051709042332955035
0,5.337756402298827e-07,0.12678699670646,0.038036472654886154
0,5.471474293925088e-10,0.13184333333100362,0.03955300038230428
0,3.383899512746453e-06,0.04839729884177302,0.014521558382190828
0,3.996972289225184e-09,0.41679540943096194,0.12503862562716916
0,2.1126308749212915e-09,0.14439476335949564,0.043318430486690304
0,9.897765523092302e-09,0.23199563500207665,0.06959869742905886
0,3.0267682734616167e-09,0.378909407588952,0.11367282439542338
0,1.5773968406184468e-08,0.4536999396133652,0.13610999292578743
0,3.184954121764643e-08,0.2738822001966531,0.08216468235367479
0,1.3105093651312355e-09,0.11434856095640245,0.03430456920427729
0,2.0307761644960968e-08,0.4019989898593517,0.12059971117323864
0,8.757614973849096e-06,0.17009159652239236,0.051033609287199404
0,1.5003756241085914e-08,0.5007888900356037,0.15023667751331046
0,5.662303484833187e-09,0.207277487498426,0.06218325021314024
0,1.5334180347942295e-07,0.22845739675443733,0.06853732636559363
0,2.5702560929429952e-09,0.2239445885301512,0.06718337835822462
0,4.20241578572513e-09,0.14734345665890103,0.04420303993936136
0,4.178847501714628e-09,0.23130297312414771,0.06939089486243756
0,1.8274776085300873e-09,0.158005936290453,0.04740178216637023
0,1.3082534644361959e-08,0.0607076221107663,0.01821229579100414
0,4.984833290770542e-07,0.09269629050744044,0.027809236090562486
0,5.113975336688729e-07,0.17747162226831426,0.05324184465876784
0,9.98719470958988e-10,0.2756079185333853,0.08268237625911921
0,5.2092902236745415e-09,0.20621728168475917,0.0618651881519309
0,1.444394723551456e-09,0.1348607964362738,0.04045823994195844
0,6.267865256947692e-09,0.604615177542932,0.1813845576503853
0,5.1868883476148684e-06,0.11727338512585506,0.035185646359599844
0,7.331499124019263e-10,0.16623710508018674,0.04987113203726096
0,2.4364051397080625e-09,0.11321414212094594,0.033964244341767376
0,1.1753896810018977e-06,0.3020488439978426,0.09061547597212948
0,3.353251175883611e-07,0.33032894693226644,0.09909891880726225
0,4.246097135446792e-08,0.14706904268212673,0.044120742527317965
0,6.633010401030438e-09,0.022638797165269064,0.006791643792687999
0,3.7557201878382406e-09,0.21057010579408242,0.06317103436722885
0,3.520641463078053e-09,0.16535730406646576,0.049607193684388755
0,1.2316707509679735e-08,0.1407937863640717,0.04223814453091676
0,2.791770354166335e-07,0.14920468869370485,0.044761602032036246
0,4.3615885412756486e-08,0.10968401049211596,0.03290523367875458
0,3.0876614035497936e-09,0.1265418707456808,0.03796256338506722
0,6.275923068064864e-08,0.51532368238497,0.15459714864695245
0,1.0567421937945392e-08,0.6912117797687267,0.20736354132781337
0,1.0934679503162488e-07,0.013507979966431605,0.004052470532686003
0,8.794086919226712e-10,0.1082833511984207,0.03248500597511229
0,2.3458742937855157e-09,0.49064637120878285,0.14719391300474685
0,4.574649347443494e-09,0.10637324005649118,0.031911975219201895
0,5.056378617685479e-09,0.12198811388782538,0.03659643770581265
0,9.160402465680887e-08,0.14838285947001317,0.04451492196382121
0,4.795792006467553e-10,0.5620634152811717,0.16861902492005693
0,1.1744752526922512e-09,0.3245983880112667,0.09737951722551269
0,7.916334542670365e-09,0.05708059666393339,0.017124184540614196
0,3.8498088882949315e-08,0.5812953796092323,0.1743886408314319
0,5.0485072435665866e-08,0.05695215940131704,0.017085683159945818
0,1.8565378943785943e-08,0.2673863749768658,0.08021592548882499
0,6.609982752415628e-08,0.2323303603764002,0.06969915438279932
0,8.034267031234876e-08,0.07864312611067159,0.023592994073070698
0,1.0783650877622064e-06,0.18444479559863414,0.05533419353515167
0,2.930979515883609e-09,0.056071105762705686,0.016821333780497365
0,1.7714697744399272e-09,0.08865539308697179,0.02659661916612038
0,9.440787738220966e-10,0.18187687126669183,0.05456306204086269
0,1.5900051750307526e-07,0.23257309774497403,0.06977204062385445
0,1.4438677382629647e-09,0.3937632524486073,0.11812897674528962
0,1.7740079932063254e-08,0.43399887053978614,0.1301996735799918
0,6.202570369389996e-07,0.12716611651744614,0.038150269135159696
0,1.410743174194724e-09,0.2646679418713088,0.07940038354891286
0,1.26781586396016e-05,0.16624529417206502,0.049882462962667226
0,1.9381724982892026e-07,0.24870035678218994,0.07461024270673186
0,5.806760419446497e-09,0.11184184953664855,0.03355255892572686
0,1.1593235587736808e-08,0.24355093888846246,0.07306528978180364
0,8.869281488142873e-08,0.3397502197729767,0.10192512801686342
0,1.0620441478044547e-07,0.27128001036659777,0.08138407745306968
0,8.196741038412856e-09,0.3680543802387214,0.11041631980933514
0,9.546538505524722e-09,0.5648597466791254,0.1694579306863146
0,7.4175649630366015e-09,0.157541833927207,0.04726255537045757
0,4.817981312895779e-06,0.1031907805195803,0.03096060674279312
0,1.2835559231215307e-09,0.14034004518597187,0.0421020144542807
0,6.51019544599679e-09,0.6051108184784694,0.1815332501006776
0,3.5695061118715055e-08,0.2384083986567047,0.07152254458355418
0,1.3927278825524888e-09,0.1892810008846545,0.05678430124030587
0,1.6039170503194853e-09,0.11182052125486242,0.03354615749920066
0,1.291472180839123e-09,0.2640995801433821,0.07922987494704516
0,2.4724095498141937e-08,0.13629047520434723,0.040887159868171014
0,3.331604213424039e-09,0.19880675828551675,0.05964202981777797
0,3.022544575441997e-08,0.18696133090973732,0.05608842043073323
0,1.0391707765115535e-09,0.4353671071242665,0.1306101328646995
0,3.523481857994272e-09,0.18851265226031522,0.05655379814453186
0,5.552794221537379e-09,0.39366523357869865,0.11809957396056554
0,7.695628813197183e-07,0.11964849216354545,0.03589508634308056
0,2.3226386647025695e-07,0.4227328212026138,0.12682000894549067
0,7.421031853840265e-10,0.1681648258464593,0.05044944827341002
0,8.076198775300033e-07,0.11146135502317467,0.03343897184086667
0,4.05819883856595e-09,0.0870607660273508,0.026118232648944424
0,2.1321102623344905e-08,0.2719627478931571,0.08158883929271897
0,2.322993839336326e-08,0.16545216811564778,0.049635666695651205
0,1.893986776915982e-08,0.05483307045229824,0.016449934393596908
0,9.376132416666698e-09,0.39627577515293355,0.11888273910917274
0,1.4260852492714062e-09,0.2627074088979139,0.07881222366763384
0,2.484695791817881e-07,0.40422349862173546,0.12126722351522605
0,2.5168305786085147e-09,0.08612003158841963,0.025836011238307293
0,1.30776367285116e-09,0.25943401090377083,0.07783020418656582
0,6.57926299044449e-08,0.15802997634033256,0.0474090389569407
0,3.431016581453825e-08,0.24380267149234292,0.07314082546481894
0,9.12455585333089e-09,0.3228797804495218,0.09686394052204564
1,0.9999991546620414,0.041279823996970166,0.71238335546252
0,4.600394512366555e-08,0.5754772952864997,0.1726432207887115
0,3.3234325344602007e-08,0.06857274861591378,0.020571847848801877
0,2.4572615431323224e-07,0.4222828013308727,0.12668501240756982
0,6.187779704200297e-08,0.41728699655708557,0.1251861422815836
0,2.147096379747366e-09,0.5846872069315825,0.1754061635824422
0,1.5300573010925612e-09,0.12728291207753584,0.03818487469430086
0,3.740674341364652e-09,0.5225882224452597,0.15677646935204995
0,2.0055851204164745e-08,0.09885899090916805,0.02965771131184626
0,2.9574675286897253e-09,0.27858584073010106,0.08357575428925758
0,1.3727724698768587e-09,0.7151421159679878,0.21454263575133706
0,1.1481200363343422e-09,0.4566602315638346,0.13699807027283442
0,2.605102530566688e-08,0.2260133555539764,0.06780402490191063
0,5.564155883817661e-09,0.16699499404551332,0.05009850210856311
0,1.2112527404085008e-07,0.5433843147692935,0.1630153792184799
0,3.419337119207782e-08,0.5446129701480007,0.16338391497976004
0,4.941574566531467e-09,0.4568503815272902,0.13705511791728925
0,1.9986644151719267e-05,0.1274095972033894,0.03823686981192302
0,6.191792655263755e-10,0.22791816481317306,0.06837544987737741
0,9.211783912656649e-08,0.5865632150034141,0.1759690289835116
0,2.4331644324120285e-09,0.38620128539252996,0.11586038732097408
0,1.904655757840079e-05,0.09568495999914273,0.028718820590047697
0,3.4713273721283454e-07,0.33744872194478226,0.10123485957635073
0,5.7767405865111875e-06,0.08377045850027476,0.025135181268492984
0,5.502985405505511e-09,0.3413064803495941,0.10239194795696802
0,3.274265354133688e-10,0.17307805666329557,0.051923417228187246
0,9.170477418026265e-10,0.20850728755649828,0.06255218690888291
0,5.467941754060895e-07,0.1690985499916282,0.05072994775341125
0,2.9691368389829073e-08,0.26246441453967595,0.07873934514586066
0,5.961438713810334e-07,0.21970839808988507,0.0659129367276755
0,1.1395753677842542e-09,0.49741057777500575,0.14922317413020447
0,4.810579822408153e-09,0.6791483069027078,0.2037444954382182
0,8.744558880024649e-09,0.39160469084359406,0.11748141337426943
0,4.4753487861235744e-07,0.8649232909321707,0.2594773005540662
0,1.2475281526949366e-09,0.16929647700479666,0.050788943974708706
0,1.7688591105954224e-09,0.40937449828757977,0.1228123507244753
0,2.6014353365210687e-08,0.42729169826804914,0.1281875276904621
0,2.907481765238872e-09,0.17174134932891272,0.05152240683391105
0,7.060790737812555e-10,0.23240181833091889,0.069720545993531
0,2.624786567067064e-08,0.3849994991386503,0.11549986811510105
0,9.99886612961047e-10,0.30297459493836765,0.09089237918143092
0,5.480396918197764e-06,0.5168524175668334,0.15505956154789274
0,9.426645897086101e-08,0.5476663254902293,0.16429996363359006
0,2.1474439911988705e-09,0.08169374301978594,0.024508124409146577
0,8.749028345276937e-09,0.1360402174293568,0.04081207135312688
0,7.988282005502514e-06,0.11812402817874712,0.03544280025102799
0,5.063001403837717e-08,0.17915797304215186,0.05374742735365538
0,2.8633613443477114e-09,0.08769751035382767,0.02630925511050124
0,1.3010532173272366e-09,0.23582443091891525,0.07074733018641183
0,8.298658947420469e-09,0.2040933812230582,0.06122802017597872
0,3.898248530003952e-08,0.11723906211570412,0.03517174592245094
0,7.066923807750888e-10,0.1349257927074673,0.04047773830692485
0,9.610351699346492e-09,0.19664093426235763,0.05899228700595348
0,2.0126965822789843e-08,0.8403348470164779,0.2521004681938194
0,3.094797565233707e-08,0.4207852925644776,0.12623560943292622
0,3.9270362875971687e-07,0.3406972872306625,0.10220946106173888
0,5.0954137782691995e-08,0.0748926196356593,0.022467821558594236
0,1.1530763638692298e-09,0.11999106224512934,0.03599731948069226
0,8.672032593484239e-09,0.18018482619607168,0.05405545392924432
0,1.328249128414826e-07,0.28069798783395195,0.08420948932762456
0,4.20466836096429e-08,0.6726691827311233,0.2018007842520155
0,3.382619079121701e-09,0.09711953890560265,0.02913586403951415
0,5.4709735770826605e-09,0.12431767141905836,0.03729530525539901
0,7.621182355229435e-10,0.10098026496622259,0.03029408002334954
0,1.8636690849488562e-09,0.23561417918446337,0.07068425505990736
0,1.6061970970680796e-09,0.11651287780550257,0.03495386446598874
0,4.7723360733326864e-09,0.09643817486141248,0.028931455799058994
0,1.6455824800786183e-07,0.23031755305646573,0.06909538110771332
0,2.4508438632317385e-08,0.2712365658851954,0.08137098692146566
0,6.912947709417072e-10,0.23304732036648046,0.06991419659385048
0,2.5251274051748383e-08,0.03970914202255382,0.011912760282657983
0,3.253523965931672e-08,0.5268181207285172,0.15804545899322292
0,8.629178507034378e-09,0.19210561562270811,0.05763169072723738
0,3.043215881314121e-09,0.12565273649237918,0.03769582307796487
0,2.0736660642155504e-07,0.11248540582676847,0.033745766904655035
0,1.602837750021432e-08,0.17387944096955688,0.05216384351073131
0,5.656888448935932e-10,0.1213365578996135,0.036400967765866245
0,1.431289601354425e-07,0.1934876081058925,0.05804638262203984
0,1.4898742335958122e-07,0.1844962298873244,0.05534897325739367
0,6.964547425183764e-09,0.18863392837198178,0.05659018338677773
0,8.547752297675884e-10,0.1667444888171693,0.05002334724349345
0,1.2716760211634177e-08,0.19586447916571303,0.05875935265144606
0,2.490188279404348e-09,0.11067753077216536,0.03320326097478141
0,7.717228743989239e-09,0.24067857310153173,0.07220357733251964
0,2.51786750849338e-09,0.3860585129362075,0.1158175556433695
0,4.86535675458773e-06,0.07728401700170695,0.023188610850240297
0,2.1853311105295652e-07,0.18000164849540146,0.05400064752179817
0,7.684251466195396e-07,0.48053240667412966,0.14416025989984152
0,9.256091162797254e-09,0.0847136157028695,0.025414091190124662
0,2.9760508141393413e-08,0.1650372811932429,0.04951120519032857
0,9.100476867078688e-08,0.6060845780356747,0.18182543711404048
0,1.0706917938781784e-08,0.40129142254109396,0.12038743425717073
0,7.098983400284485e-09,0.15924163805038438,0.047772496384403694
0,7.180631610806355e-08,0.22234545499666203,0.06670368676341988
0,5.862406354330857e-09,0.3532125168609813,0.10596375916197884
0,3.2654244571197084e-09,0.3737535141590922,0.11212605653352478
0,9.364387831553244e-09,0.10712997761385679,0.032138999839228514
0,1.5933680880817607e-08,0.08412819949326045,0.02523847100155475
0,1.9880920032742e-06,0.39571520888007006,0.1187159543284233
0,1.0897896135664234e-07,0.3464811844949771,0.10394443163376607
0,4.415791968211615e-09,0.1859768505352667,0.055793058251634386
0,7.35096323677093e-10,0.2814365397190641,0.08443096243028667
0,3.8887965526117074e-08,0.37471418235456,0.11241428192794387
0,8.967086386755458e-09,0.24037791582350243,0.07211338102401119
0,3.5973700985908325e-08,0.2867275507952326,0.08601829042016046
0,8.48179664907069e-08,0.07231825770857381,0.021695536685148686
0,4.914869378238981e-09,0.0991739161210271,0.029752178276716695
0,1.2562601771259223e-08,0.5645924157781206,0.1693777335272574
0,3.9802280201973595e-08,0.25602703758362144,0.07680813913668257
0,7.782111185712669e-08,0.1542381335678923,0.04627149454514599
0,6.109123184341643e-10,0.3172609887070247,0.09517829703974602
0,3.39327059853422e-08,0.14685245843496963,0.044055761283385085
0,7.822827129724442e-10,0.24525316540674091,0.07357595016962017
0,8.007998208789124e-09,0.328570097142885,0.09857103474846424
0,2.4660501856182683e-07,0.12372660592813134,0.03711815440195239
0,2.711939217119802e-09,0.2310991467080774,0.06932974591078067
0,2.4615456625842987e-08,0.09282432799705298,0.027847315629935532
0,2.0042115287834463e-08,0.5331492490941901,0.15994478875773774
0,1.916767929087683e-08,0.22345554340706641,0.06703667643949543
0,1.979262295006549e-09,0.08978357220086941,0.02693507304574443
0,2.747124626049003e-09,0.1795917503888803,0.05387752703965133
0,1.5677152315193293e-09,0.28229324284494095,0.08468797395088294
0,2.1947266655454068e-09,0.11125129907183662,0.03337539125785965
0,2.034324633748604e-07,0.49146211726462863,0.14743877758211293
0,3.475677225267303e-09,0.31803655421275034,0.09541096869679916
0,9.825843497861027e-07,0.29888607252773547,0.08966650956736548
0,2.2219894955472663e-07,0.24983620660594952,0.07495101752104955
1,0.9999995782501805,0.2505446483431809,0.7751630992780806
0,5.24158997661132e-07,0.12251934666918807,0.036756170912054784
0,6.165859764317315e-08,0.14675936882243223,0.04402785380774802
0,2.3612840722318343e-09,0.2192119708839947,0.06576359291809725
0,1.3559458323369024e-05,0.10066158192498798,0.03020796619832275
0,1.036669139273496e-08,0.08151275518603485,0.02445383381249443
0,2.217031207318252e-06,0.1594328615592706,0.04783141038962631
0,2.269272886406685e-06,0.4848432092050041,0.1454545512525217
0,2.2630076976479198e-08,0.19206613090792934,0.057619855113432684
0,1.3871040658346096e-09,0.061756894999849155,0.018527069470927592
0,8.350531039118743e-10,0.13451788044327484,0.040355364717519625
0,6.439371766192361e-09,0.18826594196137403,0.05647978709597244
0,5.560714614269381e-09,0.6518528659349287,0.19555586367297886
0,1.1810411862081476e-09,0.15635746061130795,0.04690723901012121
0,1.28274617729705e-07,0.06999835790519415,0.020999597163790656
0,4.451828915892778e-10,0.4286395482091132,0.128591864774362
0,3.53944463299201e-10,0.25005935178900485,0.07501780578446259
0,2.2786304112278347e-08,0.25422124399375357,0.07626638914853895
0,6.527268673891408e-06,0.3933234431167705,0.11800160202310286
0,1.0378891474223793e-08,0.19647011564246952,0.05894104195796489
0,1.0758406229667148e-07,0.28465635516119636,0.08539698185720251
0,1.0014136482343592e-08,0.5996339096771715,0.17989017991304695
0,1.464661844113549e-09,0.15860029565957467,0.04758008972313569
0,2.1576926569126105e-09,0.08915065497935337,0.02674519800419087
0,3.123085491239648e-08,0.14710456826232154,0.0441313923402949
0,5.130186670554018e-08,0.46304974198662097,0.138914958507293
0,1.7517183255352106e-09,0.23977408545534418,0.07193222686280608
0,3.098334993315368e-06,0.11219471701538164,0.03366058393910981
0,3.723512126684923e-07,0.047563380902252095,0.014269274916524495
0,3.893649039496601e-09,0.5500584251246424,0.16501753026294705
0,4.970937123073784e-09,0.7624181729067829,0.22872545535169084
0,3.924851934669369e-08,0.3983202967483074,0.11949611649845576
0,9.368314928402578e-10,0.13822145491248017,0.04146643712952609
0,2.2225122293109546e-08,0.3050575434636643,0.0915172785966849
0,2.3178125639039475e-08,0.2069900528676455,0.062097032084981595
0,1.9577627959129342e-09,0.487309557187131,0.14619286852657326
0,3.517764598350972e-07,0.2865500992334281,0.0859652760135503
0,6.06776658705438e-09,0.40801460460448924,0.12240438562878338
0,1.3336458207971174e-09,0.07829752467582818,0.023489258336300528
0,1.581196366817476e-08,0.20480772913732714,0.06144232980957271
0,5.137625478302834e-09,0.3114587033170114,0.09343761459144126
0,1.3996267525282336e-08,0.32105468911827906,0.09631641653287097
0,4.1282566263870315e-09,0.13799309572673735,0.04139793160780084
0,2.2860976546626586e-09,0.2040175599469497,0.06120526958435326
0,3.023905751044952e-09,0.3748289243546207,0.11244867942312023
0,2.7944174343856552e-09,0.47874609743658236,0.1436238311870669
0,2.8176023833624086e-08,0.21583583005148566,0.06475076873866238
0,1.1251278108595325e-08,0.5822572420206684,0.1746771804820952
0,1.1584571683618575e-09,0.352052059366859,0.10561561862097771
0,6.575035323697004e-08,0.23265397408612276,0.0697962382510841
0,7.136767604729044e-08,0.5121097711725314,0.15363298130913267
0,2.7973016781627585e-09,0.2131525103141002,0.06394575505234124
0,1.1331404584295077e-07,0.25472545384352685,0.07641771547289014
0,6.527677489086212e-08,0.15786506254531796,0.047359564457337806
0,8.223635931889184e-10,0.23612622178371356,0.07083786711076857
0,7.36912680062772e-08,0.20288553079965377,0.06086571082378373
0,2.269241740530993e-09,0.3194423260053435,0.09583269939007226
0,4.186982316079037e-08,0.216566363715061,0.0649699384233945
0,3.6495652912836084e-08,0.17501389172653004,0.05250419306491604
0,8.422892706206519e-09,0.09675364726286217,0.029026100074883546
0,1.8366889479626453e-08,0.5180689125836313,0.15542068663191203
0,8.460100555468107e-10,0.6434855004690221,0.19304565073291366
0,1.5548034373774744e-08,0.034569341230662576,0.010370813252822833
0,1.863705382243983e-09,0.16121769922078166,0.04836531107082826
0,2.8170655205992693e-07,0.15455182051577177,0.04636574334931797
0,5.547335140514537e-09,0.08562844635475653,0.025688537789561556
0,9.915664844586692e-08,0.25756458413158534,0.0772694446491295
0,8.315617691769124e-08,0.22904662066527381,0.068714044408906
0,1.4467202531387497e-07,0.28831187617580933,0.08649366412316052
0,1.247498947093456e-09,0.4779829935894915,0.1433948989500967
0,4.749430413340781e-09,0.08200224018486502,0.024600675380060794
0,9.372546249163313e-09,0.3006416172461285,0.09019249173462092
0,3.4826404679846796e-09,0.5025898120303107,0.15077694604694156
0,1.5368430144798487e-09,0.3868748002445488,0.11606244114915475
0,2.250550836398614e-08,0.41743332006317935,0.12523001177280965
0,3.92754088590938e-10,0.4465488176379887,0.13396464556632445
0,2.407923334017249e-09,0.09923787871034384,0.029771365298649485
0,1.691256762684021e-08,0.09556242723366037,0.02866874000889545
0,9.77907473158605e-10,0.21904213348064883,0.06571264072872988
0,8.269350804919942e-09,0.4033569121853797,0.12100707944415948
0,2.012815624986896e-09,0.17155201837426826,0.05146560692125141
0,2.0878613818774264e-08,0.24932036817297798,0.07479612506692307
0,1.9558431043060168e-09,0.11025171324897298,0.033075515343782065
0,5.663808777533863e-09,0.5857962055116483,0.17573886561816066
0,1.1210827690860513e-08,0.08079159713761075,0.02423748698886261
0,1.9735746160240992e-08,0.15503475350388052,0.04651043986618647
0,2.0495263193311689e-07,0.29914675106024435,0.08974416878491566
0,1.2773175739857295e-09,0.17859473447890084,0.05357842123779256
0,1.4595683600749566e-07,0.6685820683282362,0.20057472266825607
0,2.3841337359923688e-08,0.21223983923810374,0.06367196846036727
0,5.0113760950301e-09,0.1951214443574102,0.05853643681518632
0,2.336080027304866e-09,0.17691571385431826,0.0530747157915515
0,1.580511537420168e-08,0.1094041190444528,0.0328212467769166
0,7.838375082298414e-09,0.12703175902704555,0.03810953319497622
0,1.361772343991551e-07,0.1533915102081791,0.04601754838651781
0,6.933318879957218e-09,0.7226284759949702,0.21678854765181427
0,1.8427453214385152e-09,0.4161749604211151,0.12485248941625626
0,6.532925183377198e-10,0.21566003233569075,0.06469801015801199
0,1.0295548456143556e-07,0.17013250443624106,0.05103982339971151
0,1.406735558537486e-07,0.5647327323290614,0.16941991817020752
0,3.7333302133325844e-09,0.2536300257569003,0.07608901034040123
0,3.6880766584187655e-08,0.1444841078856497,0.04334525818223152
0,1.1547167011088796e-09,0.23051721487661125,0.06915516527128507
0,2.096233669287232e-08,0.19716433057019866,0.05914931384469529
0,1.1652993452458194e-09,0.09386175146724651,0.028158526255883495
0,3.9690748301175416e-09,0.2980177031959278,0.08940531373713072
0,8.683989650064951e-10,0.5437773135042885,0.16313319465916581
0,2.98371321750422e-09,0.14928836007929325,0.044786510112387226
0,2.397492040580986e-08,0.15132559934740553,0.04539769658666594
0,2.0730060521621794e-09,0.1470655332856381,0.04411966143679567
0,1.5859676491632375e-08,0.33162467551134833,0.09948741375517804
0,6.148719054971134e-10,0.14218222944341885,0.04265466926343599
0,2.8430219879703e-09,0.20532660003139047,0.06159798199953253
0,1.2108648550685778e-08,0.663304737250973,0.19899142965134592
0,4.977738600175518e-09,0.13192272992832732,0.03957682246291521
0,5.643749774356516e-08,0.3437627910369957,0.10312887681734713
0,6.098568547121265e-10,0.3034902726560639,0.09104708222371895
0,4.981837466837436e-09,0.1583795723641418,0.04751387519652876
0,2.7365215548324297e-09,0.1138166028687253,0.03414498277618268
0,3.0635586154920444e-08,0.48453664351923986,0.14536101450068228
0,1.4095045997164772e-09,0.10408985651049052,0.031226957939800376
0,4.301086064782208e-08,0.1342034035622216,0.04026105117626893
0,5.27365318471589e-09,0.1277354663190715,0.03832064358727868
0,3.177198175511887e-08,0.2715712578377135,0.08147139959170129
0,2.7754891563777995e-09,0.06698494102079211,0.02009548424908004
0,9.203229988097736e-09,0.47084987396152544,0.14125496863071862
0,1.5290431315000077e-06,0.5422898065597361,0.1626880122981129
0,4.277202127687015e-08,0.21410861609021536,0.0642326147674795
0,5.030725996668728e-08,0.5466734645038791,0.16400207456624571
0,8.801673432563591e-09,0.11474778030823085,0.034424340253640655
0,4.5603151387600564e-10,0.26222195063524145,0.0786665855097945
0,7.902862651978381e-09,0.12777617510566885,0.03833285806370451
0,1.040691687223207e-06,0.17331104313907697,0.05199404142590414
0,4.283809596689507e-08,0.21245957766810197,0.06373790328709776
0,1.2247630803657578e-07,0.21590420209887862,0.06477134636307921
0,3.976154325362777e-07,0.5424549355801291,0.1627367590048415
1,0.9999996609919125,0.12909458262400475,0.7387281374815402
0,3.307491101530516e-07,0.17440190573674508,0.05232080324540063
0,1.1242742228830397e-08,0.30020593071544854,0.09006178708455412
0,1.6419260053692154e-09,0.2647296998182589,0.07941891109482586
0,2.610032108784106e-07,0.12956661681372117,0.03887016774636397
0,5.964216677995318e-10,0.6946365185219809,0.20839095597408946
0,5.069296211819011e-07,0.11228415954131532,0.03368560271312942
0,2.6341439813268524e-09,0.2157580930895997,0.06472742977078069
0,7.289943205697009e-09,0.04706492556581365,0.014119482772704339
0,9.715747544850998e-06,0.1618987370895859,0.04857642215015717
0,3.574921322179496e-08,0.15461172684536972,0.04638354307806017
0,9.32439427510698e-06,0.04892473148568166,0.014683946521697072
0,4.67909108769456e-08,0.5441989030054323,0.1632597036552673
0,2.075666930288727e-09,0.29417790582443903,0.08825337320029857
0,5.060228383486165e-09,0.08919151490311605,0.026757458013094683
0,1.9997361238284516e-07,0.4728542134527881,0.1418564040173651
0,1.7728189919285174e-08,0.02805369420126369,0.00841612067011205
0,1.5800929542461066e-08,0.15946451441113363,0.047839365383990765
0,4.1357608690505414e-08,0.20438612341781792,0.06131586597567146
0,1.3083908127632745e-08,0.19025937837910767,0.057077822672467984
0,3.238815648668557e-09,0.2551975698681449,0.07655927322761442
0,4.450280257223694e-09,0.5499493357745536,0.16498480384756226
0,1.412667069394416e-08,0.277238219887631,0.08317147585495877
0,5.961138215691056e-09,0.35220348737778373,0.10566105038613187
0,1.8067109733405605e-07,0.8555448514897709,0.2566635819166994
0,5.4191632268091654e-08,0.5229770118803212,0.15689314149823894
0,1.066335607579024e-08,0.345470374697985,0.10364111987374476
0,4.9142213783137675e-08,0.30798150780095934,0.09239448673983745
0,5.1179393845431923e-08,0.3398981126395404,0.1019694696174378
0,3.1277273132366594e-09,0.2575993535688791,0.07727980826007283
0,1.0108362094450072e-09,0.34596043850363223,0.10378813225867502
0,8.429154378088711e-08,0.2632468231873194,0.07897410596027647
0,1.2791307140482408e-08,0.4463132989928056,0.13389399865175666
0,2.540569013533486e-08,0.12333807295013466,0.037001439669023486
0,1.0864539025818777e-09,0.3776006366319994,0.11328019175011754
0,2.5523342267920286e-07,0.25823732390059084,0.07747137583357312
0,3.254529817888186e-08,0.49994508810560323,0.1499835492133897
0,1.4133779594458082e-08,0.1873838998936731,0.05621517986174764
0,5.411924819956259e-08,0.23399502604005873,0.07019854569549135
0,9.873575792275921e-10,0.06822733506348444,0.020468201210195637
0,2.49502141035855e-07,0.30198400863310004,0.09059537724142873
0,5.156690035114947e-08,0.18757378389001933,0.056272171263836046
0,2.176508812640989e-09,0.031050429343665975,0.00931513032665596
0,4.24708365971713e-08,0.18425668719848476,0.05527703588913105
0,2.449827264914534e-07,0.09532772788777677,0.028598489854241575
0,6.960334250439969e-09,0.48030164327343416,0.14409049785426423
0,1.1637491452868547e-09,0.2698811589850598,0.08096434851014234
0,8.703993758714736e-07,0.3299260824466922,0.09897843401357076
0,5.114942084455011e-07,0.1742531814791356,0.05227631248968659
0,1.903497937582837e-06,0.17722081638785292,0.053167577364912184
0,1.856914676167128e-09,0.17028734161190806,0.051086203783412686
0,3.268843629827985e-09,0.1300927558917061,0.039027829055702366
0,6.310547507382715e-08,0.5752059932216618,0.1725618421403311
0,9.263546575451804e-09,0.08535676674799253,0.02560703650888036
0,3.447126372851034e-09,0.12489812352607321,0.037469439470810426
0,5.290412383077139e-09,0.364630272380965,0.10938908541757816
0,1.1716955300732573e-09,0.18238670464821838,0.05471601221465238
0,1.6306285723504494e-07,0.32243538257093074,0.09673072891527928
0,1.5960282678931176e-07,0.9114962891287466,0.2734489984606027
0,7.463650217954828e-09,0.156298369807377,0.046889516166768244
0,9.403216737433985e-09,0.1049312701601045,0.031479387630283066
0,3.0631940588694476e-08,0.4447460037935358,0.13342382258041915
0,1.637664476002445e-08,0.0784535924846047,0.023536089209032742
0,8.131186304002765e-06,0.3295396377032963,0.09886758314140169
0,1.1473104040481036e-09,0.23276614031371534,0.06982984289723188
0,8.583980541362211e-10,0.09833537751368393,0.029500613854983815
0,7.535418932417652e-09,0.11099263193923803,0.033297794856564665
0,2.2909056210445493e-08,0.05723801032953857,0.017171419135200917
0,6.032048552626884e-09,0.2577237821761825,0.07731713887528874
0,2.2886094230403554e-07,0.26539818149292504,0.07961961465053712
0,3.972674277184667e-09,0.6837547587098576,0.20512643039382927
0,3.4372725331358744e-07,0.31432475559608275,0.09429766728790213
0,3.4309454097983533e-09,0.21858950893546292,0.06557685508230066
0,2.3903176361996073e-08,0.23508079695984507,0.07052425582017698
0,2.508213650440231e-09,0.06764154730879823,0.020292465948389026
0,2.6755522097718847e-08,0.08644621367482086,0.025933882831311726
0,6.461596094582498e-09,0.15258336343841994,0.04577501355464325
0,1.2148851005527124e-08,0.22847468570413987,0.06854241421543766
0,9.277914058456473e-09,0.6033037052743306,0.18099111807683904
0,1.065537523286912e-08,0.09954066717936849,0.02986220761257321
0,5.110501225090683e-10,0.3201345699767747,0.0960403713507675
0,5.7405389206160575e-09,0.2162066140551847,0.06486198823493265
0,2.7353864870850758e-09,0.13548960044952518,0.040646882049628096
0,1.564113046746944e-05,0.20939352167092484,0.06282900529260467
0,1.0686723163785726e-08,0.5844972840173297,0.17534919268590513
0,1.1435434824373766e-08,0.6539741701894002,0.19619225906162444
0,1.903007420315104e-07,0.3554927126223356,0.1066479469972201
1,0.9999996174477577,0.20115405332284975,0.7603459482102853
0,3.6351510850892263e-09,0.2647703249820269,0.07943110003921383
0,3.1103080334202914e-08,0.2687165054637606,0.0806149734112844
0,1.7935378749519727e-07,0.22722720284658393,0.06816828640162642
0,2.8400889567153884e-08,0.07532302461840257,0.022596927266143468
0,1.3196682514847393e-08,0.07542918041940372,0.022628763363498876
0,4.374486334823449e-09,0.1370190919604103,0.041105730650263524
0,9.09894953034891e-09,0.06780951045397199,0.02034285950545627
0,7.939465589874972e-09,0.0883808413981666,0.026514257977075892
0,4.166249228269638e-08,0.09056629950371675,0.02716991901485962
0,1.0187128083757486e-09,0.2538519527175107,0.07615558652835218
0,8.762095658257501e-08,0.5418255251812669,0.1625477188890497
0,3.2190191006183013e-08,0.18015521067005824,0.05404658573415118
0,5.197883216017962e-07,0.10649624374278444,0.03194923697466045
0,2.7701390017600247e-09,0.14946578362246965,0.04483973702583819
0,4.7739817419570406e-08,0.06079912709740287,0.018239771547093057
0,3.3432445852788155e-09,0.17483682810824863,0.052451050772745804
0,2.874883299147721e-09,0.34048983205108296,0.1021469516277432
0,1.787920870776705e-09,0.1908766747304298,0.057263003670673544
0,2.3045250462681834e-07,0.2894414315809615,0.08683259079104168
0,1.055304212805335e-09,0.20359217808872787,0.06107765416533131
0,3.81750886449981e-08,0.10884159354108092,0.03265250478488633
0,1.1218227591298295e-08,0.28856092709486236,0.08656828598121802
0,1.485070708029013e-09,0.1536922859742943,0.04610768683183778
0,5.765740074789589e-09,0.24606521960222882,0.07381956991668669
0,1.7222648754856989e-09,0.19986157700703278,0.05995847430769525
0,8.241519345846991e-08,0.20410839360642874,0.06123257577256404
0,2.8662049191442596e-09,0.157322118923929,0.04719663768352214
0,2.7708742787461675e-09,0.2257345113089,0.06772035533228199
0,3.378369967447747e-09,0.12403775746831414,0.03721132960535321
0,9.179576436588479e-09,0.09712439312718779,0.02913732436385984
0,1.38546710083453e-09,0.41969304510111094,0.12590791450016026
0,7.779283871194007e-08,0.29745428503376614,0.08923633996511694
0,4.4575403740298436e-10,0.19119825175919725,0.057359475839787
0,1.040632046109636e-08,0.16654564297290242,0.04996370017629505
0,9.612076242954145e-08,0.38527471771809196,0.11558248259996128
0,4.288839826498592e-09,0.12626528811242288,0.03787958943591474
0,6.061675264650933e-08,0.3593869366699072,0.107816123432699
0,5.8240706159800763e-08,0.22201058690550612,0.06660321684014615
0,3.805931608230102e-09,0.27625058364540744,0.08287517775777435
0,3.4084527122527296e-09,0.11440750005404088,0.03432225240212916
0,6.433779962745879e-09,0.5980707533486378,0.17942123050823733
0,3.858256365274402e-09,0.20707329787135453,0.06212199206218581
0,1.0967250575653334e-07,0.23499647654239952,0.07049901973347389
0,8.18055557989749e-08,0.17433898518954738,0.05230175282075327
0,1.0246730885507782e-07,0.3827865486173294,0.11483603631231502
0,1.2661496909080618e-09,0.07025428007882994,0.021076284909953766
0,2.1570052544550255e-09,0.07012129559369296,0.021036390188011563
0,9.255123134859264e-09,0.3099021253442208,0.09297064408185243
0,6.904620742981318e-08,0.11130140082475959,0.033390468579773076
0,1.447914351871955e-06,0.13509986794514528,0.04053097392358989
0,6.786423291204371e-06,0.017287195643017617,0.005190909189209128
0,4.007668656418292e-10,0.15153369430790808,0.04546010857290923
0,3.542951057850694e-08,0.48129534481122926,0.14438862824402618
0,3.030287302914011e-09,0.4975552639777777,0.1492665813145344
0,2.3918649580783815e-08,0.20967179075781872,0.06290155397040031
0,2.5876585251867225e-06,0.15702520531104935,0.047109372954282434
0,1.3611958854422035e-08,0.5384650466323407,0.1615395235180734
0,8.568059176225814e-08,0.11827753994295265,0.035483321959300027
0,4.44783816607523e-09,0.3390248407375672,0.10170745533475688
0,1.131848863384339e-08,0.46272193179886756,0.1388165874626023
0,6.902788826839735e-10,0.2362386166681507,0.07087158548364043
0,2.7932647857641247e-07,0.24281248588219195,0.07284394129319259
0,2.458787057460948e-08,0.0700697748342024,0.021020949661770122
0,1.019913858432745e-07,0.11621556802047528,0.034864741800112675
0,1.8503222137654836e-07,0.2617807378463749,0.07853435087646743
0,8.179410584672726e-09,0.3310396382970623,0.0993118972147061
0,5.1680595270683855e-08,0.30202796097116513,0.09060842446776624
0,2.1791684930137024e-09,0.29490062708147713,0.08847018964986109
0,4.9278215405101725e-08,0.2148609082195101,0.0644583069606038
0,1.9153906130353615e-07,0.3191651681834089,0.09574968453236557
0,3.5729335470298693e-09,0.04275275572342019,0.01282582921807954
0,8.032344975602054e-10,0.08198505631709063,0.024595517457391337
0,1.1143267242308679e-08,0.613726360597608,0.18411791597956947
0,3.0323753431822103e-06,0.2526007472912962,0.07578234685012909
0,1.5735620857692365e-07,0.24625760142854336,0.07387739057790901
0,7.051368128142637e-08,0.13080504624119893,0.039241563231936574
0,4.657484870653667e-07,0.12774976031870444,0.03832525411955228
0,1.9719369620624274e-09,0.09227743082598605,0.02768323062815169
0,5.41869564276429e-10,0.28445885476104427,0.08533765680762197
0,3.988110885927097e-08,0.09473704036097874,0.028421140025069822
0,7.932038566521331e-08,0.09052293783086962,0.02715693687353085
0,2.493557325404128e-09,0.5361803158061417,0.16085409648733265
0,8.841914087913434e-09,0.13224572248114808,0.039673722933684284
0,3.1664133444106104e-07,0.06863865153927451,0.020591817110716462
0,6.575545717903971e-10,0.1737019746009929,0.05211059284058607
0,2.625332465807847e-08,0.6317216067530447,0.18951650040324067
0,9.061831739238702e-09,0.29228355823761054,0.08768507381456538
0,5.961534381701605e-07,0.5080818563850347,0.15242497422291712
0,2.775752998650137e-07,0.5198940834280819,0.15596841933113445
0,3.7713269552809154e-06,0.14409077589370667,0.0432298726969807
0,9.873842865841879e-10,0.16194617936528843,0.04858385450075553
0,9.692741309026217e-10,0.05763602160315573,0.01729080715943861
0,3.133035596327447e-09,0.5825071283722211,0.17475214070479123
0,7.334265832218476e-08,0.2118979251725014,0.06356942889161124
0,7.23686856791838e-08,0.12018313059094887,0.036054989835364634
0,9.337591657225884e-10,0.2508815432791307,0.07526446363737062
0,2.8000314108262767e-09,0.22055530652136235,0.06616659391643069
0,1.3247869596922915e-09,0.15337849945963455,0.04601355076524123
0,5.256394528399629e-07,0.2713867066338209,0.08141637993776325
0,3.643523283320734e-09,0.33011252977830774,0.09903376148395862
0,6.443072785727067e-08,0.13566348025012964,0.04069908917654839
0,2.4348687210810565e-06,0.3438451183978828,0.1031552399274696
0,1.2806870428228625e-08,0.5121278003622342,0.15363834907347956
0,3.500384026817947e-08,0.2993521125564632,0.08980565826962715
0,1.235332745879785e-09,0.11061842373037878,0.03318552798384656
0,3.455393477299914e-08,0.25965702877492025,0.07789713282023042
0,1.5444026974510907e-09,0.351505499519694,0.10545165093699009
0,6.893083614133217e-09,0.10830507569424397,0.03249152753343172
0,1.541002522584688e-08,0.311451560729322,0.09343547900581425
0,9.892998087280029e-08,0.10689259420054864,0.0320678475111512
0,3.1813980508069775e-09,0.09733189656837071,0.029199571197489848
0,8.624213115513311e-09,0.10148464426800163,0.03044539931734967
0,7.147237487318703e-09,0.12160527756364381,0.03648158827215938
0,4.366529088177633e-08,0.4441984611931563,0.13325956892365048
0,3.0591991910646796e-08,0.424792024050495,0.12743762862954283
0,5.049507672010332e-07,0.3558189192779231,0.10674602924891395
0,2.849571743889887e-09,0.30440447566061546,0.09132134469288486
0,1.1502568809632183e-08,0.41598031869579355,0.12479410366053623
0,3.076083627702918e-09,0.23612478850778962,0.07083743870559543
0,2.664161512423547e-09,0.135002962640406,0.04050089065703486
0,7.210651151143237e-09,0.14594315667665836,0.043782952050453315
0,1.9405305187127746e-07,0.23208845164408998,0.0696266713303633
0,2.2937367408682224e-07,0.03565601289342368,0.010696964429598966
0,5.376381035988726e-09,0.09419749653089526,0.028259252722735304
0,1.7601501930673679e-09,0.4733462671030684,0.14200388136302564
0,2.054986219991957e-09,0.30928930594082893,0.09278679322073903
0,1.1960422526441366e-09,0.14255445613533546,0.04276633767783022
0,3.4223792762271445e-09,0.41691519035082436,0.1250745595009128
0,5.008297988319831e-07,0.13552943123504912,0.04065917995137392
0,1.5122407151592512e-06,0.2015448474534165,0.06046451280452556
0,1.8998723363792938e-06,0.195521290381666,0.05865771702513526
0,1.899623525482107e-09,0.22445972516930845,0.06733791888052901
0,6.0763956068134665e-09,0.2341074068336635,0.07023222630357596
0,3.580593831735788e-08,0.47666949748280796,0.14300087430899922
0,7.301483813894564e-10,0.36694766444384364,0.11008429984425695
0,2.3896249417384472e-08,0.19266232499171698,0.057798714224889684
0,2.1082408194290143e-09,0.40079617784342036,0.12023885482879468
0,2.064716613321752e-09,0.21648842904860488,0.0649465301598831
0,1.2770290522061338e-08,0.318493612763608,0.09554809276828576
0,1.4530347411781816e-09,0.20748279220318278,0.06224483867807915
0,1.0943695825579724e-08,0.08785662430140251,0.02635699495100783
0,3.115967588060737e-08,0.2665635164724154,0.07996907675349772
0,7.146505855496874e-09,0.625616834360174,0.18768505531060628
0,1.313261025209011e-07,0.11029568366786924,0.03308879702863254
0,3.65742934639857e-09,0.2146385060188073,0.06439155436584272
0,9.654823519673915e-09,0.16926989728408026,0.05078097594360054
0,1.1743233920125991e-07,0.29670999870379644,0.08901308181377637
0,6.13357805324964e-08,0.1669343285366245,0.050080341496033715
0,1.6045942562282088e-08,0.13995433557498105,0.04198631190465411
0,3.5201331295757585e-09,0.09354684733973861,0.028064056666014775
0,7.0680485115417575e-09,0.15864071319961381,0.0475922189075181
0,7.84796018200057e-09,0.1109433714817003,0.033283016938082215
0,1.9137424027025093e-08,0.4080601792870112,0.12241806718230018
0,3.6055437684636907e-09,0.22238301082989642,0.06671490577284955
0,3.79119742202489e-09,0.16916694050501746,0.05075008480534343
0,3.902329558730976e-08,0.32997784486115034,0.09899338077465202
0,8.82276035626051e-09,0.3170370851913682,0.09511113173334271
0,4.8453991196570435e-09,0.15605703889567768,0.04681711506048269
0,5.795796908894798e-10,0.05977313559199626,0.01793194108330466
0,2.3428953225049642e-08,0.1379440354461876,0.04138322703412354
0,3.808917048490937e-09,0.24952739079759279,0.07485821990551977
0,1.2231937604623263e-08,0.10303731582066067,0.030911203308554524
0,3.3505271313481954e-10,0.6437617132551575,0.19312851421108415
0,1.1851573413628205e-08,0.10516148958369487,0.03154845517120985
0,5.1720048742023e-09,0.1652108763061555,0.04956326651225006
0,2.998262466045273e-08,0.5886670680710562,0.17660014140915412
0,1.1611224269520477e-08,0.4093299440959751,0.12279899135664951
0,9.218263164396922e-10,0.1738850286371042,0.05216550923640968
0,8.644587347390534e-06,0.111452585060836,0.03344182672939397
0,7.619502750656315e-08,0.15734317565443945,0.04720300603285109
0,6.9415902795733475e-09,0.10210861636767776,0.030632589769416522
0,1.9231220614506307e-09,0.22193565609329902,0.06658069817417514
0,5.75015968761634e-08,0.3188954576370354,0.09566867754222844
0,3.0410340642750316e-09,0.35783528841679224,0.10735058865376151
0,1.1240657950238964e-07,0.3968189057618854,0.11904575041317127
0,7.012570182028968e-08,0.2797243713068369,0.08391736048004234
0,3.1975232595518526e-09,0.29282602613157116,0.08784781007773762
0,5.654856726835797e-08,0.3464253066800119,0.10392763158800067
0,5.374454748137012e-08,0.09796874999979432,0.029390662621121534
0,2.589398728582316e-07,0.4460229326032835,0.13380706103889606
0,4.566139601582886e-09,0.7243231955718863,0.2172969618678636
0,2.9993517364732353e-07,0.2377776893508532,0.07133351675987751
0,2.301652598831167e-08,0.10935608069104019,0.032806840318880245
0,7.033188701959559e-10,0.3437800640095986,0.10313401969520279
0,1.04470952970882e-09,0.5304026409650757,0.15912079302081938
0,2.405813122154768e-09,0.4431314738596879,0.13293944384197554
0,8.941176569153726e-09,0.2340472401659538,0.07021417830860974
0,1.522120639742344e-09,0.1738328860715912,0.052149866886961806
0,1.1143939194847585e-08,0.03989830109670378,0.01196949812976857
0,1.2182750277100789e-08,0.6380080336523621,0.19140241862363383
0,3.7331334816983144e-06,0.11580959097544519,0.03474549048607074
0,9.258525579721541e-10,0.568000421257311,0.1704001270252901
0,1.6998360478525262e-09,0.2408290150340041,0.07224870570008646
0,1.556249141022988e-08,0.21425341819647714,0.06427603635268712
0,1.74517636065164e-08,0.3783019541719558,0.11349059846782125
0,1.4778189918023732e-08,0.15906132527255146,0.04771840792649838
0,1.6259760173581301e-09,0.12326034832183397,0.0369781056347334
0,2.031990794340282e-09,0.2247070367315107,0.06741211244184676
0,4.329697756234476e-08,0.15572344201159327,0.046717062911362274
0,7.304795293596537e-09,0.48590980637503445,0.14577294702586704
0,3.6827339240785175e-10,0.08405289599311061,0.02521586905572456
0,2.3863073576856016e-09,0.22427095684768228,0.06728128872471983
0,5.224639965340037e-10,0.18249448096448495,0.05474834465507028
0,5.046168052091083e-08,0.14935502005404655,0.04480654133939033
1,0.9999998726715418,0.744928384004133,0.923478426071319
0,1.7218420798078779e-09,0.4087280955381003,0.12261842986671953
0,2.344000702846161e-07,0.05818708432505515,0.017456289377565746
0,2.684803364855027e-06,0.20175429671506184,0.06052816837687395
0,4.024629438698313e-09,0.1696941363371537,0.05090824371838671
0,2.438766514191338e-09,0.14820107365220414,0.044460323802797796
0,3.079215377397662e-10,0.37333841882645247,0.11200152586348082
0,1.5039663223007082e-08,0.06613483384562491,0.01984046068145173
0,3.1347803938755993e-09,0.30030140850001075,0.0900904247443495
0,6.369347101042743e-08,0.030347957377629076,0.00910443179871843
0,9.109886863193046e-09,0.260110109871734,0.07803303933844101
0,8.749946939845141e-09,0.31702638606166234,0.09510792194346156
0,9.60101631669622e-08,0.09208091872631652,0.027624342825009172
0,5.398182420529581e-09,0.13179913645981745,0.039539744716672924
0,2.6267102445745117e-07,0.39409618321375983,0.11822903883384506
0,1.0334367316055311e-09,0.5147701203629858,0.15443103683230144
0,1.127728368896149e-08,0.8358025184889066,0.25074076344077056
0,1.9142868756892706e-07,0.32397852109562275,0.09719369032876812
0,1.9126840616128417e-09,0.5536989226813149,0.16610967814327332
0,1.6897028652847836e-08,0.22001322929925726,0.06600398061769723
0,9.41425543273799e-09,0.23082839714709702,0.0692485257341079
0,3.080948478307179e-09,0.057592324612198986,0.01727769954032363
0,2.0341399555048754e-08,0.30273330613294047,0.09082000607886183
0,3.6089649787798495e-08,0.30197507902498844,0.09059254897025137
0,3.990681218859704e-09,0.27622901375537867,0.08286870692009045
0,3.4997930289058963e-07,0.30533935508313736,0.09160205151045324
0,8.881672304136022e-08,0.26930734752752516,0.08079226642996368
0,3.4269484165102745e-07,0.31646311121995196,0.09493917325237475
0,5.38400132162495e-08,0.43827952249672864,0.13148389443702782
0,3.391288282134081e-08,0.07328589927421358,0.02198579352128205
0,1.412364148719695e-06,0.14505106710161997,0.04351630878539009
0,1.0797657314426573e-09,0.25516364420402526,0.0765490940170436
0,2.282496916890066e-07,0.1393159089576157,0.04179493246206889
0,1.8440022132186726e-08,0.10311268271823304,0.030933817723485402
0,1.7029353699781533e-08,0.14544678520743926,0.04363404748277937
0,6.271431875339164e-09,0.34286271802963353,0.10285881979889236
0,1.4109513568791537e-08,0.3564632593558994,0.10693898768342933
0,1.9727506765100464e-07,0.08832410292230808,0.02649736896923978
0,1.8869271248665875e-09,0.13753123168096415,0.04125937082513823
0,2.214850528026917e-09,0.14958588967566022,0.044875768453093434
0,9.127453231352791e-08,0.3427465896128262,0.10282404077602049
0,2.139191552559619e-09,0.0748487359681026,0.022454622287864864
1,0.9999995256834235,0.1994760719292903,0.7598424895571835
0,9.120338305058589e-08,0.08826013831972435,0.02647810533828544
0,3.0245899162120933e-10,0.1334542197733669,0.04003626614373137
0,1.9266632764770078e-09,0.3507469581485473,0.10522408879322848
0,9.115634647117544e-07,0.08136682761768588,0.02441068637973106
0,8.704926902806048e-08,0.6954603769373177,0.2086381740156836
0,1.4155817757243305e-08,0.20925491611951275,0.06277648474492624
0,9.393106464488003e-08,0.2530778719529574,0.07592342733763247
0,2.4475921477648806e-07,0.08397418129876855,0.025192425721080908
0,2.4485711599119356e-09,0.05709831651344199,0.01712949666803241
0,8.884055591774132e-07,0.1337426612255117,0.04012342025154494
0,1.8780612278628315e-08,0.22997767065407448,0.06899331434265094
0,2.1761602583818533e-08,0.1254802577960873,0.03764409257194799
0,6.912234287455015e-10,0.4553114115226412,0.13659342394064874
0,4.6031345202549347e-07,0.11838657505631389,0.035516294736310586
0,1.4667396123970132e-07,0.2093061783613387,0.06279195618017447
0,1.6538272821590982e-08,0.32871437031415496,0.09861432267103745
0,7.186292648770143e-06,0.17921330735599172,0.05376902261165165
0,2.7022516607444404e-09,0.33233293904518413,0.09969988360513139
0,4.048685325074105e-08,0.167557647413623,0.05026732256488418
0,4.812050939236729e-08,0.2374205381294061,0.0712261951231784
0,3.853245128000294e-09,0.17937722076609053,0.053813168927098746
0,1.7357290540366837e-08,0.1953981192389268,0.05861944792178141
0,3.691776864113716e-08,0.08571204257564458,0.02571363861513142
0,1.0798569121330308e-08,0.11525819263442616,0.03457746534932623
0,2.2673034756352467e-09,0.3042888158840157,0.09128664635231713
0,2.4262667831509973e-08,0.23807428399243946,0.07142230218159931
0,1.6086892218527697e-08,0.06715336844031794,0.020146021792919935
0,2.285342139313371e-08,0.32863237070765194,0.09858972720969056
0,1.984331657936886e-09,0.12847075208197978,0.03854122701362609
0,3.307197877074483e-06,0.09808047072609971,0.029426456256343863
0,5.962228917169756e-09,0.3051682156659452,0.09155046887334381
0,9.646625626075538e-10,0.3981440817203712,0.11944322519137514
0,4.6898255992231856e-09,0.3877784536312845,0.11633353937226326
0,5.338876104121384e-09,0.1747604015991312,0.052428124216952636
0,1.369732126012367e-09,0.07621478592221886,0.022864436735478146
0,5.851188692475563e-10,0.1419158011474364,0.04257474075381413
0,2.9343386477025662e-09,0.3161080603559496,0.09483242016082194
0,1.3593134086288144e-08,0.33930960787235787,0.10179289187690121
0,9.827523525098156e-10,0.22403306433857584,0.06720991998949939
0,5.638545231613487e-09,0.13021063063005422,0.03906319313599793
0,1.057263127087195e-08,0.5381224583530951,0.16143674490677043
0,9.711869895240778e-10,0.27671026113110697,0.08301307901916298
0,1.0678330337311863e-08,0.16319230397663298,0.048957698667821126
0,1.2359339603319041e-08,0.23492129501392467,0.07047639715571512
0,2.405797670382221e-09,0.13073181235406683,0.03921954539027842
0,3.3202840862434096e-09,0.46534116232211387,0.13960235102083302
0,3.594668958329998e-08,0.08938853546093173,0.026816585800962228
0,1.5192834922978601e-07,0.04984625944353349,0.014953984182904508
0,1.339418438101455e-06,0.08163536306096242,0.024491546511195394
0,1.2063258747869913e-09,0.08204979354486897,0.024614938907888798
0,1.0385606885929095e-09,0.05161196795403278,0.015483591113202315
0,6.382978499505181e-09,0.10597056356410384,0.0317911735373161
0,2.525118452629397e-09,0.09291997691744358,0.027875994842815992
0,5.545216409241201e-09,0.07573972566301568,0.02272192158055619
0,1.8198492275954519e-09,0.6076042531831869,0.1822812772288505
0,4.2932330000913495e-09,0.2056921595585579,0.06170765087283047
0,2.749033996651259e-08,0.21543183130837962,0.06462956863575185
0,1.4223579950963602e-08,0.5779832259900921,0.17339497775353357
0,1.328940887469778e-07,0.6471345948941227,0.19414047149409894
0,1.788603604748007e-09,0.11212599821737257,0.03363780071723429
0,5.171708587969028e-06,0.134347411183819,0.040307843551157276
0,7.01319943656509e-08,0.12751324612363435,0.03825402292948636
0,4.69290929988103e-09,0.12832309787353635,0.03849693264709741
0,5.32538671168819e-10,0.2806056301372746,0.08418168941395944
0,3.968789615370185e-09,0.1130869254630581,0.033926080417070154
0,4.47147299350231e-06,0.21312239663350563,0.06393984902114713
0,6.0586823358691226e-09,0.12800540771280455,0.038401626554919
0,1.9641665128092307e-08,0.33246277260979973,0.0997388455321055
0,1.5618150976237155e-06,0.15836615121235675,0.047510938634275364
0,8.637452778291517e-08,0.28636519091293655,0.08590961773605041
0,1.7264767303796444e-09,0.08176607765785071,0.024529824505888923
0,1.2035866807776919e-08,0.14743199133834695,0.04422960582661085
0,2.2624145145164933e-09,0.44195726837175653,0.1325871820952171
0,9.635497049550403e-09,0.16563857071598265,0.04969157795964273
0,1.7312526320465852e-09,0.20085102818432388,0.060255309667174003
0,2.388594894747357e-08,0.5022021785067184,0.15066067027217978
0,4.3769310482009664e-07,0.2572692672873631,0.0771810865713823
0,3.874265163989408e-08,0.18603004934133105,0.055809041922255456
0,1.679529156035385e-08,0.1709381386366301,0.051281453347693115
0,6.498012734552766e-09,0.17863149290402947,0.05358945241981775
0,1.1436759357164892e-08,0.6447426110823444,0.19342279133043488
0,8.566723476495459e-09,0.580477773834407,0.17414333814702854
0,2.110534470816723e-09,0.10353760748253582,0.031061283722134875
0,1.7067893719936545e-09,0.15046266759040838,0.04513880147187507
0,7.8211542162973e-09,0.22390987252761152,0.06717296723309141
0,3.9338062822938663e-07,0.14370218667550483,0.04311093136909121
0,1.7704491085335044e-07,0.4185046868770117,0.12555152999454108
0,3.1133023183737356e-09,0.16881509721000532,0.05064453134231321
0,7.589827083150842e-09,0.28241161768482925,0.08472349061832773
0,1.591407772590139e-09,0.15278058681602524,0.04583417715879301
0,1.1894918437666753e-07,0.5072830815362395,0.1521850077253009
0,1.7550031414923055e-08,0.18123250841727756,0.05436976481020526
0,3.253449132197032e-08,0.11088609397209825,0.0332658509657734
0,1.0110296938415834e-08,0.11368118810716976,0.03410436350935878
0,5.882844372049941e-08,0.07028420738627417,0.021085303395792853
0,2.9440370010804135e-06,0.799908853126596,0.23997471676387955
0,1.6958097083426856e-09,0.4603209737910615,0.13809629332438525
0,3.7285657433065814e-09,0.048737557542767984,0.014621269872826415
0,3.877236592388187e-08,0.022377384814648127,0.006713242585050585
0,2.531464028251193e-07,0.22481183957242112,0.06744372907420831
0,2.3098115980003984e-07,0.1998269580317391,0.059948249096333596
0,5.0135596739262824e-09,0.1173953087725993,0.03521859614127156
0,5.164546128668683e-09,0.15539038716982967,0.04661711976613119
0,1.999225309149859e-09,0.10790179662231048,0.03237054038615086
0,3.423470795168056e-09,0.18605300311967088,0.055815903332330816
0,3.881186758848876e-09,0.6016232071579586,0.1804869648642183
0,1.1594865044944187e-09,0.13793899350143557,0.04138169886207122
0,2.6007301285586646e-09,0.11366143311888266,0.034098431756175884
0,1.574576183212328e-05,0.07654645921253489,0.022974959797042952
0,3.1827577877447944e-09,0.8218049705641761,0.2465414933971833
0,5.748468886593814e-09,0.15346519528566593,0.046039562609628
0,1.8436761874635254e-08,0.07187689976974687,0.021563082836657373
0,1.6175839378710704e-08,0.12324150185295979,0.0369724618789755
0,1.0520377977986137e-08,0.3579333291620649,0.10738000611288405
0,2.7067738861824176e-07,0.05851700247000502,0.017555290215173536
0,8.51019038274169e-09,0.23691638081226774,0.07107492020081359
0,3.353793491226558e-08,0.5495116485803211,0.16485351805065077
0,1.4942953439934448e-09,0.1287066078243091,0.038611983393299465
0,5.771655474309207e-09,0.6005820784065843,0.1801746275621341
0,1.6222126085863348e-08,0.11748930004546188,0.03524680136912682
0,1.70026567015408e-07,0.10507483756126967,0.03152257028697781
0,2.0809760862045225e-08,0.27241634078509547,0.08172491680236124
0,2.6247255053095366e-08,0.6359799607757202,0.19079400660579457
0,1.3325990212740019e-08,0.29679155190225714,0.08903747489887029
0,8.128659616370322e-10,0.2779072406443829,0.08337217276232103
0,4.455286734806624e-08,0.5253613205132708,0.15760842734098837
0,3.011571717729303e-08,0.12842517835705358,0.0385275745881181
0,1.7104282129532196e-09,0.09673928157367362,0.029021785669401834
0,2.247295563368265e-09,0.09897835041961678,0.02969350669899193
0,1.9699913788591188e-08,0.12208569681128467,0.036625722833325054
0,4.710617775325591e-08,0.27543687011167906,0.08263109400782814
0,3.0872429804330946e-06,0.2867319155148609,0.08602173572454457
0,5.8449243620435845e-09,0.14962266132204705,0.04488680248806117
0,2.922614238173859e-09,0.05106217010151459,0.015318653076284345
0,4.71835197464589e-09,0.12140350557689294,0.03642105497591427
0,1.5924595178854143e-09,0.1418241444625491,0.04254724445348639
0,1.6234679109758684e-09,0.21123724794732446,0.06337117552062486
0,1.5265894883362192e-08,0.10823280069599983,0.03246985089492637
0,8.403447407142853e-09,0.15766782268914914,0.04730035268915792
0,7.219853677366437e-10,0.1301936855298199,0.03905810616433573
0,5.178671904319853e-10,0.37597085652412765,0.11279125731974533
0,3.6298984990279718e-09,0.5208960053090573,0.15626880413364613
0,8.249742955620687e-09,0.253246027951029,0.07597381416012877
0,3.3290199771581015e-09,0.1889271078242447,0.056678134677587394
0,2.5856128678056304e-08,0.2255677373394499,0.06767033930112505
0,1.6848136490832738e-07,0.030323023625683065,0.009097025024660355
0,3.237626521609034e-08,0.23272720386253032,0.06981818382214475
0,8.790661926309097e-09,0.08140848370587239,0.02442255126522507
0,1.275834758648527e-09,0.1515723724942104,0.04547171264134745
0,2.368396298639733e-08,0.26960168261815654,0.08088052136422105
0,1.8759821039848254e-08,0.39087648470183045,0.11726295854242386
0,2.817475624985858e-07,0.4269117038524254,0.12807370837902135
0,1.2122951066319887e-09,0.22857177399396944,0.0685715330467974
0,2.0372318134317013e-07,0.1594040690707531,0.04782136332745287
0,5.849621655176422e-09,0.15853637241842344,0.047560915820262194
0,1.2300752099400976e-08,0.1650184870933712,0.04950555473853783
0,8.09836982620226e-07,0.5968870671018827,0.17906668701645265
0,7.157223104869921e-08,0.6443161558220041,0.19329489684716294
0,4.8883401057636874e-08,0.13054519499538708,0.03916359271699686
0,4.9139229529473384e-09,0.17006851860650019,0.05102055902169612
0,5.710887034512539e-06,0.08230614565993677,0.024695841318905187
0,2.323514759864717e-09,0.5116511814569041,0.15349535606353157
0,1.279975510188154e-08,0.3332236844644566,0.09996711429916555
0,1.0068315036439812e-09,0.11589876228115947,0.03476962938912989
0,4.998624964730132e-09,0.09528973996788603,0.028586925489403284
0,2.516047446516939e-09,0.17131814985367344,0.051395446717335244
0,5.653911579893889e-09,0.18070726006795312,0.05421218197812404
0,4.718518699996723e-08,0.04064314786530265,0.012192977389221695
0,3.3373293913915945e-10,0.053218708540661686,0.01596561279581156
0,2.0716304011021686e-10,0.509583074123958,0.15287492238220152
0,1.5113271502093968e-08,0.0659298352629748,0.019778961158182493
0,3.0968539075958294e-08,0.6655724245760568,0.1996717490507944
0,8.357514997395618e-08,0.18435357831679167,0.055306131997642484
0,1.4462493302653077e-07,0.06374244855456912,0.019122835803823852
0,4.989730403366744e-09,0.25800127040285925,0.07740038461366905
0,4.937806213527402e-09,0.39921190279373386,0.11976357429458451
0,2.0093080124480226e-08,0.09347031705696662,0.028041109182246074
0,1.1042981091917673e-09,0.4131780491147413,0.12395341550743107
0,6.024272379849883e-08,0.0661801539349881,0.01985408835040309
0,1.0038079669444052e-07,0.0983191511176208,0.029495815601843924
0,4.099718089099488e-09,0.14118124351784356,0.04235437592515572
0,5.693146144158995e-09,0.15694695011190196,0.04708408901877289
0,1.197414589104462e-07,0.12160126970606544,0.03648046473084087
0,1.9152767885798798e-08,0.4213943313420301,0.12641831280954655
0,3.084733654757661e-10,0.24400114853969146,0.0732003447778388
0,5.310069284160082e-09,0.19498556126073874,0.058495672095270124
0,3.993012282715496e-09,0.2349910387616303,0.07049731442359769
0,7.033441658148304e-09,0.5367075177252569,0.16101226024098622
0,2.256475381644573e-08,0.1831519534839725,0.05494560184051942
0,1.8354523179250644e-06,0.2874709230629928,0.08624256173552039
0,2.9635721943839958e-08,0.1455678972147877,0.043670389909441665
0,2.9436011431716046e-07,0.19868376044880187,0.05960533418672058
0,1.4550985135944931e-08,0.5909884810982883,0.17729655451517606
0,9.654949772569971e-09,0.62229722808992,0.18668917518544084
0,1.8713111539506386e-05,0.1481872279686558,0.04446926756867439
0,7.416360028138913e-08,0.39946577602989364,0.11983978472348829
0,2.6961684877972002e-08,0.2225750141580276,0.06677252312058769
0,1.2933622569542172e-05,0.08229887220206444,0.02469871519641801
0,7.918480768643384e-10,0.30295680326415286,0.0908870415335395
0,8.327528869625206e-09,0.4163830235500602,0.12491491289428826
0,2.3007814522923584e-07,0.47412417395821926,0.14223741324216743
0,4.545590621813564e-09,0.2454313477494494,0.07362940750674826
0,3.346314937122036e-08,0.20551500184237448,0.061654523976916904
1,0.9999998893178588,0.32139122390108943,0.7964172896928279
0,9.142138222772518e-09,0.3991679677286972,0.11975039671810592
0,1.003940632191295e-05,0.22101028039767345,0.06631011170372737
0,2.6741898817861908e-09,0.41421608892841477,0.12426482855045734
0,1.4801891059207692e-07,0.32873148355633053,0.09861954868013657
0,3.973173788902313e-07,0.17573952152717265,0.052722134580317014
0,1.1035138019926032e-08,0.20704322160006206,0.06211297420461523
0,9.598904978795586e-08,0.23998629818397998,0.07199595664752884
0,6.417264979688616e-09,0.2544655017178481,0.0763396550074399
0,5.589601013342232e-09,0.2789649025055162,0.08368947466437555
0,3.710421066721919e-08,0.09693127297354498,0.02907940786501096
0,3.274701089597596e-09,0.24503571163533955,0.07351071578289262
0,4.145693215030348e-09,0.25819566646614056,0.07745870284182742
0,5.797008049074677e-08,0.08720053257132077,0.026160200350452575
0,2.807402717560637e-09,0.34014003686014693,0.10204201302322598
0,2.7760381606975833e-08,0.15883053261020608,0.04764917921532894
0,1.5611896248460422e-09,0.2218769397183128,0.06656308300832657
0,1.854053074089349e-08,0.48249069313586224,0.14474722091913017
0,2.286465148381012e-08,0.10905774437812665,0.032717339318694035
0,2.317482134204807e-09,0.13656686959578535,0.0409700625009731
0,2.742229061782475e-09,0.18061535248573757,0.05418460766528161
0,3.1536082020083884e-08,0.20453657352742005,0.06136099413348343
0,5.768402753968885e-08,0.2807321613252233,0.08421968877638625
0,8.757652479556624e-10,0.13772995004021615,0.041318985625100516
0,2.1548202728082556e-08,0.07660129815858985,0.022980404531318863
0,7.03794118720807e-07,0.2818618005307644,0.08455903281511241
0,1.394507386932484e-07,0.21648079694236266,0.06494433669822589
0,9.558050955613079e-08,0.6025448793207706,0.18076353070258785
0,9.764414133680214e-08,0.17734575085911153,0.053203793608632394
0,1.133391683803766e-09,0.3010702334888333,0.09032107084002416
0,1.207457028155506e-09,0.21550816426252206,0.06465245012397654
0,1.0754913979175176e-09,0.2119021584564138,0.06357064828976812
0,2.3013275026025914e-09,0.28335002820908184,0.0850050100736538
0,1.1334113900267906e-09,0.23034212651422503,0.06910263874765547
0,1.2792106192613376e-07,0.26295359017831454,0.0788861665982377
0,3.7457185949759196e-08,0.0989104428979819,0.029673159089424733
0,5.605291570262342e-09,0.7000079453414769,0.2100023875261472
0,1.8009066715663825e-09,0.17471470370600883,0.052414412372437325
0,5.920581417826169e-06,0.1390349753684259,0.04171463701752025
0,7.716791425210697e-09,0.17109098687624225,0.05132730146462667
0,5.992509502143666e-08,0.18338934199613033,0.05501684454640562
0,1.4313026273110992e-09,0.15918495710022662,0.04775548813197982
0,4.550442636135746e-09,0.07009862433221303,0.021029590484973756
0,2.4623391961342234e-08,0.2746679273216739,0.08240039543287653
0,8.068909855432753e-09,0.18973597717252588,0.05692079879999466
0,3.221345088101719e-08,0.31237672264679084,0.09371303934345286
0,4.3607413154069277e-10,0.21890568884084605,0.06567170695750571
0,8.930228906004198e-07,0.12557527022359616,0.03767320618310226
0,2.6058559388499673e-07,0.22158295273097328,0.06647506822920769
0,4.52310285317851e-09,0.8550505640654857,0.2565151723858177
0,3.6574443384941666e-08,0.16133036063584616,0.048399133792864216
0,1.300250293003563e-09,0.1360775602855272,0.04082326899583336
0,1.986322008738808e-08,0.43018503982114165,0.12905552585059654
0,1.4407409841364994e-09,0.24093729506955708,0.07228118952938581
0,3.451866285466772e-09,0.22248074663864303,0.06674422640789932
0,1.388376919094156e-08,0.31840884574901085,0.09552266344334169
0,1.9413127142732533e-08,0.11748596808224454,0.03524580401386236
0,7.699322726478244e-09,0.6326525687602575,0.18979577601760317
0,6.028462779109613e-06,0.07676401902211538,0.02303342563057999
0,7.460122316061867e-10,0.2545852377124972,0.07637557183595772
0,4.6320866535370603e-07,0.08299994377431219,0.024900307378359403
0,3.668317285026805e-10,0.40915329854878124,0.12274598982141657
0,2.213343937290346e-09,0.11610658582008393,0.03483197729536593
0,8.815137245812813e-10,0.13063064417841008,0.03918919387058263
0,9.815839625737674e-10,0.12482026795927992,0.037446081074892744
0,7.755007594822064e-10,0.6568413834978389,0.1970524155922022
0,2.5451837479626856e-09,0.11528438429831533,0.03458531707112322
0,1.1826460570368558e-08,0.22752244568479307,0.06825674198396031
0,5.449001177475486e-09,0.518842831142321,0.15565285315699712
0,6.868800494878368e-10,0.08090245188400158,0.02427073604601651
0,1.1637410965858671e-09,0.08465443962937258,0.02539633270343054
0,1.462992796607233e-08,0.16340507679308502,0.04902153327887508
0,5.54694049589943e-09,0.3673546563642227,0.11020640079212515
0,2.308338427030288e-09,0.22638690386453986,0.06791607277519884
0,8.315011395996589e-08,0.3318912055422706,0.09956741986776094
0,8.613143777709098e-10,0.08923243759499866,0.02676973188141966
0,8.531998204081456e-09,0.05402662456617002,0.01620799334224975
0,4.499054647900521e-09,0.03871004098641917,0.011613015445264004
0,6.168411280945541e-10,0.8038693715020382,0.24116081188240024
0,8.00382907404616e-09,0.37209125464294135,0.11162738199556275
0,3.226219516024818e-07,0.23393515475135696,0.0701807722607732
1,0.9999998460798306,0.27558903946735525,0.782676604096088
0,1.1756765681833691e-09,0.3019875238881967,0.0905962579894326
0,2.373826492163177e-09,0.10669773860751763,0.03200932324393383
0,1.491992347635897e-06,0.20436673305841857,0.061311064312168914
0,3.7697261983355095e-09,0.1354056393612113,0.04062169444717173
0,1.0999291007372875e-09,0.5634216877853233,0.16902650710554737
0,7.367835369355682e-09,0.10496648985425061,0.03148995211375994
0,2.607545229402653e-09,0.08867351434995452,0.026602056130268018
0,4.703341392875464e-08,0.10203377659509749,0.030610165901918996
0,8.112302239667365e-07,0.10316067262913231,0.03094876964989647
0,1.5771280945476886e-08,0.07914459846690491,0.023743390579968136
0,1.0765595424866015e-07,0.06950195322469688,0.02085066132657704
0,2.888074440377543e-09,0.22686172560991258,0.06805851970462588
0,1.0028437732468327e-09,0.1163029978839899,0.034890900067187605
0,1.038588764729199e-08,0.2461559378282323,0.07384678861859104
0,1.2418039599220734e-09,0.3019988126611449,0.09059964466760624
0,9.825410547580981e-08,0.1556132401221314,0.04668404081451325
0,2.346864014183631e-09,0.3562777085560541,0.10688331420962104
0,9.209527304197757e-09,0.09352854097408703,0.02805856873889522
0,3.2606798282984974e-06,0.2797665607740655,0.08393225070809945
0,4.8164333392912585e-09,0.0888806832955138,0.026664208360157475
0,8.26616423924412e-07,0.15870873553430342,0.04761319929178777
0,7.080759410526359e-09,0.19788030936074863,0.05936409776475617
0,8.764610824782388e-08,0.13801086509448768,0.041403320880622076
0,3.2230046413305177e-10,0.22374508349412292,0.0671235252738472
0,3.18961443284329e-09,0.20854284679020696,0.06256285626979219
0,4.316232631322286e-10,0.28216216158977747,0.08464864877906952
0,6.995513934752893e-08,0.14156387966692507,0.04246921286867507
0,1.7545377401941323e-09,0.45122957517212725,0.1353688737798146
0,3.221389503915255e-08,0.32029903285344885,0.09608973240576119
0,4.539844777026084e-08,0.06627339229966422,0.019882049468812706
0,3.7999992344145235e-06,0.4653684813783274,0.1396132044129623
0,8.718651504224908e-09,0.07379378042461304,0.022138140230439966
0,6.188987447319869e-10,0.014516133764048034,0.0043548405624435306
0,3.1538147808650964e-08,0.45948503459538836,0.13784553245531997
0,1.907344494292776e-08,0.0935549414077077,0.02806649577372377
0,1.0686725348347661e-08,0.09482518801118656,0.02844756388406371
0,3.002600473194488e-08,0.2597679821351939,0.07793041565876149
0,2.3995513693753186e-08,0.25954809515894084,0.07786444534454183
0,1.302169341625767e-07,0.03789344465086897,0.011368124547114604
0,1.2233238060163907e-07,0.1111115559625121,0.033333552421420054
0,2.2695843427153875e-05,0.08812298447642553,0.026452782433326664
0,2.60312789898776e-09,0.08656995700235837,0.025970988922897037
0,1.977861705463981e-05,0.20882247926108355,0.0626605888102633
0,6.814597949897821e-06,0.22212392063998565,0.06664194641056062
0,1.5253964510145763e-09,0.04303023447434162,0.012909071410080002
0,2.1502276275691055e-09,0.4701072510674259,0.1410321768253871
0,8.932932143213296e-09,0.14009506331267618,0.04202852524685535
0,5.768129414566742e-09,0.25308485928274327,0.07592546182251356
0,1.307935746568829e-07,0.1194095461292165,0.03582295539426721
0,5.55942838189493e-08,0.06798032011585031,0.020394134950753765
0,5.168452427621722e-07,0.17130628497510392,0.05139224728420111
0,2.0527307152625634e-09,0.18984055141810763,0.056952166862343785
0,5.519982844461354e-08,0.5276250926525436,0.15828756643564298
0,7.777577063840744e-09,0.13918774637605436,0.04175632935712025
0,1.0141318653208584e-09,0.23463946150021808,0.07039183915995774
0,6.572506443310526e-09,0.24061253459607457,0.07218376497957688
0,8.021915557915587e-08,0.1835754890768072,0.05507270287645107
0,1.3040518309281638e-09,0.20544402864812816,0.061633209507274724
0,7.928541003724602e-10,0.10131381357124603,0.030394144626371678
0,9.74991530191924e-06,0.11739723266917113,0.03522599474146268
0,2.7768346563936676e-06,0.14692814761965933,0.044080388070157274
0,1.5904686004551546e-09,0.28801323987253435,0.08640397307508833
0,5.138167385436022e-07,0.954870850382602,0.28646161478649756
0,1.8711460741074618e-06,0.20689059862070802,0.06206848938846428
0,3.983497937382112e-08,0.3225829554435201,0.0967749145175416
0,1.3925410518342856e-09,0.1937092539144143,0.05811277714910302
0,7.665683739673937e-08,0.17732964607793555,0.05319894748316684
0,2.2197843302007576e-09,0.0636908216631017,0.019107248052779538
0,3.483286976201316e-08,0.2499707437671992,0.07499124751316859
0,5.9310380196853484e-09,0.17819108511109805,0.05345732968505603
0,3.1978536232423123e-07,0.4829283144700005,0.14487871819075376
0,3.9858187490590196e-08,0.188343340629489,0.05650303008957794
0,3.382435678835431e-07,0.062353303954123196,0.018706227956734475
0,1.3405862919532248e-08,0.045489168972829286,0.01364676007595283
0,2.2395350401779767e-09,0.161953037504875,0.048585912819137024
0,9.616852216730009e-08,0.38064436425976034,0.11419337659589361
0,5.8567959544569445e-09,0.24239320910547402,0.07271796683139937
0,3.448487770094217e-10,0.30228413230842033,0.09068523993392023
0,6.851471905159589e-08,0.3264793987388761,0.09794386758196617
0,2.809672022559948e-08,0.12747833918502127,0.03824352142321054
0,1.7886112984152511e-06,0.24714961802356006,0.0741461374349769
0,2.6968531288525277e-08,0.2521874982945125,0.07565626836632565
0,1.2799950115371462e-08,0.143234126881991,0.04297024702456238
0,7.172914151980588e-07,0.10601893962339382,0.031806183991008784
0,2.6014806475491444e-08,0.5243509802206792,0.15730531227656827
0,1.245159776262056e-09,0.20817896773347422,0.06245369119165411
0,3.858445603498908e-08,0.28848533208941163,0.0865456266359427
0,1.8399451790789198e-08,0.488999743950015,0.14669993606462076
0,7.028424186318058e-10,0.7361890081597756,0.22085670293992238
0,2.8406973207029947e-09,0.4707044133140543,0.14121132598270442
0,3.8943807972150795e-07,0.27375126990812526,0.08212565357909338
0,8.504651169276577e-09,0.058059244946285005,0.01741777943714132
0,1.924571960802617e-07,0.23959051295264078,0.07187728860582948
0,3.5353328895480675e-08,0.13190898021654707,0.03957271881229434
0,1.5277415347186852e-08,0.11599037004977031,0.03479712170912183
0,5.434270168293028e-10,0.30841510951737816,0.09252453323561236
0,3.202467155619314e-09,0.12339067537394399,0.03701720485391021
0,2.3910826573863423e-06,0.08701350382062123,0.02610572490404654
0,5.150924901085437e-06,0.26298534335309465,0.07889920865335916
0,1.0766931211136749e-08,0.16147961196950922,0.048443891127704614
0,1.0423064999762496e-08,0.38275475846647955,0.11482643483608936
0,1.2061640879596965e-08,0.21768294104995944,0.06530489075813645
0,1.2779487113466171e-09,0.09160800944776049,0.02748240372889224
0,1.177982975581708e-08,0.28296288424086535,0.08488887351814042
0,5.1203589934507255e-09,0.1837981044975917,0.05513943493352881
0,1.8239931864332895e-08,0.14277115500403914,0.042831359269164045
0,1.5393505065490006e-08,0.10083472851719089,0.030250429330610812
0,5.110202823919193e-08,0.2715383236479546,0.08146153286580615
0,7.896830492053253e-09,0.4398542436238514,0.13195627861493675
0,1.3341823218827367e-06,0.4056298868472622,0.12168989998180398
0,1.768730062120223e-08,0.3121583646640661,0.09364752178033026
0,2.017623882198944e-09,0.42673381580133607,0.12802014615273755
0,1.5183885105873005e-09,0.46067196591156,0.13820159083633995
0,2.3772828692510707e-08,0.098835099822845,0.02965054658783358
0,1.5550697515305924e-08,0.21380979312139692,0.06414294882190734
0,8.467631380772582e-07,0.14722185037798752,0.04416714784759291
0,9.500906592770783e-10,0.3204400036870181,0.09613200177116889
0,6.356492199312601e-09,0.06504065372343248,0.019512200566574284
0,7.051226293490752e-09,0.2461793260444538,0.07385380274919454
0,1.3711937320879116e-05,0.11424253535405804,0.034282358962342024
0,2.1986838990246122e-07,0.1303966126771252,0.03911913771101049
0,7.228681903611624e-09,0.10287424690268188,0.030862279130881895
0,2.548021058279496e-09,0.05019690101982144,0.01505907208956117
0,1.300166528035357e-06,0.13523232048832579,0.040570606263067355
0,4.424759858772982e-09,0.09966142386878085,0.029898430257966156
0,5.867849435579856e-09,0.42411452276484796,0.12723436093694898
0,2.729429364630131e-09,0.38082055852343455,0.11424616946763091
0,1.2858141313682967e-09,0.06275711154752017,0.018827134364325943
0,1.4266523467899159e-08,0.15497925164439874,0.04649378547988605
0,5.765327819140689e-09,0.21146085400658698,0.06343826023770556
0,3.1299574151568897e-09,0.1426188800688999,0.04278566621164016
0,3.811470003184503e-10,0.24261075614140692,0.07278322710922497
0,5.945212290248441e-10,0.05739655097391405,0.017218965708339074
0,2.3039648286045763e-08,0.08649577171946299,0.025948747643592694
0,4.670693637944504e-07,0.38722721704664753,0.11616849206254891
0,5.021485538797831e-08,0.561178585454994,0.16835361078689695
0,1.9146358778484827e-08,0.23401825020072942,0.07020548846266997
0,1.7611954447122443e-09,0.2707615490172943,0.0812284659380251
0,2.1818491114342913e-09,0.08910760757761649,0.026732283800579324
0,8.452846642732331e-09,0.13180387764288393,0.03954116920985783
0,3.3531775729704924e-08,0.3625529459255753,0.1087659072499156
0,1.5575015205784168e-07,0.20724363073555707,0.06217319824577356
0,7.643451018467796e-09,0.041324594480095955,0.0123973836944445
0,2.7066740114282196e-09,0.36222507044336283,0.10866752302768065
0,4.2958083147645005e-06,0.1150429463650301,0.03451589097532936
0,6.8155376815349835e-06,0.17507787015617282,0.05252813192322892
0,2.1486884670049306e-08,0.1391382733785197,0.04174149705437518
0,1.1262800195351008e-09,0.22606916783372477,0.06782075113851345
0,3.334390133398037e-09,0.2783562085583041,0.08350686490156432
0,1.0043615037382277e-08,0.5521661260869783,0.165649844856624
0,1.135796404356197e-09,0.42700140422266475,0.1281004220618569
0,3.3070764199156523e-09,0.3943831544939749,0.11831494866314594
0,4.7566977332985633e-07,0.14826246033897517,0.04447907107053388
0,1.361631376574487e-07,0.510266633892813,0.15308008548204027
0,5.697006499459039e-10,0.10098725197589731,0.030296175991559645
0,1.6417482143071804e-06,0.38719011540241943,0.11615818384447583
0,8.04428649390114e-08,0.913594262319414,0.2740783350058296
0,7.818025758249934e-09,0.37775625475167485,0.11332688189812047
0,3.7138915256736463e-09,0.603129056746044,0.18093871962353728
0,1.2473361603640972e-09,0.07243693950465668,0.021731082724532315
0,4.6941615810896755e-06,0.543899692017213,0.16317319351827067
0,1.5200735170836888e-09,0.08625060271093121,0.025875181877330823
0,2.2253909522762587e-07,0.10244202092387189,0.030732762054528226
0,5.177419794797048e-10,0.3715880653072068,0.11147641995458142
0,5.136738949448987e-09,0.22232841185530094,0.06669852715230755
0,2.7438945537539954e-09,0.3894932384888825,0.11684797346739094
0,1.0636636741681902e-09,0.07237186299758791,0.021711559643840944
0,2.133587321192035e-09,0.16682345798671894,0.05004703888952681
0,2.073560957468779e-07,0.20472186874648057,0.06141670577321119
0,1.8974746062478587e-08,0.13581099370072036,0.040743311392538346
0,2.756886866504121e-09,0.5839954424197356,0.17519863465574145
0,4.629104211322546e-08,0.24634479461465064,0.07390347078812466
0,3.7783087421541455e-09,0.3757858763343298,0.11273576554511505
0,1.9133449918651265e-09,0.03818445333587073,0.011455337340102711
0,1.921431683399071e-08,0.22616918876506753,0.06785077007954203
0,3.055233483275058e-08,0.3031468478677989,0.09094407574697404
0,1.6297992662588773e-09,0.11217789794332045,0.033653370523855614
0,1.018662548477503e-08,0.39122497339131646,0.11736749914803278
0,3.151572768230632e-08,0.2949628689671008,0.08848888275113961
0,7.877170588160299e-07,0.08547818490106762,0.025644006872261458
1,0.9999995459378556,0.2923776635165314,0.7877129812114583
0,1.552938940422758e-09,0.16025116920609817,0.048075351848886706
0,3.572761279453786e-10,0.5251562391726186,0.15754687200187883
0,6.062755960722283e-07,0.20823485634964922,0.06247088129781202
0,3.581301420967065e-08,0.1025656193200245,0.030769710865117296
0,9.809576262383638e-08,0.1268215553216283,0.03804653526352233
0,1.2349399343578478e-09,0.18585209737483577,0.05575563007690869
0,9.7598937988141e-08,0.14855415329006516,0.04456631430627614
0,1.8762673575078053e-09,0.3664887818391104,0.10994663586512025
0,1.0403118200935784e-06,0.13477889832400958,0.04043439771547694
0,3.5168819365674696e-09,0.38605902932672287,0.11581771125983421
0,5.157131315034387e-06,0.22854382869432588,0.06856675860021828
0,1.960157946428111e-09,0.31931641321640847,0.0957949253370331
0,4.318640643586648e-09,0.18792372530698187,0.05637712061514301
0,1.5509659019291137e-08,0.5787610386724118,0.17362832245848486
0,1.7504945796559673e-08,0.3553771432856817,0.10661315523916658
0,8.282925604287899e-09,0.7982826702142022,0.23948480686230858
0,7.553387541045724e-09,0.470324064785166,0.14109722472292108
0,3.042348041482526e-09,0.3882597885217276,0.11647793868616191
0,3.5062764437474126e-08,0.28110058025217055,0.08433019861958627
0,2.388284015796377e-06,0.37545200413042157,0.11263727303793752
0,4.499674689461201e-08,0.2994063355205663,0.08982193215389271
0,2.0968010642740524e-09,0.017015624855866607,0.005104688924520727
0,4.582806030560288e-09,0.11131697808844188,0.03339509663449678
0,6.509206582459706e-09,0.3570105006526312,0.10710315475223396
0,4.3281078423290294e-07,0.5064046478768748,0.1519216973306114
0,1.4361754734671079e-09,0.24476518915192136,0.07342955775089922
0,1.5548545147221236e-09,0.1604900715981631,0.048147022567847086
0,2.598832676643195e-09,0.16856242740269178,0.050568730039990406
0,5.125539140989978e-09,0.10388408074121902,0.031165227810243102
0,6.593086008128593e-09,0.4437891748553442,0.13313675707176345
0,2.7823756707581625e-08,0.24504968640152236,0.0735149253970864
0,4.4159056170143664e-08,0.2862070950115032,0.08586215941479028
0,6.068479548367137e-09,0.09459229529992952,0.02837769283791454
0,9.503086491980555e-09,0.1354000577522988,0.04062002397785018
0,1.4003628511659621e-09,0.5118153309782261,0.1535446002737218
0,1.6626416728507207e-07,0.20013172362809062,0.06003963347334428
0,5.8122519385833314e-08,0.11687995562852527,0.03506402737432115
0,1.302828270637566e-09,0.14882594363837398,0.04464778400349198
0,2.7598501016304902e-08,0.4445879467224827,0.13337640333569553
0,2.003060848117301e-08,0.08081162376238304,0.02424350115014085
0,3.9702348736482245e-06,0.3525565642208188,0.10576974843065719
0,1.3969531182589352e-07,0.14563175680558815,0.043689624828394724
0,1.0470615840044624e-08,0.25562770074445007,0.0766883175527661
0,3.511848368569208e-07,0.08074136664683529,0.024222655823436384
0,9.594286411442411e-07,0.2356427721629465,0.07069350324893274
0,2.134840452454433e-09,0.3632932031095564,0.10898796242725522
0,3.3540845726896173e-07,0.3008540015599499,0.09025643525390506
0,1.919978419385087e-08,0.8302802914009927,0.24908410086014673
0,2.0858380074048803e-07,0.7333741096715116,0.220012378910114
0,2.0564964542607888e-08,0.19599254319357817,0.05879777735354863
0,8.65100007119637e-09,0.3397773980756915,0.10193322547840751
0,1.4846711323344468e-07,0.3731593785221986,0.11194791748363883
0,6.872725917222441e-10,0.10400513346553208,0.031201540520750436
0,1.2347538420648941e-09,0.11733840481056357,0.03520152230749676
0,1.8543864985452544e-09,0.17974107904038072,0.05392232501018476
0,4.430873159033785e-09,0.02755242927327084,0.008265731883592463
0,1.8080884923916144e-08,0.21906282769306684,0.0657188609645395
0,7.290551485814598e-10,0.5578984525232442,0.16736953626731185
0,1.2706343097783765e-07,0.2589889794701481,0.07769678278544612
0,1.1419655230913198e-09,0.3122305944863186,0.09366917914527145
0,2.107601138440205e-06,0.1998288619871147,0.05995013391693132
0,6.922041976804307e-09,0.13273206881239474,0.0398196254891478
0,1.4835006419134148e-09,0.07503297330843528,0.022509893030981033
0,1.3489619368132782e-07,0.09280750039727836,0.027842344546519085
0,2.1132384379648642e-07,0.08768475420561261,0.02630557418837444
0,1.1248746388138727e-08,0.0,7.874122471697108e-09
0,3.7782037611220865e-09,0.6423257793305628,0.19269773644391144
0,6.856320080929936e-07,0.09083523893009948,0.02725105162143551
0,1.1751870803385932e-08,0.5853625545180576,0.17560877458172683
0,5.775137565986187e-06,0.08666883771766787,0.026004693911596547
0,1.0547827592493452e-09,0.15822774392612304,0.04746832391618484
0,1.9582153381308334e-08,0.19206103293799892,0.05761832358890704
0,1.932748086502749e-09,0.37801739897506514,0.1134052210454432
0,1.47151242986367e-07,0.2980315625391312,0.08940957176760946
0,4.123175619821817e-06,0.10150987675135892,0.030455849248341552
0,5.615212129730284e-09,0.24809789515729364,0.07442937247783657
0,3.31199205796256e-08,0.5256322036037493,0.15768968426506919
0,2.8913458565168165e-10,0.1998883745987714,0.05996651258202563
0,7.20810845499915e-09,0.36979667225615553,0.11093900672252258
0,4.242332816149196e-08,0.2488483106070244,0.07465452287843703
0,1.2000643975344137e-07,0.15895287049568796,0.04768594515321421
0,6.8787038302506516e-09,0.08592939888916573,0.0257788244818424
0,1.1527974947662048e-06,0.4514470402372285,0.13543491902941487
0,8.147676326355629e-07,0.1981064658227002,0.0594325100841529
0,8.733701435963794e-09,0.29736924104069806,0.08921077842580043
0,2.6993702193624394e-08,0.14586206179612793,0.04375863743442991
0,3.1580911894682928e-09,0.07114554337477808,0.021343665223097254
0,1.500180469452582e-08,0.5393961454904281,0.1618188541483917
0,2.09164493823449e-09,0.08268110444286336,0.024804332797010463
0,1.2265981410269514e-09,0.20492424268144993,0.06147727366305367
0,2.045902115406423e-09,0.16677747940096255,0.05003324525242025
0,3.3320098988932753e-09,0.11231225240875697,0.03369367805503402
0,1.481204028720943e-08,0.2384571291073353,0.07153714910062879
0,3.1942690922282446e-07,0.0925265564866844,0.027758190544841774
0,1.9520385192077259e-07,0.08887518445520748,0.02666269197925859
0,4.133994181135149e-10,0.19899852537359752,0.059699557901458845
0,7.02145839952515e-09,0.20271389801059936,0.06081417431820068
0,8.180095975055093e-09,0.6721563895361455,0.20164692258691083
0,2.995064457553425e-09,0.1300220282456922,0.03900661057025278
0,6.729962796374851e-08,0.31944891132113384,0.09583472050607973
0,1.012383594668565e-05,0.11389778625162672,0.0341764225606507
0,1.0764900041505788e-08,0.07303926009607709,0.021911785564253154
0,6.480071446650398e-07,0.39894319233129405,0.11968341130438948
0,1.857624870550153e-08,0.09342238760420074,0.028026729284634313
0,3.0668889760768936e-09,0.27199608963901045,0.08159882903852542
0,6.025669828832153e-07,0.055804465573558226,0.016741761468955486
0,8.483890313009183e-09,0.2660721015591698,0.07982163640647416
0,4.105697378099115e-09,0.16413801195715771,0.04924140646113548
0,4.329760245495707e-09,0.24216721083522552,0.07265016628139982
0,2.3791172332766095e-08,0.43771214330041797,0.131313659643946
0,1.6353884637468856e-09,0.46739781815045,0.14021934658990692
0,8.006532543848737e-09,0.34956657109418743,0.104869976932829
0,5.5392960840567936e-09,0.3230248773555716,0.09690746708417874
0,3.4931391862315787e-09,0.19159751465764352,0.057479256842490487
0,2.850015768730096e-09,0.21819739679068417,0.06545922103221628
0,4.420505762042791e-09,0.15104680581458618,0.04531404483872989
0,2.576428360672121e-07,0.725415901458192,0.21762495078744284
0,3.300224646479025e-09,0.4062088195093655,0.1218626481629669
0,8.349398340016737e-09,0.5230671998616532,0.1569201658030748
0,4.1537381630581515e-09,0.12520128668387476,0.037560388912779144
0,1.0773881107366351e-09,0.24958785456114063,0.07487635712251386
0,2.303702660076626e-07,0.14102935981403297,0.04230896920339609
0,1.790217232802786e-08,0.6944894125169236,0.20834683628659773
0,5.384595329018615e-09,0.07795664247005973,0.02338699651023465
0,9.129353766199315e-09,0.08432936705777005,0.02529881650787865
0,1.9082438406887424e-06,0.029273899811297133,0.00878350571407762
0,1.6645626882191321e-09,0.29992100203926564,0.08997630177697358
0,1.8185332306411658e-08,0.17506746994690237,0.052520253713803325
0,3.0785719496259936e-07,0.13356175514994129,0.04006874204501886
0,2.3531289846344975e-09,0.05177037879567614,0.01553111528589313
0,1.2370746259574753e-08,0.14115093890861696,0.042345290332107474
0,2.2370679500258416e-08,0.3020781988501504,0.09062347531452077
0,2.7869911270855714e-09,0.1560324678109759,0.04680974229418656
0,4.7754010575749366e-08,0.13251119516163123,0.03975339197629677
0,1.2124710021589374e-08,0.1132007302878737,0.03396022757365912
0,1.1128551913943704e-09,0.24853124013545558,0.0745593728196353
0,8.021406271575868e-08,0.4246645282892543,0.1273994146366202
0,4.2235260404325e-07,0.30385609562610116,0.09115712433465317
1,0.9999999181413666,0.3971224013871607,0.8191366631151048
0,1.6163715524709154e-09,0.2692986819268951,0.08078960570952862
0,6.115851828548026e-08,0.09478336467650472,0.028435052213914215
0,3.59106827782169e-08,0.08631710671170412,0.02589515715098918
0,2.94764988982169e-09,0.4525935771467319,0.13577807520737448
0,2.9950863166140746e-06,0.13739706228494597,0.04122121524590542
0,1.911151649525289e-09,0.23591092139392955,0.07077327775598502
0,1.2947342632277875e-09,0.258948502588324,0.07768455168281119
0,8.545904204111597e-07,0.27536410669683,0.08260983022234328
0,8.867520573943028e-07,0.2718234999009983,0.08154767069673967
0,5.278252670286009e-08,0.3002300797104017,0.0900690608608892
0,5.1725756908625455e-08,0.31707106989842615,0.09512135717755768
0,3.769888034467217e-09,0.26637925699713405,0.07991377973806184
0,1.1410937368410161e-08,0.1765548359401543,0.05296645876970245
0,6.718565310277858e-08,0.721411727240824,0.21642356520220438
0,3.1361657163384494e-10,0.08501684192440973,0.025505052796854517
0,1.4609639576700737e-09,0.17508069175069907,0.05252420854788449
0,3.5483147949689944e-08,0.5798855491194662,0.17396568957404343
0,9.080097897233569e-08,0.12219261672565995,0.036657848578383265
0,3.6928951806512835e-09,0.548993769148044,0.16469813332943983
0,8.737024777495896e-10,0.28989661596356475,0.08696898540066116
0,1.7825579453865452e-09,0.49378371131392984,0.14813511464196952
0,2.1757717577293066e-07,0.3710839409423795,0.1113253345867369
0,4.0022952283448957e-10,0.26267016662338905,0.07880105026717739
0,4.614650614007538e-08,0.2459827430210979,0.07379485520888367
0,1.4801604364226151e-08,0.3145636452073327,0.09436910392332287
0,4.820799247683219e-08,0.3121449576425851,0.09364352103837026
0,4.364640029303587e-08,0.3352610331785234,0.10057834050603721
0,3.3424326349497974e-09,0.2754787038727675,0.0826436135015331
0,2.119796039946585e-09,0.1802880953981556,0.054086430103303905
0,2.0313506544708036e-08,0.3243643469366285,0.09730931830044313
0,1.6870282374901073e-08,0.18852666838873244,0.05655801232581739
0,7.71368091158272e-09,0.058252558544151456,0.017475772962822073
0,1.9536657954764576e-09,0.08992831510015287,0.026978495897611917
0,3.063333078000532e-08,0.1281569073593598,0.03844709365113949
0,3.988086334037326e-08,0.08122541436874764,0.02436765222722863
0,1.136405637454163e-09,0.047735512146887205,0.014320654439550107
0,4.864557878078672e-08,0.1496626769905658,0.04489883714907489
0,1.5327423808061103e-09,0.13267379216051034,0.03980213872107277
0,9.099613185488808e-10,0.20378483954333737,0.06113545249997413
0,1.661370434569299e-08,0.0810392184808657,0.02431177717385275
0,4.358060164252068e-09,0.16006620965431584,0.048019865946936864
0,7.502029852522076e-09,0.2054399088690282,0.06163197791212935
0,1.2531954284671579e-08,0.2972488685139417,0.0891746693265505
0,6.5712458546309545e-09,0.6515260501768828,0.19545781965293693
0,5.780618189714796e-10,0.08677334098730283,0.026032002700834122
0,4.500564752305341e-09,0.39993986316552665,0.11998196210005332
0,6.98609466756436e-08,0.19240704963337518,0.05772216379267523
0,4.5274657667083545e-09,0.1705479730627989,0.0511643950880657
0,1.0196453802438135e-08,0.33157843602387416,0.0994735379446799
0,8.273410649118427e-07,0.27632426175700675,0.08289785766584745
0,8.739456692085853e-09,0.19986734724602706,0.0599602102914278
0,7.135760469376141e-10,0.28253563559743844,0.08476069117873476
0,1.4730092544223363e-09,0.1268878750612502,0.03806636354948154
0,1.468970887818567e-09,0.10303224610715789,0.030909674860426985
0,8.714248812949833e-09,0.18761954981898954,0.05628587104567103
0,8.702445345440541e-08,0.3626276008342382,0.10878834116738886
0,1.0610642804960253e-08,0.25628691933233894,0.07688608322715164
0,2.460834572856271e-09,0.15574728462681786,0.046724187110629554
0,8.76611712377602e-08,0.12245344080711273,0.03673609360495369
0,5.302123590844159e-10,0.27211219231062467,0.08163365806433605
0,1.7648906223572157e-08,0.10774880637537387,0.03232465426684652
0,1.2468046270626646e-07,0.11041016069796394,0.03312313548571308
0,1.4060976541084945e-06,0.12104857650806133,0.03631555722077627
0,8.066649026692972e-09,0.27949427630266843,0.08384828853745485
0,3.6034416163999513e-07,0.13886908490257965,0.041660977711687044
0,1.0286885022752565e-09,0.6402309277630904,0.19206927904900906
0,4.412448307320958e-09,0.11438687740176345,0.034316066309242846
0,1.5349957517981836e-07,0.11523998674821234,0.03457210347416633
0,6.584852922423445e-09,0.09318761689661803,0.027956289678382453
0,1.1090199595226835e-08,0.3665524499224053,0.1099657427398613
0,9.365126874206813e-09,0.08240358559754557,0.024721082234852483
0,1.3645586747376557e-08,0.2352467208991621,0.07057402582165935
0,6.153688372586009e-10,0.164125268326068,0.049237580928578585
0,4.513375160773853e-09,0.06834853980729028,0.020504565101549695
0,3.120481473928347e-08,0.14526235402947152,0.043578728052211774
0,3.6845862969351056e-09,0.08902921660452556,0.026708767560568076
0,9.18116676868662e-07,0.32807109422961267,0.0984219709505576
0,1.9916290526868133e-06,0.2310521078999931,0.0693170265103348
0,6.435492676796499e-07,0.2740539396832852,0.08221663238947292
0,1.0190714650136255e-07,0.20363872018587303,0.06109168739076446
0,3.802953471601809e-09,0.09588818329752702,0.028766457651325534
0,3.88948696001178e-08,0.3357396475672162,0.10072192149657358
0,9.503628863384098e-10,0.16357608879932783,0.049072827305052365
0,1.219401610467897e-08,0.2292178084251968,0.06876535106337031
0,1.520746228717787e-08,0.11711122972673638,0.03513337956324451
0,1.317210315025828e-06,0.739865865248035,0.22196068162163102
0,3.7797492135791785e-08,0.17398968226774847,0.05219693113856904
0,6.89718101991566e-08,0.2397395052693978,0.07192189986108648
0,3.4599218717035355e-09,0.34272135467332165,0.1028164088239418
0,9.140844443320627e-08,0.16106533007854829,0.048319663009475586
0,1.0969747311434415e-09,0.22098919263535644,0.06629675855848924
1,0.9999985593030819,0.17557389306600757,0.7526711594319595
0,2.3491157858728724e-09,0.18882826655161655,0.05664848160986601
0,1.9179620434411442e-07,0.2373558133873862,0.0712068782735589
0,1.3897350938715323e-08,0.12144866099363227,0.03643460802623534
0,6.91934384034633e-09,0.12771867364109857,0.03831560693587026
0,2.695363908973776e-09,0.2102711969865403,0.06308136098271683
0,2.4392441641862497e-09,0.177679359121668,0.05330380944397131
0,1.9669709807637835e-09,0.14748667204435317,0.044246002990185634
0,2.324031141953751e-09,0.6729405979377974,0.201882181008161
0,9.854053642632264e-07,0.2314220046439186,0.06942729117693057
1,0.9999994904171824,0.16748325395301333,0.7502446194779316
0,5.119264948265668e-08,0.4076275317046961,0.12228829534626347
0,1.8954943249962882e-08,0.3814407060325735,0.11443222507823232
0,1.2970135206966235e-08,0.14441950818322902,0.04332586153406335
0,7.560156508893947e-08,0.30011672464522055,0.09003507031466172
0,1.9067739721710237e-09,0.32042352964944176,0.0961270602295743
0,1.0601162646406615e-08,0.2663556244556059,0.07990669475749562
0,1.066317596679227e-09,0.2360638170871171,0.07081914587255744
0,4.1626112894742436e-08,0.23535149226224084,0.07060547681695127
0,2.471389668895514e-07,0.0742794223241563,0.02228399969452371
0,2.6169718879428733e-08,0.1689405065452665,0.050682170282383164
0,5.6162907024403084e-08,0.13158784143429103,0.03947639174432222
0,2.0168569073576592e-07,0.17018242245021376,0.05105486791504764
0,4.924067246386451e-07,0.12745233795964594,0.03823604607260103
0,3.3044258290000616e-09,0.22969505329704798,0.06890851830221247
0,1.7915675866418542e-08,0.11556267858524472,0.03466881611654652
0,1.3453051279608834e-06,0.17235240994128964,0.05170666469597646
0,4.52628192511285e-08,0.056688056107624396,0.017006448516260795
0,1.4786771324757142e-08,0.060786458801751375,0.01823594799126534
0,5.884195844162353e-09,0.19492613125727987,0.05847784349612105
0,1.4205173738152439e-09,0.1893618938815289,0.056808569158820835
0,1.1527730395762073e-09,0.16225863256673745,0.04867759057696236
0,3.0252030245703997e-10,0.47905913877059403,0.14371774184294242
0,1.071179520023493e-09,0.08805523674934412,0.0264165717746289
0,3.5844362195373473e-09,0.12036372515888039,0.036109120056769466
0,1.611691749398788e-09,0.22677306469183744,0.06803192053573545
0,1.9321064391287537e-08,0.5658466847223111,0.1697540189414384
0,1.9229475639336815e-08,0.18763502372083596,0.05629052057688373
0,2.5882043593255043e-09,0.10176524734473069,0.030529576015162256
0,1.9796899757350733e-07,0.1444770697673109,0.04334325950849157
0,3.981490904072306e-08,0.18855230395394706,0.056565719056620445
0,2.8587684843774777e-09,0.44988222595976923,0.1349646697890687
0,2.9336369073613205e-08,0.09698241605475222,0.029094745351884017
0,9.174625892333053e-08,0.11342050201608278,0.03402621482720608
0,4.300330807298019e-08,0.47350314173117647,0.14205097262166858
0,8.792577471715552e-09,0.3730473029402076,0.11191419703686652
0,5.105941975860534e-08,0.26296471955440603,0.07888945160791565
0,9.546763262261767e-10,0.11697510350767737,0.035092531720576636
0,6.472912953178059e-08,0.5299365318024774,0.15898100485113387
0,2.571515985791879e-10,0.5258664057821976,0.1577599219146654
0,4.6553660751909713e-10,0.46685612111660146,0.14005683666085605
0,8.788732719188838e-10,0.39629324388709586,0.11888797378134004
0,3.0442079753315075e-09,0.12739833936318457,0.03821950393990095
0,3.111809264735719e-08,0.11954523201085354,0.035863591385920914
0,7.662932015074745e-09,0.15106605694513076,0.04531982244759163
0,6.798362579576015e-09,0.5792790443057818,0.17378371805058834
0,5.979414614646239e-09,0.14477182375587816,0.043431551312353676
0,1.8551993474766776e-07,0.19509442074231909,0.05852845608665005
0,1.5815052512055396e-09,0.03878407274634277,0.011635222930956507
0,1.751184196339065e-09,0.13796536454315012,0.041389610588773974
0,9.546371394525967e-10,0.10324097944434507,0.030972294501549518
0,1.1172370582458135e-07,0.36997313462811443,0.1109920185950284
0,3.2169719687560777e-09,0.19332828397979362,0.05799848744581846
0,2.5662592914896306e-08,0.0835075230625445,0.025052274882578388
0,3.662996173851292e-09,0.13080189073659254,0.039240569785075084
0,1.8261597482822504e-07,0.17872050242313975,0.05361627855812431
0,3.463950322416676e-09,0.05057829725073737,0.015173491599986436
0,5.827886572335017e-09,0.37542041981244034,0.1126261300232527
0,1.6513312416692561e-09,0.07887541870767656,0.023662626768234836
0,3.175548566333224e-08,0.22001895829038753,0.06600570971595622
0,1.937658325946875e-09,0.2669919069083466,0.08009757342886481
0,2.0286783863174706e-09,0.24232524322124538,0.07269757438644849
0,5.700287432520343e-10,0.2437479708801975,0.07312439166307937
0,1.4222434936282988e-08,0.3550011568091649,0.10650035699845392
0,1.5102410112854054e-08,0.07982854484342672,0.02394857402471509
0,3.904204382586185e-08,0.31381579980292595,0.09414476727030846
0,2.011728647628318e-09,0.39004457385063795,0.11701337356340143
0,1.0088227743177996e-08,0.21853090053128887,0.06555927722114607
0,2.6558160898263043e-09,0.0554141476584451,0.01662424615660479
0,9.48293361537992e-09,0.3777235405906689,0.1133170688152542
0,5.503979951085344e-09,0.2770419540716871,0.08311259007429209
0,2.9844316570914143e-08,0.2306896060871878,0.06920690271717793
0,1.9194826907139563e-07,0.39981011178400516,0.11994316789898989
0,1.0686543196301422e-08,0.3455633145965803,0.10366900185955433
0,6.026348701881941e-10,0.06742788184846704,0.02022836497638452
0,4.214836194681511e-09,0.21160157725681994,0.06348047612743132
0,8.892168402433933e-09,0.04200603536372871,0.012601816833636495
0,2.4765918983585996e-06,0.19555743520914792,0.05866896417707322
0,1.9254667144538155e-08,0.5182928272636029,0.15548786165734788
0,5.748936875293044e-09,0.26173819128150455,0.07852146140870718
0,1.3164488841152561e-09,0.26536329800391256,0.07960899032268798
0,8.91502398889459e-09,0.14076205611398607,0.04222862307471261
0,1.0685239754993052e-09,0.11764922203977068,0.03529476735989799
0,3.4351699257804737e-08,0.13010102231824283,0.039030330741662324
0,2.3099778876274262e-09,0.32301449045997277,0.09690434875497635
0,2.1985039330024077e-09,0.32080409455761205,0.09624122990623638
0,2.3143901778492765e-08,0.2702952634359772,0.0810885952315244
0,1.5671688261038137e-08,0.15373648298986076,0.04612095586714001
0,3.3257851563038376e-09,0.0959039997497656,0.02877120225297929
0,9.339679644504013e-10,0.08998890801655735,0.026996673058744775
0,6.94637655458245e-09,0.38419151570778487,0.11525745957479903
0,2.5117374960723867e-09,0.16183226023349062,0.04854967982826343
0,3.5543393329323127e-08,0.0566786799250798,0.01700362885789927
0,3.115113871639409e-08,0.10458724848547951,0.03137619635144095
0,2.969023164836512e-09,0.37807271457960023,0.11342181645219628
0,1.1501186245013786e-07,0.16635508260428988,0.049906605289590684
0,1.9898156133456856e-09,0.049814207422067325,0.014944263619491126
0,2.018305488319498e-07,0.3630823755217444,0.1089248539379075
0,3.964301425462754e-09,0.112980118967691,0.0338940384653183
0,4.932155508532531e-09,0.22638543657766208,0.06791563442580749
0,5.327877053205958e-07,0.10545005753924575,0.03163539021316745
0,1.4213041764293476e-09,0.2455728422935778,0.07367185368298626
0,2.4598599078268663e-09,0.5306964298385893,0.15920893067347872
0,4.491684607038923e-08,0.5663750206875919,0.16991253764806982
0,4.092100032232749e-07,0.42770175346011796,0.12831081248503765
0,2.5142375804600975e-09,0.09999193163280884,0.029997581249808954
0,5.894034481920153e-07,0.38227713199067004,0.11468355217961473
0,1.5480644403436706e-05,0.19463778641813612,0.05840217237652324
0,4.2824609647105404e-08,0.15576270869697895,0.04672884258632043
0,1.523066451571902e-08,0.13148561012016036,0.039445693697513266
0,2.2613285635834967e-08,0.37286360461823886,0.1118590972147716
0,1.2490602382645324e-06,0.2698393833370011,0.0809526893432671
0,7.454562936242471e-09,0.24543374796974626,0.07363012960911794
0,2.2230705406527024e-09,0.4629696817990211,0.1388909060958557
0,3.089307233540991e-08,0.48622602821902927,0.1458678300908594
0,2.387203851070533e-09,0.42005591518730323,0.12601677622723365
0,2.074804805481814e-09,0.29471751988297024,0.08841525741725444
0,1.2771437473957748e-07,0.20431863337204348,0.06129567941167536
0,2.4630661091105344e-09,0.14226404233271683,0.042679214423961324
0,7.250521358416061e-09,0.21698350375253928,0.06509505620112672
0,1.378925502634333e-09,0.07587046717635226,0.022761141118153527
0,3.950451752633376e-06,0.4906496986133435,0.1471976749002299
0,1.8556296193713104e-09,0.2345898543417808,0.07037695760147497
0,1.4722026985003488e-06,0.18073508247795567,0.05422155528527565
0,2.6411928875395867e-09,0.407487696677586,0.12224631085211081
0,6.07723411046638e-09,0.5478645280240437,0.164359362661277
0,8.990561212532633e-09,0.28873497987378727,0.08662050025552903
0,6.811214121969201e-08,0.13305370586601128,0.039916159438302234
0,1.625925979210333e-05,0.04617660332711282,0.013864362479988318
0,1.3759934418972027e-08,0.1698093740690091,0.05094282185265682
0,1.4665223268806064e-07,0.12981826665461782,0.03894558265294823
0,1.931342605565607e-06,0.13736200824324418,0.04120995441279715
0,3.4833249457561335e-06,0.30075348484805675,0.09022848378187905
0,5.402470058685668e-09,0.31154852742218897,0.09346456200838572
0,1.0204289169347283e-08,0.310631653110792,0.09318950307624001
0,1.8065203842364247e-09,0.3937511515450265,0.11812534672807222
0,1.8074055834903398e-07,0.32678745326956427,0.09803636249926012
0,7.1503583547108445e-09,0.1600299864135729,0.04800900092932272
0,6.916810305998993e-07,0.17628952001952514,0.05288734018257896
0,1.1152991394829229e-07,0.1930854981469886,0.05792572751503634
0,9.376931916434046e-09,0.1810214684831607,0.05430644710880055
0,3.405285402892312e-08,0.1168651939376053,0.03505958201827941
0,7.453787799918667e-09,0.09734541282984399,0.029203629066604658
0,2.52617826823557e-07,0.1649368373260638,0.04948122803029791
0,2.7021153129795647e-09,0.15169714209343632,0.045509144519511616
0,5.512930655686218e-09,0.4450441204576927,0.13351323999635928
0,6.433277706080589e-09,0.2916339695612339,0.08749019537166455
0,7.298254546755017e-08,0.08655497546359248,0.02596654372685957
0,1.5042823710621104e-08,0.5179601824197544,0.1553880652559029
0,3.096358161684308e-07,0.320878394483185,0.09626373509002682
0,4.1562983361725874e-07,0.10068439252234707,0.03020560869758765
0,2.1040150769809532e-07,0.20211930408899625,0.06063593850775426
0,8.440585198257631e-09,0.5766938199233607,0.17300815188541785
0,1.1336237326973333e-09,0.017607352867000325,0.005282206653636711
0,3.7492980699287936e-09,0.40870741159979707,0.12261222610444776
0,1.4811303654215302e-07,0.6950511136154418,0.20851543776375814
0,2.151898798234389e-09,0.09044387539794618,0.027133164125713014
0,4.319316108217576e-08,0.36681384419676966,0.11004418349424366
0,2.8504197080165155e-09,0.26040424323015365,0.07812127496433989
0,1.6709842330451347e-08,0.22996851746100788,0.068990566935192
0,1.771969097863558e-08,0.2791950783518119,0.08375853590932725
0,7.565537932051518e-09,0.2862092274076936,0.08586277351818464
0,6.186317468773934e-09,0.16998334978805985,0.05099500926684018
0,1.3291979425088589e-08,0.30939104341021284,0.09281732232744945
0,1.5130368311579146e-08,0.30173674835162534,0.09052103509674542
0,7.284007800900417e-09,0.21465012561603736,0.06439504278361667
0,6.746142376117485e-08,0.15549525446943258,0.0466486235638264
0,1.0433292154282193e-09,0.1274287083430351,0.03822861323324098
0,5.5130583984523284e-09,0.5324717562798418,0.15974153074309339
0,4.669316720491763e-08,0.1413891441012255,0.042416775915584695
0,2.5412048941812356e-08,0.08635160428309885,0.025905499073363914
0,2.2884065428779314e-08,0.14179992044115197,0.04253999215119139
0,4.700313273157432e-08,0.16075210065445,0.04822566309852792
0,1.1402916611182295e-08,0.1492541756468515,0.04477626067609707
0,5.545481812277964e-09,0.25994719530347976,0.07798416247288119
0,1.5187321606501394e-05,0.5130778656710321,0.1539339908264342
0,1.6351418087017912e-06,0.30627662739726824,0.09188413281844655
0,9.610754856170412e-10,0.21295949722124907,0.06388784983912756
0,7.911772296989697e-10,0.13154887186204134,0.03946466211243646
0,5.173053344993833e-10,0.36075607919993136,0.10822682412209313
0,9.669160124572342e-08,0.20488921109964764,0.06146683101401516
0,1.937046132629007e-08,0.5175326631744088,0.15525981251164558
0,7.973684113910278e-08,0.11184369295438579,0.03355316370210453
0,1.7644975599761167e-07,0.11731907908742412,0.035195847241056434
0,1.555220000167185e-09,0.07121288222142053,0.021363865755080157
0,1.5636334555067055e-08,0.3476189541818141,0.1042856971999784
0,2.540009671937908e-09,0.14391020982956504,0.04317306472687628
0,5.756626322021358e-10,0.30780837695189156,0.09234251348853131
0,5.641518369502148e-09,0.2499384754428674,0.07498154658192308
0,3.4775822778277718e-06,0.3733758162002264,0.11201517916766239
0,4.115321708214727e-09,0.08326117855990678,0.02497835644869723
0,2.9541256676209227e-08,0.2927975398245277,0.087839282626238
0,9.607201173545142e-09,0.1761652673021592,0.052849586915688584
0,3.777664685197924e-06,0.7557498941686187,0.22672761261586524
0,6.667560480632308e-07,0.2153327902919504,0.06460030381681876
0,7.331285412311987e-08,0.2299412414332026,0.06898242374895866
0,2.382504664216663e-09,0.20548528544366595,0.061645587300853046
0,1.3718944775867858e-09,0.31716089305289474,0.09514826887619456
0,2.6274556645867955e-08,0.3805635201171459,0.11416907442733341
0,8.197168345539545e-10,0.6440711545763649,0.19322134694671125
0,1.150361364129204e-09,0.4069161011305118,0.1220748311444065
0,1.9493789864820273e-08,0.327432771713711,0.0982298451597662
0,3.3316823070028827e-09,0.19106453961259773,0.05731936421595693
0,3.5896424975277265e-08,0.15948137692772335,0.04784443820581449
0,4.772626665424957e-09,0.3359739988060809,0.10079220298266293
0,2.49841098640552e-10,0.23860895591710163,0.07158268695001925
0,7.698697305285979e-07,0.463311400701926,0.13899395911938917
0,3.4496743221003156e-10,0.2124127575747723,0.06372382751390888
0,1.0435182655146167e-08,0.43361310402756703,0.13008393851289796
0,1.1204249406436675e-09,0.3051296758332612,0.09153890353427582
0,2.132732645397959e-09,0.22289468653230216,0.06686840745260349
0,6.672067007302405e-09,0.08554654847322707,0.025663969212415025
0,2.7661624759753065e-07,0.3807643608666581,0.11422950189137075
0,3.378176309618327e-08,0.1201949816579555,0.03605851814462081
0,4.6224056518255936e-10,0.5119026216260639,0.15357078681138756
0,9.849048894845866e-09,0.07791704849841918,0.02337512144385998
0,1.8194244861615446e-07,0.23379810402059809,0.07013955856589345
0,3.6192544216911763e-09,0.4612865872425278,0.13838597870623642
0,9.483756643942694e-09,0.10613382005002336,0.03184015265363666
0,1.722575661504697e-06,0.2015519935466621,0.060466803866961676
0,4.688915158958338e-06,0.1726341882628828,0.05179353871947611
0,2.643601484193449e-07,0.21335464034442486,0.06400657715543134
0,5.761193489790072e-08,0.43372762414410637,0.13011832757158634
0,1.7726322828201872e-09,0.2982964078770717,0.0894889236039641
0,2.782533208352782e-09,0.19930716301410056,0.059792150852003415
0,1.9639863338925655e-05,0.03385395255555623,0.010169933671004116
0,5.999739474100184e-09,0.4445924518928914,0.13337773976768505
0,4.85713842274807e-07,0.3284400729286443,0.09853236187828289
0,6.549376130543348e-09,0.5750296698180493,0.17250890552997805
0,7.91615394844213e-08,0.21759176956978188,0.0652775862840122
0,4.589869684312127e-09,0.28237725703778993,0.08471318032424575
0,3.4234803614096917e-07,0.2489673915342442,0.07469045710389856
0,5.218662163863753e-09,0.13846164773394487,0.04153849797324697
0,3.6164260108231348e-09,0.22798106830515696,0.0683943230230453
0,2.512550672978032e-09,0.3708397037140352,0.11125191287299602
0,7.572182745905075e-10,0.08023643436749395,0.024070930840300975
0,1.329042117838818e-08,0.15277489207687744,0.04583247692635806
0,7.426667328822922e-08,0.20183984791788623,0.06055200636203717
0,2.496693689272434e-07,0.10716966572578956,0.03215107448629512
0,1.6837155026483786e-08,0.153513063269348,0.04605393076681291
0,7.747529380598265e-10,0.09103785216360949,0.027311356191409904
0,1.6740118636677229e-09,0.5061146312511253,0.1518343905471459
0,3.3600171636139956e-08,0.1309176119961336,0.039275307118960226
0,2.2471033047750388e-08,0.4009196480244843,0.12027591013706843
0,1.659840717764208e-08,0.24519453878686504,0.07355837325494453
0,1.4895360784528762e-09,0.1591457584719499,0.047743728584260216
0,5.6283672813961265e-08,0.22923302529516532,0.06876994698712056
0,2.252994538244557e-09,0.07529105733653974,0.022587318778058096
0,4.473592343816841e-09,0.0705925845053127,0.02117777848310845
0,1.922640246683779e-09,0.18375600327429054,0.055126802328135334
0,6.197885032739994e-09,0.5901987982066376,0.17705964380051079
0,2.160207092769519e-09,0.4168255221875474,0.12504765816840918
0,2.166931427827457e-07,0.13421301764760518,0.0402640569794815
0,8.194623087957071e-09,0.3710159740777692,0.11130479795956692
0,4.5362147748470377e-10,0.40598368684950126,0.12179510637238541
0,2.3959438873011246e-07,0.3738393750485014,0.11215198023062253
0,6.738885304397034e-10,0.09471298984544818,0.028413897425356424
0,2.954527430384831e-09,0.09315777177831308,0.027947333601663127
0,4.072509188686379e-05,0.12158501773648978,0.036504012885267736
0,4.455877413541799e-09,0.17750054055375897,0.05325016528524188
0,2.8061779597030057e-08,0.19072637890844057,0.05721793331577789
0,2.8410516943970114e-08,0.1732549651345222,0.051976509427718524
0,1.0419597988717491e-05,0.19238140102300139,0.05772171402549251
0,1.3683272544272804e-08,0.3296847674835435,0.09890543982335383
0,1.120523212048715e-08,0.10329434044802366,0.03098830997806958
0,8.173780074595336e-10,0.49843807266290585,0.14953142237103634
0,6.935083298108137e-07,0.3074317523960344,0.09223001117464118
0,1.8391596372756248e-09,0.1721816609428075,0.051654499570253996
0,3.83254468444999e-09,0.10775272202787067,0.032325819291142484
0,1.1234650030607633e-08,0.5276216059054415,0.15828648963588746
0,7.406281304527846e-09,0.2090906921190473,0.0627272128201111
0,3.3956503196115747e-09,0.2944028438868658,0.08832085554301496
0,7.497686869307815e-08,0.17407803072600725,0.052223461701610255
0,1.9713301767644777e-08,0.5904967881289445,0.17714905023799457
0,1.3837841547989217e-09,0.3606189287158025,0.10818567958338965
0,1.8719070696021287e-05,0.20212073451770185,0.06064932370479777
0,7.2525039280464185e-09,0.5095991585854298,0.15287975265238168
0,1.3355812323227166e-08,0.3201668351412551,0.09605005989144516
0,1.176496632767335e-09,0.23387999479390265,0.07016399926171844
0,1.0026104784317882e-09,0.08747154439111049,0.02624146401916048
0,1.7697178413374142e-09,0.22079687872047382,0.06623906485494463
0,8.996752378680665e-09,0.1524207084489323,0.04572621883240635
0,1.8387064202478462e-09,0.045140946953068695,0.0135422853730151
0,1.5650056921313785e-08,0.19919665721691016,0.059759008120112894
0,7.66554967809548e-06,0.23732932397886464,0.07120416307843405
0,2.7364717289974576e-08,0.6177434449453584,0.1853230526389096
0,7.196233114441921e-09,0.05222955696227516,0.015668872126045726
0,2.092084815946395e-09,0.18902493355931216,0.056707481532253017
0,3.09521952228426e-07,0.11798690974087267,0.03539628958762836
0,2.8669867028235107e-09,0.14199432447056914,0.04259829934806144
0,5.807457770386415e-08,0.21489370927428164,0.06446815343448889
0,5.150805448883271e-10,0.1633460297777286,0.04900380929387496
0,2.16771039604238e-09,0.1900120667377072,0.057003621538709436
0,6.868512977382818e-09,0.11185102446578499,0.03355531214769458
0,1.3339589398673724e-08,0.37361526271617884,0.11208458815256622
0,9.882399199269807e-08,0.49096161859637233,0.1472885547557061
0,2.0307327277972264e-08,0.0677917208160721,0.020337530459950723
0,2.043870778550454e-09,0.11955226097056482,0.035865679721878985
0,9.64396054469509e-07,0.24494452225219854,0.07348403175289768
0,5.080212840356731e-09,0.13276174737925428,0.03982852776992527
0,8.227702455802624e-08,0.0615418626297628,0.01846261638284603
0,8.321079686247635e-09,0.34372925214473893,0.10311878146817745
0,4.582073402076175e-09,0.12246508338776574,0.0367395282237811
0,2.4796154646653508e-08,0.5901820578980483,0.17705463472672275
0,5.209817566158612e-09,0.17680451223327487,0.053041357316854755
0,3.389592572187481e-09,0.18024148092926928,0.05407244665149558
0,6.913655234566227e-08,0.33715759236686793,0.10114732610564701
0,4.5755063139769267e-10,0.2342614152541529,0.0702784248965313
0,1.917400323899084e-09,0.10897083253815909,0.03269125110362795
0,7.983596937679812e-10,0.10582800977542095,0.03174840349147807
0,1.2443892714928934e-08,0.03904483647753576,0.011713459653985629
0,3.999288645052685e-09,0.5982325648275776,0.17946977224777533
1,0.9999998380914688,0.46986278938235493,0.8409587234787346
0,5.936293240204451e-10,0.24193986874920892,0.0725819610403032
0,1.5292001042257813e-07,0.12448395810408075,0.03734529447523152
0,7.475638241070406e-08,0.20859273136292544,0.06257787173834532
0,5.758059072021192e-09,0.683529439297615,0.20505883581992584
0,1.2463168495550411e-08,0.1486131748472127,0.04458396117838175
0,2.7515895140809003e-08,0.21416257928314952,0.06424879304607145
0,3.422364370058315e-08,0.19648622946084227,0.058945892794803265
0,4.6681549982623895e-09,0.09494802330614305,0.028484410259551413
0,2.203912954483186e-06,0.6199355886444038,0.18598221933238926
0,2.3555577253308336e-09,0.09734891875179608,0.029204677274429228
0,1.2743793519303368e-08,0.3123885481702019,0.09371657337171603
0,5.8790889335508645e-09,0.0994291305137941,0.02982874326950048
0,1.284348449685261e-08,0.44799226484340715,0.13439768844346128
0,4.35457717394315e-09,0.2668164866130498,0.08004494903211896
0,6.454447068533247e-10,0.33686486212096134,0.1010594590880997
0,1.9804697105394517e-09,0.2869585680158018,0.08608757179106934
0,1.3431329726477196e-09,0.21804313422192623,0.06541294120677094
0,8.810606229805127e-08,0.10651082042036253,0.03195330780035237
0,7.674403119254102e-09,0.3973079427623606,0.11919238820079035
0,2.8528009397816507e-08,0.1432453230897287,0.04297361689652519
0,3.0870574514642133e-07,0.12558158924160256,0.037674692866502366
0,1.0340527220365726e-08,0.34925282107499644,0.104775853560868
0,1.9115915306366503e-07,0.1716893567378487,0.05150694083276175
0,1.0376446781743591e-08,0.07047064072844844,0.021141199482047277
0,3.238068627419089e-05,0.17226077656226857,0.0517008994490725
0,1.150628697901636e-09,0.20043702849431044,0.06013110935373322
0,5.016743193109635e-06,0.33115105226844155,0.09934882740076764
0,2.545945414684043e-10,0.13419866410687875,0.0402595994102798
0,6.491957685304676e-09,0.367663495084104,0.11029905306960158
0,4.263443276552724e-09,0.28377218769358714,0.08513165929248642
0,2.5454603766031366e-08,0.37674500573999925,0.1130235195402224
0,3.760615038642139e-09,0.10130824853770082,0.03039247719374077
0,4.330467919344877e-09,0.28614878775649555,0.08584463935827621
0,2.4516450533865025e-08,0.3226076831431517,0.09678232210446087
0,7.338154225027503e-10,0.18922353345480236,0.0567670605501115
0,8.640970644226452e-10,0.3199848730435537,0.09599546251793406
0,8.76270318177764e-08,0.5163705731729918,0.15491123329081982
0,1.881896929553161e-09,0.16686155902903588,0.05005846902603861
0,2.584310893906532e-09,0.17574915870281493,0.052724749419862105
0,7.273873448288858e-09,0.45489169864917867,0.136467514686465
0,2.0603206082645204e-07,0.20960051618484576,0.0628802990778963
0,3.421236093310884e-08,0.16756355977614845,0.05026909188149718
0,5.509352926859594e-07,0.47008652889240465,0.14102634432242628
0,6.868030590647324e-08,0.15272679561328395,0.04581808676019932
0,9.843746940062417e-08,0.11121497368585165,0.03336456101198407
0,4.476900720391987e-09,0.09960181966273651,0.029880549032651457
0,4.5140566444718225e-08,0.39810435489556995,0.11943133806706749
0,3.050382273945122e-08,0.0024211813852061947,0.000726375768237776
0,4.740190070800196e-09,0.2650635552656373,0.07951906989782423
0,4.560273380236576e-08,0.4830339664347274,0.14491022185233188
0,1.4715663816254874e-09,0.25573838749147926,0.07672151727754024
0,1.6994778616375786e-07,0.6251727144496323,0.18755193329834
0,2.8352533861621244e-09,0.2938780687907908,0.08816342262191461
0,2.235643022532495e-06,0.29711204702463356,0.08913517905750584
0,6.128727147560101e-08,0.3190993415481327,0.09572984536552984
0,1.9830498895667534e-07,0.4259756814697112,0.12779284325440562
0,5.39621022001581e-09,0.15649403134704687,0.04694821318146122
0,1.4194884201830801e-09,0.23077808989599802,0.0692334279624413
0,6.123958633607677e-09,0.41208923722838275,0.12362677545528587
0,4.417524579649826e-10,0.16356324312031578,0.04906897324532145
0,2.345802511919253e-08,0.0778117678133281,0.023343546764616016
1,0.9999992213310781,0.08318179282489502,0.7249539927792231
0,2.739693657163278e-09,0.48689691808317703,0.14606907734273866
0,8.678990825826992e-09,0.06460512578006006,0.019381543809311595
0,2.1477213974612865e-09,0.10308035098235535,0.03092410679811158
0,1.860067785294119e-09,0.2682342608204463,0.08047027954818135
0,3.1635244731291174e-07,0.18632299202727665,0.05589711905489611
0,2.9251125392695904e-08,0.19349859223895172,0.058049598147473284
0,3.3390082322045375e-09,0.03824548106493919,0.011473646656787519
0,2.1626988137346231e-07,0.27808512248823825,0.08342568813538843
0,1.6867561700550343e-08,0.17264337083852277,0.05179302305885002
0,2.0981819996156216e-05,0.6306956369297481,0.18922337835292172
0,6.951500432166128e-08,0.38619931720324807,0.11585984382147745
0,1.0563077595634384e-08,0.10347241809040875,0.031041732821276938
0,3.971978251044667e-09,0.2448247194020824,0.07344741860100948
0,7.641990859511324e-09,0.13096372026956105,0.03928912143026191
0,4.040651252881556e-09,0.16639945943438617,0.049919840658771725
0,1.3545064447883087e-07,0.2455520530334102,0.07366571072547419
0,1.2881321555173615e-08,0.11964808709961516,0.035894435146809636
0,7.430804127174219e-06,0.32552353311505855,0.09766226149740659
0,1.7583968641404186e-09,0.18013244578882093,0.05403973496752408
0,2.3593278977069554e-09,0.03508862964595938,0.01052659054531734
0,1.2918205796296426e-08,0.1703339814565502,0.05110020347970912
0,1.0733626517451018e-08,0.10864683051464141,0.032594056667930985
0,1.872158431368325e-08,0.31598880801499907,0.09479665550960874
0,9.74047601184403e-07,0.30301863628781167,0.09090627271966432
0,1.6987573119840771e-09,0.22529820514336185,0.06758946273213867
0,1.0449862188410801e-08,0.37913908650851114,0.11374173326745686
0,3.4929842753207794e-08,0.31884481577852763,0.09565346918444821
0,8.060011079762056e-09,0.2379023331043959,0.07137070557332652
0,1.4030530894089736e-08,0.30773437523008096,0.09232032239039592
0,1.5539580054837585e-08,0.025347352098756937,0.007604216507333119
0,1.076742093472325e-08,0.052149409049909834,0.0156448302521676
0,8.40642117398719e-09,0.12240342861601794,0.0367210344693002
0,1.4443306129606084e-08,0.33041164822689895,0.09912350457838398
0,1.2685905737069385e-09,0.22662362840270045,0.06798708940882353
0,7.350761474469555e-08,0.1806524563318732,0.054195788354892284
0,2.9515622460467396e-09,0.6796908592709661,0.2039072598473834
0,4.745752339248614e-09,0.13484927298675842,0.040454785218054165
0,2.406177231683915e-08,0.11090222436028296,0.03327068415132551
0,3.0691754067935675e-09,0.23840488467300736,0.07152146755032499
0,7.447060193118263e-09,0.1823871204921006,0.05471614136057231
0,4.019820649530962e-09,0.2622731024087003,0.07868193353648453
1,0.9999988602421029,0.24670533221066482,0.7740108018326715
0,6.693238577884293e-08,0.15443574268595672,0.04633076965845706
0,1.6424229846876928e-07,0.2343683406508681,0.07031061716486936
0,6.7264760871942e-08,0.19000668055228664,0.0570020512510186
0,1.3462798871684297e-07,0.08031184057311258,0.024093646411525876
0,4.724499610831438e-08,0.31634264253209876,0.0949028258311269
0,9.357037502419863e-10,0.6278414940562798,0.18835244887187655
0,3.5878539536862107e-09,0.38279876578628713,0.1148396322473839
0,4.013787194054422e-09,0.7765467157298804,0.23296401752861515
0,1.3229203577592406e-08,0.39852338364053774,0.11955702435260383
0,1.588806579921345e-08,0.2987194572829607,0.08961584830653427
0,1.1354418477555564e-09,0.12865912528478796,0.03859773838024568
0,2.843024071569841e-08,0.1240718712242409,0.037221581268440766
0,7.548882929713295e-09,0.17071514210922245,0.051214547916984786
0,5.434345367188326e-06,0.6587344083183,0.19762412653724704
0,4.490937650540555e-09,0.2741757068912545,0.0822527152110327
0,2.0948660606790496e-05,0.1770583893883152,0.053132180878919306
0,1.0032841109512683e-08,0.29323783770822254,0.08797135833545554
0,4.663293763580939e-10,0.27715589053964385,0.08314676748832371
0,1.2363355077404906e-05,0.1187155322491994,0.035623314023314
0,2.995811689817275e-06,0.09761687825203491,0.029287160543793343
0,5.622491000979893e-10,0.181042541860433,0.054312762951704265
0,4.6390159773054064e-08,0.12192307417321124,0.03657695472507521
0,9.906220957475087e-09,0.15621754463466497,0.046865270324754155
0,1.5095092859603214e-09,0.1792683276323257,0.053780499346354205
0,1.4782485434842494e-08,0.20868883798499138,0.06260666174323722
0,2.424944664568544e-08,0.37970068565444137,0.11391022267094505
0,1.3756249800679684e-07,0.2970404493686224,0.08911223110433532
0,4.486502033364211e-09,0.22488590506586026,0.06746577466030951
0,6.503537161404805e-08,0.24293612753050642,0.07288088378391205
0,4.808066471838265e-08,0.28268893201286927,0.08480671326032609
0,1.550706166444663e-05,0.7452714210173323,0.2235922812483648
0,1.7290666120274624e-09,0.17464984711998321,0.052394955346341594
0,1.2191006211035548e-09,0.158906054909688,0.04767181732627684
0,2.207242080044442e-09,0.19519044424704024,0.058557134819181525
0,2.922978229430603e-08,0.6355886764102515,0.19067662338392305
0,6.678076878835642e-08,0.14776646336004873,0.04432998575455277
0,2.4035536232621985e-09,0.1651046511635874,0.04953139703156376
0,6.728269799280178e-08,0.1865242754274311,0.05595732972611793
0,5.12009694777263e-08,0.09662619561434116,0.02898789452498098
0,9.191116315277596e-09,0.5988228545590714,0.17964686280150283
0,2.7229698048726692e-09,0.15212482786278103,0.04563745026491317
0,2.3235365352063075e-09,0.018107416876109284,0.00543222668930836
0,1.3986088757267978e-06,0.5015102503375524,0.15045405412747873
0,4.874791255349309e-09,0.15717470222387653,0.047152414079516834
0,1.8407590516579964e-08,0.11402625345504847,0.034207888921827904
0,3.865984636139903e-08,0.19093002659158598,0.057279035039368244
0,2.3219495003107367e-09,0.5815655037940572,0.1744696527635818
0,8.456947408835214e-10,0.11136238792969666,0.03340871697089532
0,3.360982987237926e-09,0.3390850715341235,0.10172552381292513
0,6.619497338462895e-08,0.12458741556963393,0.03737627100737154
0,2.2950318656423038e-07,0.1780142059499119,0.05340442243720417
0,2.1565585133955573e-08,0.30869265701986137,0.092607812201868
0,1.0551620491891396e-09,0.304398432597354,0.09131953051781963
0,2.9194791641435072e-09,0.2827528885057411,0.08482586859535773
0,1.026503907147648e-07,0.21037781025979474,0.06311341493321192
0,3.47656770838732e-06,0.09845941047218354,0.029540256739050932
0,2.7479811016618226e-09,0.18681418672855576,0.056044257942153494
0,6.6378058313918034e-09,0.21054227009507032,0.06316268567498518
0,7.23359324213193e-10,0.17960699863448926,0.053882100096698304
0,8.908762952607282e-10,0.23193454813015701,0.0695803650626605
0,3.5766954817503245e-09,0.11593778415202893,0.03478133774929551
0,6.742033134425043e-08,0.5467409762430725,0.1640223400671537
0,5.2500529091687326e-08,0.08850445634578785,0.02655137365410672
0,3.38820300533154e-09,0.1678654857569427,0.05035964809882491
0,1.456265946789778e-07,0.21195836399987555,0.06358761113857893
0,1.7835758978688085e-09,0.32368825288519243,0.09710647711406085
0,1.387353589322833e-09,0.18723998294788136,0.056171995855511914
0,5.68742597984624e-10,0.19934936671702042,0.059804810413225946
0,5.26274100428664e-08,0.24887340785543877,0.07466205919581866
0,6.508322932191664e-09,0.0828963206558363,0.02486890075257694
0,2.8210538270752198e-08,0.0351522864901076,0.01054570569440907
0,4.362397167004634e-07,0.1726024222309568,0.051781032037088726
0,2.444818062179535e-08,0.4121958490883274,0.12365877184022465
0,4.2716275253377e-09,0.03671886624149334,0.01101566286258727
0,2.7575788379739696e-06,0.46262393580947303,0.1387891110480285
0,1.0285568701311155e-09,0.6222847468071563,0.1866854247621367
0,6.3215843173817804e-09,0.09913441211611096,0.029740328059942308
0,5.389164732497893e-07,0.48125447742560923,0.14437672046921401
0,3.4060831504928194e-09,0.12158968804318382,0.03647690879721335
0,3.492014302469816e-09,0.08096098164086107,0.024288296936668334
0,3.4921521813469813e-09,0.7298878716931454,0.21896636395245012
0,7.441838186206539e-10,0.10400581092581529,0.031201743798673257
0,1.4569261233185568e-08,0.16033197062440174,0.04809960138580339
0,3.1796167427020974e-10,0.3979026102962794,0.11937078331145698
0,1.2299596802964532e-09,0.16998096251043848,0.050994289614103315
0,8.679645612568199e-08,0.09404566334195053,0.028213759760104443
0,2.1625420924218022e-08,0.09716253285190546,0.029148774993366284
0,9.439604297793837e-10,0.0988353943725171,0.029650618972527427
0,2.932560796548767e-09,0.10377647918429478,0.03113294580808099
0,1.1372582777129718e-07,0.13331437485950226,0.03999439206593012
0,2.556128883175554e-09,0.11539118520599934,0.03461735735109001
0,3.36451788297261e-09,0.07637176159253978,0.022911530832924448
0,1.1261455489249841e-07,0.6751130650514567,0.20253399834562544
0,2.4343755367979047e-06,0.16857128316387793,0.050573089012039135
0,5.478591402902928e-09,0.3312909709196026,0.09938729511089475
0,1.1947527102071084e-09,0.2999290991926856,0.08997873059413258
0,2.2658245056036857e-07,0.3259813471982398,0.09779456276718733
0,3.096387960984136e-10,0.14743961913574066,0.04423188595746935
0,1.061647940300236e-08,0.4059395093029139,0.12178186022240975
0,2.1255452027026653e-07,0.14846932464011608,0.04454094618019901
0,6.515634589813006e-09,0.3778382835948362,0.11335148963939506
0,1.33298705729685e-08,0.19642634661566827,0.05892791331560988
0,6.531451726635177e-08,0.17735363066829224,0.05320613492064976
0,1.1295890229384133e-06,0.16817911467848756,0.05045452511586232
0,6.858705412654164e-08,0.08994499153362967,0.026983545471026788
0,6.561144266641586e-09,0.4299956376170102,0.12899869587790402
0,1.0032034205051371e-08,0.3877812888917942,0.1163343936899622
0,1.807114164688958e-09,0.23510087215296294,0.0705302629108688
0,1.7881739330463952e-08,0.18094645035593837,0.054283947623999046
0,5.258821218676543e-09,0.13039659535397297,0.03911898228736674
0,2.0240262974724284e-08,0.10012865821547356,0.03003861163282615
0,1.3436525791510577e-08,0.556076039792009,0.16682282134317075
0,2.73670690945942e-08,0.08245077012870361,0.02473525019555945
0,7.068617959783307e-10,0.22711459098661646,0.0681343777907882
0,1.5252906208417715e-09,0.1836694037612956,0.05510082219609211
0,8.907445400324157e-09,0.2505937356889195,0.07517812694188764
0,4.418093206796494e-09,0.5410415201219292,0.162312459129244
0,4.346701531711393e-08,0.20177111917793522,0.060531366180291285
0,1.9801454698290064e-09,0.17601217230036348,0.05280365307621087
0,9.644856132716345e-09,0.1434753622363839,0.04304261542231447
0,5.014541777856554e-07,0.1351395200342227,0.04054220702819126
0,1.3844298873056886e-09,0.2847219729257182,0.08541659284681638
0,2.6179141578267554e-09,0.2299594852961967,0.06898784742139892
0,8.769334667932135e-10,0.12863638721366066,0.03859091677795162
0,2.705921084953902e-09,0.22680345972915605,0.06804103981289157
0,1.4605666291938566e-09,0.43329799103008704,0.12998939833142276
0,9.497260311569296e-09,0.32798990837602415,0.09839697916088946
0,1.8882604062035946e-08,0.4532235362863437,0.13596707410372594
0,4.0399910629840357e-07,0.3333763026986466,0.10001317360896839
0,2.69034927981133e-07,0.25469585084278157,0.07640894357728406
0,3.5264462058846705e-06,0.25442521178487676,0.07633003204780714
0,9.450160253994408e-09,0.152010089175313,0.04560303336770608
0,1.6120098191261688e-09,0.22457360547061989,0.06737208276959283
0,2.169117760294453e-09,0.20734860868532834,0.06220458412398093
0,7.994083991713244e-09,0.18010806719830186,0.054032425755349354
0,6.212660656120372e-08,0.11266529983913731,0.03379963344036578
0,4.8655453407193456e-09,0.8033526581156863,0.24100580084058765
0,1.3647611567066262e-08,0.31248615181294837,0.0937458550972126
0,2.6601720026160908e-09,0.2549357105552835,0.07648071502870546
0,4.094752530142535e-09,0.7083962840568154,0.21251888808337138
0,1.3259909510747134e-09,0.24863012286845176,0.07458903778872919
0,2.927736473971e-07,0.22212133385701327,0.06663660509865715
0,1.2966045143335205e-09,0.35341883816134123,0.10602565235602553
0,3.0470673529541567e-10,0.3783632016922057,0.11350896072095643
0,2.7187747996431443e-09,0.18559224679550623,0.05567767594179423
0,5.887679155487262e-10,0.10111725920024373,0.030335178172210656
0,9.244509398112246e-08,0.09010096357632136,0.027030353784462193
0,1.1499809424754054e-06,0.15002419948155465,0.04500806483112613
0,9.854437557595013e-09,0.15966476293581489,0.04789943577885075
0,1.8541942239936256e-08,0.0851009259511869,0.025530290764715635
0,2.319055725359125e-08,0.3259289178853445,0.09777869159899343
0,5.908344990413471e-09,0.1601033050473677,0.048030995650051804
0,1.7956741977900014e-08,0.360600588776285,0.10818018920260489
0,9.956560737258983e-10,0.4471803820063709,0.1341541152988705
0,1.0066845436582609e-08,0.029320037829552836,0.008796018395657657
0,1.5193849413677337e-08,0.16126859971946084,0.04838059055153284
0,9.319891248979713e-09,0.31720509808216235,0.09516153594857257
0,1.7769228316025422e-09,0.05179437474982185,0.015538313668792537
0,4.057825946856308e-10,0.06384050688255949,0.019152152348815663
0,4.0302859841136285e-10,0.06641605332578904,0.01992481627985673
0,2.0904067456396497e-07,0.25058358922078094,0.07517522309470648
0,5.974825762821283e-07,0.16132803391183237,0.04839882841135311
0,2.0811699812037397e-06,0.2779390800660527,0.08338318083880267
0,5.168623950715283e-09,0.18136784896987335,0.05441035830899877
0,6.908781468399183e-08,0.1732348678045963,0.051970508702849166
0,1.2271168383597828e-07,0.305100005155583,0.09153008744485358
0,3.062827262985336e-09,0.1542237703367998,0.04626713324501902
0,9.465185420829584e-09,0.24920306471285114,0.07476092603948513
0,1.084351908467857e-06,0.08214976199414314,0.02464568764457887
0,1.6826504557458714e-07,0.45151519377411053,0.13545467591776506
0,1.2792754547798602e-09,0.2738500398536763,0.0821550128515957
0,4.5293381884942174e-07,0.2251415279897454,0.06754277545059681
0,7.060264831434832e-09,0.27149667521631904,0.08144900750708109
0,1.676496538731502e-08,0.5045383860020363,0.15136152753608664
0,2.7905315041016398e-08,0.22054678039676734,0.06616405365275073
0,2.8392347562109988e-08,0.0944939299483698,0.028348198859154232
0,4.271528140155098e-07,0.3078303815160983,0.0923494134617993
0,8.538643412903248e-07,0.21059170759401102,0.0631781099832422
0,4.576611744905482e-08,0.6893168545420745,0.20679508839890454
0,3.6320478339078734e-07,0.5097160300747543,0.15291506326577467
0,1.6609031924182142e-09,0.3411834682085775,0.10235504162520548
0,1.0694870735642058e-09,0.29547437900511675,0.08864231445017598
0,6.4940930097393445e-09,0.25377933454433754,0.07613380490916637
0,1.6556298028634798e-06,0.07186571227480643,0.02156087262330393
0,8.300411853367928e-10,0.16664363906794777,0.04999309230141316
0,1.5520698815893617e-08,0.2823967713021853,0.08471904225514476
0,5.8307889940584384e-08,0.14862036327389316,0.04458614979769091
0,9.591483199011796e-07,0.14028347724098622,0.0420857145761198
0,9.097186816048938e-08,0.3550840346217108,0.10652527406682094
0,7.272795006432181e-09,0.1669559887515426,0.050086801716419285
0,2.7055543430007625e-08,0.31707562174254367,0.09512270546164349
0,2.8766744235775955e-08,0.4088317677667005,0.12264955046673111
0,5.751961446181772e-09,0.20888742704376673,0.06266623213950302
0,2.7684460749474685e-09,0.2801634850852026,0.08404904746347303
0,3.4629930442948243e-07,0.06671450523426037,0.02001459397979121
0,3.589012087640844e-09,0.1380786454449805,0.041423596145802606
0,6.175645802723298e-09,0.19209643892221817,0.057628935999617506
0,1.594193882952398e-08,0.31752035921334043,0.0952561189233593
0,3.569633948196567e-09,0.20701642710076185,0.062104930628972314
0,1.6528688638825161e-09,0.7146296029073826,0.214388882029223
0,3.4804525799906043e-09,0.6058855264968755,0.18176566038537947
0,1.5288638059564974e-08,0.3435478762640988,0.10306437358127626
0,2.5976205390408774e-09,0.09700336249094255,0.02910101056561714
0,1.1422341206517191e-08,0.16522993123720042,0.04956898736679897
0,3.2376203831972834e-10,0.06522131785182572,0.019566395582181144
0,6.6694034021113e-09,0.05866695832540869,0.01760009216620499
0,4.0712092068629423e-10,0.14984275614114184,0.0449528271273272
0,1.7902823768128059e-09,0.15747158761919988,0.047241477538957626
0,4.890601560400539e-07,0.2910304971532752,0.08730949148809179
0,6.423906446601112e-09,0.5155888112224052,0.15467664786345606
0,1.270371755748619e-09,0.3855930494667893,0.11567791572929702
0,1.792882644732622e-07,0.06745645849235415,0.020237063049491376
0,1.0012307211727338e-09,0.20749919104912973,0.062249758015600426
0,5.627605898677376e-09,0.6555605067175404,0.19666815595458623
0,5.654630716147731e-08,0.11110175875690287,0.03333056720948587
0,4.264276583448552e-09,0.16350500048747774,0.04905150313123693
0,1.2906220652344905e-07,0.19310578518695343,0.05793182589963059
0,8.131271196200571e-08,0.7399986547487796,0.22199965334353225
0,6.490075402915116e-08,0.23852369396468953,0.07155715361993469
0,1.1764495433039412e-09,0.06745832572984445,0.020237498542468015
0,1.141756193662581e-08,0.04756692653630468,0.014270085953184757
0,6.919124636121072e-09,0.15034195624627233,0.04510259171726894
0,3.765612296404332e-09,0.14353724250758082,0.04306117538820285
0,1.5936815557345614e-08,0.3654943618318389,0.10964831970532256
0,6.125921919686036e-10,0.11928180937221855,0.035784543240480096
0,8.795006459238493e-10,0.19305827863089664,0.05791748420491944
0,1.484712598558486e-08,0.26178278169254954,0.07853484490075305
0,5.81442126469673e-09,0.3829181801531356,0.11487545811603557
0,3.757688617218559e-09,0.7345010254777631,0.22035031027371094
0,1.3124851529902542e-09,0.2506343560454415,0.07519030773237205
0,8.805591904886072e-09,0.46162897797238767,0.13848869955563062
0,1.5536954362356857e-06,0.2288633505867559,0.06866009276283212
0,1.5867985487205699e-09,0.17614274322285695,0.05284282407761607
0,5.388803668913161e-07,0.44258182752544084,0.13277492547388905
0,2.0257060085803862e-08,0.11690133635148914,0.0350704150853888
0,1.0934989943569125e-09,0.13089817544091709,0.03926945339772442
0,4.978799887947686e-09,0.181081868745115,0.05432456410869443
0,7.686761537297235e-08,0.07659892444099925,0.022979731139630536
0,2.120865290388908e-08,0.2758730705128205,0.08276193599990318
0,1.5735082435453616e-07,0.060723302207323804,0.018217100807774188
0,2.33636740662749e-07,0.21599454656148398,0.06479852751416366
0,8.663995081916201e-09,0.3970931516487297,0.11912795155941547
0,2.8255944466860993e-08,0.15613528553627753,0.04684060544004439
0,4.3040208472434285e-06,0.12038494547755962,0.03611849645786096
0,3.587206897162899e-08,0.15572922482171858,0.04671879255696386
0,4.320126759986911e-08,0.12176411771069351,0.03652926555409537
0,4.6104012041325637e-08,0.7405327159582822,0.22215984706029307
0,5.053455230976184e-09,0.09402893110384414,0.0282086828685719
0,6.208556363368248e-08,0.1184240791422313,0.03552726720256393
0,6.377320124271105e-09,0.09060547125491047,0.027181645840597228
0,1.8993975104555004e-09,0.23582285936113045,0.07074685913791738
0,1.927898139820956e-07,0.1403106218179455,0.04209332149825344
0,3.755738099322719e-09,0.15059925916700834,0.04517978037911917
0,8.684183461615954e-08,0.14917887993966283,0.04475372477118308
0,5.899382813556219e-09,0.3679820218003278,0.1103946106696663
0,3.0383607818478156e-08,0.23676892633210966,0.07103069916815836
0,5.401007297854763e-09,0.4213864248983501,0.12641593125021014
0,1.1516335455313399e-07,0.1328439164026013,0.03985325553512858
0,2.0498096053153735e-09,0.16496786050510082,0.04949035958639697
0,3.4399407930674004e-09,0.14452687302652556,0.04335806431591622
0,2.827557049197392e-08,0.21376654997174083,0.0641299847844216
0,1.227852886630762e-05,0.18597137247889106,0.05580000671387373
0,1.2405113859684993e-08,0.12459537835125933,0.0373786221889575
0,1.8435349916498047e-09,0.21709033164955227,0.06512710078534018
0,9.532683313760654e-10,0.7513049792553068,0.22539149444387988
0,2.3800080447606327e-07,0.04454025419091112,0.01336224285783647
0,5.335015802591151e-09,0.556314188890833,0.16689426040176095
0,6.164471179973421e-10,0.110225459135878,0.033067638172276384
0,3.410439767476296e-08,0.3166559029481536,0.09499679475752446
0,7.459124214361223e-09,0.1218626288880792,0.036558793887810706
0,5.4999096388707065e-09,0.07683354507358309,0.023050067372011672
0,6.417379819888518e-06,0.37466789450919613,0.11240486051863276
0,1.3265616179636975e-08,0.40394165092723266,0.12118250456410112
0,3.550967848455368e-08,0.30942842353980926,0.09282855191871772
1,0.999999474824083,0.12194614393625391,0.7365834755577342
0,2.570001388369819e-08,0.012197634561484927,0.0036593083584551965
0,2.867984901291442e-09,0.12804284391524035,0.03841285518216153
0,8.718720803315982e-09,0.21220321123120767,0.06366096947246686
0,2.3451494178666818e-08,0.6609779931925541,0.19829341437381215
0,2.438595553143661e-09,0.6694315600974352,0.20082946973624743
0,2.835959094113041e-09,0.10130321576122259,0.030390966713538144
0,1.6485049456521878e-08,0.5486379332880653,0.16459139152595423
1,0.9999993830260051,0.21086606772110872,0.7632593884345361
0,8.39745867792497e-09,0.1533937485020852,0.046018130428846636
0,1.8815499452098228e-08,0.054007222957571877,0.016202180058121178
0,1.4062680944553971e-09,0.13896748320648677,0.0416902459463337
0,2.5862124986388787e-09,0.09236236340945525,0.027708710833185324
0,1.4357209945569144e-09,0.6130600655583316,0.18391802067250415
0,4.298807592876302e-09,0.1490727930622674,0.04472184092784553
0,1.44485274265176e-09,0.03506938635625578,0.010520816918273654
0,1.2611608543068334e-09,0.09254378640053529,0.027763136802973182
0,4.6696201438051286e-08,0.23384535109646254,0.07015363801627976
0,4.778349922740884e-07,0.09894701007717732,0.029684437507647786
0,1.3318758244467315e-08,0.17660916962156203,0.05298276020959938
0,1.9305972452379873e-09,0.05635286012441931,0.016905859388743866
0,2.320518538492116e-09,0.13785200633754002,0.041355603525624986
0,1.0149077745051092e-08,0.09411717914565154,0.028235160848049883
0,3.463009746337651e-07,0.24937617047104477,0.07481309355199568
0,8.796296968749274e-09,0.10838175094900115,0.03251453144210822
1,0.999999911508127,0.18451416282624478,0.7553541869035623
0,1.1376412245535224e-09,0.22359728748581864,0.06707918704209445
0,1.051431589847013e-09,0.24990957773140754,0.07497287405542437
0,2.3737668619622153e-09,0.16431256593870025,0.04929377144324688
0,7.302380550921504e-10,0.15874210695343716,0.04762263259719778
0,1.2642956906601709e-07,0.41222787069203204,0.12366844970830795
0,3.1286199583710292e-09,0.71692931050238,0.21507879534074795
0,3.3200971684731525e-09,0.23436110473573302,0.07030833374478793
0,3.587631003645079e-09,0.5680482148461994,0.1704144669652015
0,3.4567099924889673e-09,0.08690818667599565,0.026072458422495687
0,1.3494887906551883e-08,0.12621841720809246,0.03786553460884927
0,2.4299901383493e-09,0.25747135133950605,0.07724140710284491
0,7.707185205604222e-08,0.25645795890965695,0.07693744162319352
0,4.153676096715883e-09,0.1318613523342489,0.039558408607847935
0,6.423293582147515e-10,0.20922455369494308,0.06276736655811348
0,2.4127828808003265e-08,0.3655711929442219,0.10967137477274673
0,1.408223980917213e-08,0.42234725093401104,0.12670418513777118
0,1.3806172162611477e-07,0.2719910781260635,0.08159742008102418
0,1.071854075601634e-09,0.21933485716706325,0.06580045790041682
0,5.3669068730821995e-06,0.2201561471980581,0.06605060099422859
0,4.3801730071321474e-10,0.04512778181038857,0.01353833484972868
0,5.430455454880003e-08,0.3612322717437,0.10836971953629818
0,2.730111347910261e-09,0.1198674424764945,0.03596023465402629
0,1.6263093071025168e-06,0.21535740730170339,0.06460836060702599
0,1.0028625651531202e-09,0.28929299652770746,0.08678789966031604
0,2.7989851869991868e-09,0.32212641047645285,0.09663792510222549
0,2.9222272165124507e-07,0.5693543320364894,0.17080650416685197
0,2.118508035958162e-08,0.3939623560358355,0.1181887216403069
0,1.9299363273000846e-08,0.29824176403324654,0.08947254271952826
0,1.109274606694247e-09,0.1840955526981105,0.05522866658592537
0,8.546680779773688e-09,0.4787405435287816,0.14362216904131103
0,4.839138875357232e-09,0.6659059293792317,0.1997717822011667
0,4.575672794245289e-09,0.1865831490182741,0.05597494790845319
0,3.4370064682100805e-09,0.1198692381534262,0.035960773851932394
0,5.1288389222831785e-09,0.25673480441895724,0.07702044491587441
0,1.2896818699345953e-08,0.05306317052712395,0.015918960185910273
1,0.9999997232995923,0.355106080511695,0.8065316304632231
0,1.697311854219788e-09,0.10737390708341876,0.032212173313143924
0,1.5908191353668933e-09,0.0820187505110459,0.024605626266887164
0,2.1919414594914572e-08,0.12556996603089077,0.03767100515285745
0,7.535645288046277e-10,0.06778043338546136,0.020334130543133575
0,1.3021689060618145e-08,0.18269065285351904,0.054807204971238054
0,2.3169682840492772e-07,0.22261316782267682,0.06678411253458293
0,4.4142957821955164e-08,0.18826665382605767,0.05648002704788777
0,9.211323003216541e-10,0.26885915662816007,0.08065774763324063
0,4.219832377118821e-09,0.30507850558337446,0.091523554628895
0,1.0559932561226411e-07,0.35464730316643434,0.10639426486945823
0,5.546852442275681e-10,0.6308278638990779,0.189248359558003
0,2.393108385474208e-09,0.6883116617344935,0.20649350019552393
0,1.3198906079888767e-08,0.1866301433724925,0.055989052250982004
0,1.5981726594403292e-08,0.15313124503029396,0.045939384696296805
0,2.486469663003768e-09,0.4039944866650962,0.12119834774005761
0,8.529000164988776e-09,0.154088351569441,0.04622651144113241
0,4.424759096191405e-07,0.21069964540155917,0.06321020335360449
0,2.799697857574506e-09,0.2556319421765614,0.0766895846127569
0,6.6109563657172586e-09,0.13432787513575484,0.0402983671683959
0,2.8794255494251207e-09,0.4711863685247708,0.14135591257302912
0,2.4771414223774975e-09,0.20470315180515186,0.061410947275544546
0,1.3890030217133835e-09,0.22240046653496193,0.06672014093279069
0,1.7939921394915703e-09,0.14930203946565634,0.0447906130954914
0,1.2702487398015776e-06,0.5348066668947153,0.16044288924253247
0,1.8711764010505254e-09,0.13955512462124742,0.041866538696197705
0,2.4249001076218694e-09,0.23826816964423436,0.07148045259070038
0,9.329799403883562e-09,0.10769894757036036,0.03230969080196769
0,3.0663665756854024e-09,0.562331653982655,0.1686994983412531
0,3.290210620318494e-08,0.26387918756507167,0.07916377930099584
0,1.6763681430789373e-09,0.11822930788957797,0.03546879354033109
0,1.0952398281361549e-08,0.10195685246048836,0.0305870634048253
0,8.282035757464429e-08,0.14634589424412225,0.043903826247486975
0,4.607319419998172e-09,0.0889189507792878,0.026675688458909934
0,5.390549130821021e-08,0.1751403234229295,0.05254213476072277
0,8.657762236959502e-10,0.1908310243164496,0.057249307900978236
0,1.492280383323518e-08,0.5444193773805602,0.16332582366013074
0,5.164572517993974e-09,0.15701256605162517,0.04710377343068831
0,1.0192198443595578e-06,0.14565666096065466,0.04369771174208745
0,2.7580943254329666e-07,0.42224840895933846,0.1266747157544043
0,4.3663098036120215e-08,0.4669362596221902,0.14008090845082566
0,5.480415575929608e-09,0.6369337257701826,0.19108012156734566
0,4.059841902152872e-06,0.22919946550645276,0.06876268154126733
0,1.0410217351784327e-09,0.05255014014819481,0.015765042773173657
0,3.823806365168087e-09,0.2102377849883329,0.06307133817316432
0,5.083468102464927e-10,0.2196880159700043,0.06590640514684407
0,5.934489850667777e-09,0.4583032041627775,0.13749096540297612
0,1.015641078500586e-09,0.6948570661005196,0.2084571205411046
0,1.3956048274058924e-08,0.14746947115240605,0.044240851114955605
0,8.460104784342061e-10,0.24719107531633744,0.07415732318710856
0,1.0591432146150379e-09,0.23878831146629176,0.07163649418128777
0,3.7710794580725565e-09,0.44214110628527725,0.13264233452533877
0,1.9340888727941725e-08,0.057095537740163294,0.017128674860671097
0,1.465037708951926e-08,0.1813866736468116,0.054416012349307444
0,3.612553541748944e-09,0.2730107116650532,0.08190321602830344
0,1.3297779757711085e-06,0.33692639402708535,0.10107884905270864
0,5.5236655536437076e-08,0.37780323385034653,0.11334100882076283
0,3.805793003695506e-09,0.06744406619025123,0.02023322252113047
0,1.9491024527018688e-05,0.08270342476803394,0.024824671147579094
0,2.048076427479526e-08,0.6603385453870718,0.19810157795265654
0,2.9999399141431415e-07,0.1563540940883147,0.0469064382222884
0,1.0903457529447669e-07,0.3280407912594976,0.09841231370205199
0,4.306392732726195e-09,0.4989126885183519,0.1496738095699805
0,1.9651282243030334e-09,0.11753634717232475,0.03526090552728718
0,6.253544682382957e-08,0.43157236635914176,0.12947175368255529
0,5.768788372077356e-08,0.13886570810846788,0.04165975281405896
0,1.6060489010934024e-09,0.16113604419399963,0.04834081438243412
0,2.65266038554294e-08,0.2778109912680953,0.08334331594905127
0,2.245853013815126e-09,0.4276574142333899,0.1282972258421141
0,4.970947208110468e-07,0.09945315742038707,0.02983629519242069
0,8.697979647509873e-09,0.26488217046852036,0.07946465722914185
0,1.6304087723548017e-08,0.041949346337049165,0.012584815313976155
0,1.0641094249865919e-07,0.20678460805899457,0.06203545690535812
0,7.804924510224734e-10,0.3206144930521393,0.09618434846198651
0,5.498978212013263e-09,0.10933939185959507,0.03280182140716326
0,4.2416464334617954e-08,0.05857382810263567,0.017572178122315735
0,8.874668730132293e-10,0.22122054569871064,0.06636616433084
0,1.275508737209051e-07,0.22045356718722575,0.06613615944177932
0,9.771001869822688e-10,0.32370503615846824,0.0971115115315106
0,2.877533563875198e-09,0.36091655042747506,0.10827496714251601
0,2.2071973907761638e-08,0.7116321883576008,0.21348967195766194
0,1.0235051229112126e-09,0.34737484844786537,0.1042124552508132
0,9.80943468191544e-10,0.6085615722604366,0.1825684723647914
0,5.734081104105801e-09,0.25094263970985675,0.07528279592681379
0,4.2984151025798237e-10,0.1649999393757512,0.049499982113614414
0,1.566207204135287e-08,0.3122598260341387,0.09367795877369203
0,5.987646009308662e-08,0.1824860903918819,0.054745869031086636
0,7.215791756393732e-09,0.08279220723157987,0.024837667220528194
0,3.91790237282747e-07,0.21880134031073517,0.06564067634638664
0,1.4816008525027403e-08,0.37830889966238657,0.11349268026992193
0,8.48081951569694e-09,0.3819403730657934,0.11458211785631169
0,1.3682382622713871e-08,0.05016122749084462,0.01504837782492122
0,1.9425430514590857e-09,0.8020349125645003,0.24061047512913022
0,2.3757968251871896e-09,0.12505255094504086,0.03751576694657003
0,1.5781996126162402e-09,0.06925554279703261,0.020776663943849513
0,1.0168471039613862e-08,0.17283603424593175,0.05185081739170925
0,1.0135601324329743e-08,0.15050255357694908,0.04515077316800565
0,3.914467343132293e-10,0.18611912621158644,0.05583573813748865
0,4.823441778225339e-08,0.3258812666583958,0.09776441376161119
0,4.028536182346033e-08,0.38041572230364695,0.11412474489084737
0,3.5299522459726034e-06,0.37746952127080113,0.1132433273478125
0,1.0322809986802472e-09,0.04798407356131873,0.014395222790992318
0,4.182292533629678e-10,0.21994854469505642,0.06598456370127741
0,4.594293946175206e-09,0.23563396174622564,0.07069019173987345
0,1.0195350609228477e-09,0.23397308176443177,0.07019192524300406
0,2.705929133606324e-09,0.07529173308697246,0.022587521820242127
0,1.6931541868407663e-08,0.136214816990062,0.040864456949097905
0,3.873780776786487e-09,0.4177979068921216,0.12533937477928303
0,3.747894430963311e-09,0.22962327701421392,0.06888698572779028
0,1.8145374941814863e-08,0.2920341798235271,0.08761026664882059
0,1.9159101070039007e-07,0.0823333924951668,0.02470015186225753
0,1.609340943317707e-06,0.12776984622010568,0.03833208040469202
0,1.544453091725681e-07,0.6396072439269906,0.1918822812898136
0,7.755804481613836e-08,0.6236184882081893,0.18708560075308817
0,4.256574306888893e-08,0.10972796760910619,0.03291842007875201
0,5.943306885530122e-09,0.28990587127787604,0.08697176554367762
0,6.108241795033625e-09,0.10533082580407815,0.03159925201699271
0,1.909647878457744e-09,0.5682070056322576,0.17046210302643078
0,4.476705592262505e-08,0.42197899958575613,0.12659373121266598
0,3.4502234600432394e-09,0.1336647179413023,0.04009941779754711
0,2.6543943102551608e-09,0.8348110985823306,0.2504433314327752
0,5.531657423250908e-09,0.24459485726340724,0.07337846105118236
0,5.291117117905653e-09,0.035676962453320415,0.010703092439778107
0,5.107863384891839e-09,0.1430011775999186,0.04290035685547995
0,7.35403805935268e-07,0.4302855563481123,0.12908618168709785
0,2.229012197491022e-08,0.08696561383625012,0.02608969975396042
0,4.839184572795801e-06,0.14205120819872064,0.04261874988881715
1,0.9999995297814348,0.08118904153772222,0.724356383308321
0,3.785916535849614e-09,0.05502720482789569,0.016508164098510282
0,7.783215572434134e-07,0.11242811846902645,0.033728980365798
0,1.3593362550636097e-08,0.16033318640487826,0.04809996543681726
0,1.2187545049614303e-08,0.09491131088743199,0.02847340179751113
0,1.220840335325139e-09,0.14956570017686321,0.044869710907647194
0,7.341551339635073e-10,0.24843459849792582,0.07453038006328634
0,4.063593229812194e-09,0.05404503280014894,0.016213512684559943
0,2.556722020934956e-08,0.10849079546167972,0.03254725653555806
0,2.574367019052874e-09,0.1824851558644458,0.054745548561390654
0,8.861293599668226e-09,0.23339108010442822,0.07001733023423398
0,4.5824678318642896e-09,0.1771154815742394,0.0531346476799993
0,9.965734266034824e-09,0.2776110555794675,0.08328332364985425
0,3.6048982371582357e-09,0.38547706023960315,0.1156431205953097
0,2.3754285140602277e-09,0.32271989970813975,0.09681597157524187
0,2.5071251095001316e-09,0.18452926816416604,0.055358782204237386
0,4.928081779934638e-09,0.21833453528325797,0.06550036403463463
0,2.900526950624717e-08,0.19529466667005113,0.05858842030470399
0,2.0094114687927785e-08,0.32822019177205997,0.09846607159749826
0,7.128517424543684e-08,0.10548323295988471,0.03164501978758738
0,2.165511723903154e-09,0.10730803799689226,0.03219241291492589
0,6.322384024630069e-08,0.19285148976006716,0.05785549118470832
0,1.3461820882832837e-05,0.056692459046575716,0.017017160988590695
0,4.965881607341463e-08,0.6877964391459793,0.20633896650496503
0,3.242740782792693e-09,0.5158683999248899,0.1547605222473855
0,1.5210828229230473e-08,0.04774399913039307,0.01432321038669768
0,1.7533008459597027e-09,0.19286502525478977,0.057859508803747524
0,1.3891336484845095e-08,0.1563854227703364,0.04691563655503646
0,3.594799955827368e-08,0.3154065129697615,0.09462197905452814
0,1.6945880721714683e-09,0.26142658404382835,0.07842797639936015
0,4.029118643435098e-09,0.2107278163456754,0.06321834772408566
0,3.185218219339936e-08,0.28992711204392807,0.08697815590970596
0,5.054575078152115e-07,0.12518240687510063,0.03755507588278566
0,1.3489736615620233e-08,0.19331865109199597,0.057995604770414426
0,6.6299621157921575e-09,0.36219880288783746,0.10865964550732471
0,1.740805748370289e-09,0.35591182838960067,0.10677354973544423
0,6.213023762386956e-08,0.6258889241240522,0.187766720728382
0,3.840566108982379e-07,0.23115362577805632,0.06934635657304453
0,3.7896624042754785e-09,0.1399594963313764,0.041987851552176596
0,3.8246393661324216e-08,0.31556430370772914,0.09466931788479431
0,6.264033672589636e-08,0.5262035377260046,0.15786110516603707
0,4.478543505972329e-09,0.1962946674580368,0.0588884033723915
0,1.1639500401357645e-08,0.18923578465912705,0.05677074354538839
0,1.5489917536541657e-08,0.19446969029670036,0.058340917931952375
0,2.0245520341280103e-08,0.12744332056819452,0.03823301034232259
0,5.972606566710264e-10,0.4776255064866608,0.1432876523640807
0,2.4588054854870218e-09,0.5020816836907844,0.15062450682839917
0,5.161587190793257e-09,0.17266718352911115,0.05180015867184438
0,2.3860887965172057e-09,0.17638868230396865,0.05291660636145275
0,6.548464370364002e-09,0.20202625473091862,0.060607881003200643
0,1.0812189897232393e-08,0.27100034914592186,0.08130011231230948
0,8.975053246263535e-09,0.3846388878223993,0.11539167262925705
0,2.6145580599894654e-08,0.23318177300276366,0.06995455020273551
0,2.0472811189404266e-08,0.3432219452249553,0.10296659789845442
0,2.0563884246079721e-07,0.16282573709380932,0.048847865075332515
0,3.1862423428615784e-07,0.08058940111403756,0.02417704337117527
0,1.9183822430238545e-09,0.18940124055109764,0.05682037350819685
0,3.6771564156326515e-08,0.20607334154757717,0.06182202820436806
0,2.8390459552484163e-09,0.14649682299666156,0.04394904888633063
0,8.37706815698001e-06,0.15179382340361602,0.04554401096879469
0,2.584876439177692e-09,0.06748772967065542,0.02024632071061013
0,2.5340019093514138e-08,0.5590495039540702,0.1677148689242344
0,7.49040885996978e-08,0.1862111530892676,0.0558633983596423
0,9.97345118603427e-09,0.09502345762179898,0.028507044267955525
0,2.1421470330861347e-08,0.11175822373893829,0.033527482116710715
0,6.37313301865601e-09,0.3223360421111853,0.09670081709454868
0,1.0738296581744556e-08,0.458989925853599,0.13769698527288732
0,9.536001541447707e-08,0.20743849645279577,0.06223161568784952
0,1.707741968543558e-07,0.24676753732100232,0.07403038073823849
0,3.211585991421262e-09,0.41206546074446904,0.12361964047145091
0,1.1098241319599416e-09,0.21626023750541834,0.06487807202850239
0,7.679798546599642e-08,0.21610606962848644,0.06483187464713576
0,7.88317241673078e-10,0.4094698880769416,0.12284096697490456
0,4.039330876304258e-10,0.21460326507310834,0.06438097980468567
0,1.0393812321604753e-08,0.28394165928383064,0.08518250506081781
0,3.4639209157074895e-08,0.33448321403466574,0.10034498845784613
0,1.9784004114785863e-08,0.3362931550241438,0.10088796035604602
0,6.209781388173244e-09,0.1489276893577055,0.04467831115415862
0,1.508728824697483e-07,0.39491865613727306,0.11847570245219964
0,1.7097131644529703e-08,0.1138627360547837,0.03415883278442726
0,6.105466032874252e-08,0.6068590835414311,0.18205776780069158
0,1.0614826679502878e-08,0.27503008188386113,0.08250903199553701
0,8.776040325753655e-10,0.02978027140867301,0.008934082036924727
0,4.8980487048742874e-08,0.40392133675277075,0.12117643531217215
0,1.3367706181365308e-09,0.159397004614786,0.04781910232017523
0,4.849566393414808e-09,0.795590820978705,0.23867724968830797
0,1.604672961734203e-09,0.6131019320398492,0.1839305807352258
0,6.052840893324583e-10,0.3950140260023588,0.11850420822440651
0,8.790715384031486e-07,0.23331163305268265,0.06999410526588168
0,2.620267833980502e-06,0.05935787886633914,0.01780919784738553
0,4.531576531955077e-08,0.23696847424914536,0.07109057399577934
0,1.727827883410861e-07,0.22704086404065293,0.06811238016014771
0,1.681085158798458e-07,0.17706259708458327,0.053118896801336093
0,6.747241439307125e-08,0.4791254128744272,0.14373767109301824
0,1.797716031596249e-08,0.38118683239509943,0.11435606230254204
0,6.03249826293403e-10,0.11404880157088293,0.03421464089353976
0,2.751965862735319e-07,0.2171779903940364,0.0651535897558213
0,2.99763947740441e-07,0.1767345666810518,0.05302057983907896
0,4.976029112887176e-09,0.07279285035970007,0.0218378585911304
0,1.4953384570552666e-08,0.2888478448211016,0.08665436391369967
0,3.1209351184615528e-09,0.3662044103229626,0.10986132528154335
0,2.0866296564793113e-09,0.10701470329891638,0.03210441245031567
0,1.7147687153396385e-08,0.3339376858299441,0.10018131775236423
0,3.064451723184674e-09,0.18879110203853755,0.05663733275667747
0,2.017778694281272e-06,0.5045029745699698,0.15135230481607695
0,5.51569393272624e-07,0.15012887388904583,0.04503904826528904
0,2.747577173931985e-09,0.07409421214195688,0.022228265565891088
0,1.4574588016663827e-08,0.480034318335019,0.14401030570271728
0,1.733146682436866e-06,0.13299551675751442,0.03989986822993203
0,4.1647179117264e-09,0.06542597660146787,0.0196277958957429
0,8.842689398073595e-10,0.16725788134207453,0.05017736502161062
0,4.439909448498717e-07,0.3869348962171504,0.1160807796588065
0,1.0049195706167492e-09,0.13995403398223039,0.041986210898112816
0,1.781426884946396e-08,0.18200376022098397,0.054601140536283385
0,1.715366468331981e-08,0.35164866842935105,0.10549461253637059
0,8.561266180057336e-09,0.3020232459727208,0.09060697978470256
0,1.4455275904562506e-09,0.3850189145437083,0.1155056753749818
0,1.3150840801130528e-06,0.12285175125663994,0.03685644593584806
0,1.590877468572329e-06,0.05961128003167826,0.01788449762373148
0,2.9011045938585184e-08,0.4637091963690205,0.13911277921843831
0,2.1999810700430325e-09,0.12744357447336452,0.0382330738819961
0,3.81021478988719e-06,0.142648441637222,0.042797199641519526
0,1.9022827251939033e-08,0.26905125579096,0.08071539005326708
0,1.7387742943423428e-07,0.11758899755900232,0.035276820981901304
0,4.135998878331638e-08,0.1836464442741158,0.05509396223422689
0,1.0016194562870608e-09,0.18223608347646547,0.054670825744073254
0,1.0769091612291766e-08,0.11084459124144419,0.033253384910797386
0,5.790777015920212e-09,0.10744432048341879,0.03223330019856954
0,1.7472398650985713e-07,0.1555033701726315,0.04665113335858
0,2.6744921831654044e-09,0.3577533716031257,0.10732601335308223
0,6.590601064362253e-10,0.10144798482143547,0.030434395907772714
0,1.6605493139330532e-09,0.10859899866435263,0.03257970076169031
0,1.4397582704292664e-09,0.16663888444469865,0.04999166634124039
0,2.2801631153989174e-09,0.22565741461194377,0.06769722597969731
0,4.17041958053816e-09,0.4430811200818119,0.13292433894383726
0,9.201270401876533e-08,0.11911138700610513,0.03573348051072436
0,5.270767223643937e-10,0.23688575830193936,0.07106572785953551
0,1.7627022272118251e-09,0.07667288532849137,0.023001866832438968
0,5.469729831227712e-09,0.12892639214108625,0.03867792147113675
0,2.2753202009055837e-09,0.14448839718258166,0.04334652074749864
1,0.9999999571394663,0.3167138815943449,0.7950141344759298
0,1.964564459138047e-09,0.2672483275046502,0.08017449962659019
0,4.922227886686306e-09,0.1641312326192137,0.04923937323132362
0,2.233984816977253e-09,0.1363323425020131,0.0408997043143933
0,5.80954510521066e-09,0.298194159347552,0.08945825187094718
0,3.0636690111316047e-07,0.48045304713486503,0.14413612859729028
0,3.7386758089647735e-08,0.12296653490774312,0.0368899866430536
0,1.9799123910529044e-07,0.4390809123773617,0.13172441230707588
0,3.423623210712001e-08,0.11325902454535819,0.033977731328969925
0,8.559472895685501e-07,0.27770421888321883,0.08331186482806835
0,3.958553710100469e-09,0.384220130843795,0.11526604202412609
0,8.227933172575715e-08,0.19717153260017706,0.05915151737558532
0,2.222721715374408e-09,0.400095512430672,0.12002865528510678
0,1.9334659766860645e-08,0.33657500171014965,0.10097251404730673
0,2.816673403769201e-07,0.15629084613015476,0.04688745100618469
0,9.516879101510888e-09,0.12592657937303042,0.03777798047372449
0,1.719513685526411e-08,0.14236043503841456,0.042708142548120165
0,4.5415283262066714e-08,0.3988224604341023,0.11964676992092897
0,4.8272235856155816e-09,0.2297718520968437,0.06893155900810961
0,3.3279848651319945e-08,0.12577618848110173,0.03773287984022457
0,2.4990567867080526e-09,0.6731968224188726,0.2019590484750015
0,1.2512384973007618e-08,0.30703717539617603,0.09211116137752229
0,7.784454700505713e-10,0.16064458286558836,0.04819337540458834
0,5.056698086495255e-10,0.25317625358801077,0.0759528764303721
0,4.876857892623545e-09,0.6758013559038478,0.20274041018495487
0,4.508396492838894e-09,0.3619299431576748,0.10857898610317998
0,6.63859805850527e-09,0.13192080816497853,0.039576247096512196
0,2.5983527260002376e-08,0.17214721207965644,0.05164418181236602
0,4.743571003281706e-06,0.2944534074446036,0.08833934273308336
0,4.962688392883002e-08,0.671962848855619,0.20158888939550443
0,6.507237044285999e-08,0.2731775728738758,0.08195331741282205
0,2.1830277863896762e-07,0.10154635362060327,0.030464058898126024
0,3.4037197244823543e-09,0.15479799950373785,0.04643940223372516
0,1.0025996647963057e-08,0.10067687173225881,0.030203068537875296
0,4.288042578500288e-08,0.3178428945612527,0.09535289838467385
0,1.6220875492801407e-09,0.5328146959932044,0.1598444099334226
0,2.2121484561793303e-09,0.26695120264464467,0.08008536234189732
0,1.3000870172931151e-09,0.09819742250263386,0.02945922766085107
0,1.3182643830064517e-08,0.017809041822822502,0.005342721774697431
0,3.023386218749164e-08,0.3989393588451181,0.11968182881723895
0,3.758345301309396e-08,0.03446865048931491,0.010340621455211583
0,5.83343917083872e-09,0.3103418763224248,0.09310256698013486
0,5.593263564959664e-08,0.6171469026209643,0.18514410993913424
0,4.483228050647772e-10,0.20711712040402064,0.06213513643503216
0,7.390353541291216e-10,0.5614112077646277,0.16842336284671305
0,2.89606205739486e-06,0.1397794819641418,0.04193587183268272
0,2.71573267019216e-09,0.1851069702468553,0.055532092975069454
0,7.618928020750934e-07,0.3560112117359884,0.10680389684575797
0,9.06849506821197e-07,0.2206783837007794,0.0662041499048886
0,1.8650258661261876e-09,0.2871338760218006,0.0861401641120583
0,4.955259475658562e-08,0.44525963515799283,0.1335779252342142
0,4.899609920936205e-06,0.05270418130064569,0.015814684117138364
0,2.782777600201521e-09,0.04499945247772352,0.013499837691261377
0,2.430024602309266e-09,0.11635825732744642,0.03490747889925115
0,9.846532343926051e-10,0.15380423182212577,0.04614127023589499
0,4.060920576105108e-09,0.3601130449892217,0.10803391633941091
0,2.4397303407075973e-07,0.37633721034811896,0.11290133388555953
0,3.1982443490389824e-07,0.31053198335011456,0.0931598188821388
0,3.335623376377575e-09,0.16455583988536415,0.04936675430054561
0,2.730934285773187e-08,0.3877932417885117,0.11633799165309351
0,2.484132180424718e-08,0.19652038388600113,0.0589561325547256
0,6.861566621406424e-09,0.21704550937706335,0.06511365761621563
0,1.0519928251274762e-08,0.49308786814617156,0.14792636780780125
0,2.4121585830525185e-09,0.21569309648881352,0.06470793063515506
0,8.071842623973262e-10,0.17796075942832812,0.053388228393527415
0,1.1817012676013223e-08,0.26543189421487035,0.07962957653636998
0,4.8214727922931044e-08,0.1052579349478251,0.03157741423465708
0,6.511590256673789e-09,0.14977316109847427,0.04493195288765546
0,1.1902124905914108e-08,0.5210776271985884,0.15632329649106397
0,3.2989326350998905e-09,0.5437178558902837,0.16311535907633792
0,1.374043669282327e-08,0.8715469320017679,0.26146408921883607
0,1.439058725728155e-09,0.43107119003804617,0.12932135801875494
0,1.1063022354474864e-08,0.1467238916592427,0.04401717524188846
0,1.0516596316591871e-08,0.1990991599833053,0.05972975535660901
0,2.1187576178139156e-08,0.1289183687519746,0.038675525456895704
0,3.0420503567460094e-09,0.09102371021375788,0.027307115193562614
0,5.398410835830921e-09,0.13340216014175055,0.04002065182141275
0,2.272274023692924e-09,0.21615412734771855,0.06484623979490738
0,9.384508962385222e-09,0.3925432618774528,0.11776298513239211
0,1.8543693051766776e-06,0.09323581175870799,0.02797204158612602
0,9.249959606792386e-09,0.3449638626987388,0.10348916528459336
0,8.284101864772751e-10,0.23675668299495445,0.07102700547837346
0,5.417643230288868e-08,0.1863235837839612,0.05589711305869097
0,1.1868915559205265e-09,0.2382904467133793,0.07148713484483787
0,8.272713555638976e-09,0.19333155909528965,0.05799947351948638
0,3.502947074599729e-08,0.04560984689722336,0.01368297858979653
0,1.929659645632488e-08,0.18383940049336323,0.05515183365562648
0,8.413347245427018e-09,0.46129160142934567,0.13838748631814676
0,1.247897369717177e-09,0.2286892928315578,0.0686067887229955
0,3.726171651408003e-08,0.17419717570780824,0.05225917879554403
0,2.40351005090254e-07,0.5599866652825912,0.16799616783048094
0,9.683988129833012e-08,0.3921495117117405,0.11764492130143905
0,9.231036182895719e-10,0.11458248028106788,0.034374744730492894
0,5.270929378001134e-07,0.10144903704688779,0.030435080079122795
0,2.0948859005197977e-09,0.15333418748497873,0.04600025771191375
0,2.2939998355541496e-07,0.21559965212850718,0.06468005621854064
1,0.9999998638722097,0.13647799021727258,0.7409433017757285
0,1.8375603979114514e-09,0.409982169427369,0.12299465211450297
0,2.7436649709120393e-08,0.14591733625118786,0.04377522008101115
0,5.36654629211482e-09,0.3270774387513993,0.09812323538200218
0,1.3804437045971265e-08,0.3247913223609088,0.09743740637137856
0,9.222831633184218e-08,0.38571044595662063,0.11571319834680761
0,2.3661134381461788e-06,0.10476581481757241,0.03143140072467843
0,1.4443469167264433e-08,0.2952032571842933,0.0885609872657164
0,9.739937271940674e-08,0.3499094655601933,0.1049729078476189
0,3.0302652180111132e-09,0.17325162593813836,0.05197548990262716
0,2.4392446982419958e-08,0.2922473915847732,0.08767423455014485
0,2.615067854960268e-08,0.18905717962983914,0.05671717219442672
0,2.5035155131470646e-09,0.15896128227177198,0.047688386433992445
0,2.596248787034077e-09,0.29339938498849627,0.08801981731392303
0,3.4816822658869776e-08,0.16210444022134385,0.048631356438179014
0,6.772705908746417e-10,0.2985487085061338,0.08956461302592955
0,9.065094191542608e-09,0.3032367406309957,0.09097102853486465
0,3.717954918502801e-08,0.2638786315719339,0.0791636154972646
0,6.229161408161172e-07,0.45044114403852764,0.13513277925285685
0,5.356059678787027e-09,0.2691101593118106,0.08073305154278496
0,6.875623031888948e-10,0.12316885554655121,0.03695065714525897
0,1.4670547386471565e-09,0.3490571773828851,0.10471715424180385
0,1.7583160087263689e-06,0.11873646597137222,0.03562217061261777
0,8.752989332082447e-09,0.1075018730115922,0.03225056803057019
0,2.105645948152955e-07,0.8746191415696243,0.2623858898661036
0,2.103325848560911e-08,0.4437764652369155,0.13313295429435557
0,6.694149359372539e-10,0.08908801743323413,0.026726405698560694
0,6.841743564096149e-10,0.3215398044798815,0.0964619418228865
0,4.048925045461514e-09,0.17894180625953326,0.05368254471210751
0,1.4608794666879153e-08,0.5696856151217755,0.1709056947626889
0,3.892988069464222e-09,0.2843650411657206,0.08530951507480783
0,2.0828686546924952e-08,0.1843783876410492,0.055313530872395336
0,1.4370188845665881e-09,0.17960677065131192,0.053882032201306794
0,2.0743964600292564e-06,0.1472561440966833,0.04417829530652701
0,2.6566242528789246e-06,0.07387983928894304,0.022165811423659927
0,2.5278131516825064e-09,0.27883543068285,0.08365063097432421
0,1.1913177666630483e-09,0.6517032636404746,0.1955109799260648
0,7.556475942043166e-10,0.2731010396586101,0.08193031242653634
0,7.083138259738092e-09,0.6844356194115366,0.20533069078165775
0,2.465821942338645e-07,0.44395642393485646,0.1331870997879929
0,1.2143035211085914e-08,0.22977458553083685,0.06893238415937569
0,1.1028375988151258e-08,0.07696825828876241,0.023090485206491918
0,9.808727175911383e-09,0.4382495544641575,0.13147487320535625
0,8.015181174929703e-10,0.2445131570015726,0.07335394766153447
0,2.9082385260068793e-08,0.04655003948882197,0.013965032204316273
0,1.959346686352209e-09,0.22276858516456133,0.06683057692091109
0,7.895894248240582e-09,0.05731945473256128,0.017195841946894354
0,3.5395558947833044e-08,0.753637611273966,0.22609130815908104
0,4.976086333149427e-10,0.07570234828230249,0.02271070483301679
0,4.943746217143379e-07,0.1143817731325465,0.03431487800199915
0,1.949024660285766e-07,0.056848995721168416,0.017054835148076743
0,1.9103087289604542e-07,0.11667265976761454,0.035001931651895385
0,1.082626198244318e-09,0.23774965999279263,0.07132489875567612
0,3.857381866706967e-08,0.3327611429144328,0.09982836987600291
0,1.6314884239260834e-09,0.2511664114018253,0.07534992456258947
0,3.129287449006644e-07,0.39589876903461974,0.11876984976050735
0,1.5954643625459852e-09,0.5567562157716022,0.1670268658483057
0,1.1247810854145745e-09,0.11651655436967678,0.034954967098249794
0,1.4635665662282226e-09,0.8715442396129104,0.2614632729083697
0,2.7781225939988498e-08,0.19943483640366144,0.059830470367956586
0,3.390956462480341e-07,0.30553784553713226,0.09166159102809204
0,7.820751661433341e-07,0.12215795194290979,0.03664793303548924
0,1.586758128822185e-08,0.16131782047306387,0.048395357249226056
0,2.7882546727643524e-08,0.3249064250103503,0.0974719470208878
0,3.4719019131507723e-09,0.43953222352746535,0.13185966948857095
0,1.3658977606580311e-06,0.13909127364409823,0.04172833822166193
0,8.462571223095359e-10,0.11988667545519127,0.035966003228937365
0,3.5082430628016383e-09,0.11810623466724912,0.03543187285594488
0,1.64915938160634e-08,0.05091192748394613,0.01527358978929951
0,1.0170805105136333e-08,0.06423338214616625,0.01927002176341345
0,2.032231967025346e-08,0.22797011802730038,0.06839104963381387
0,9.899718320175488e-09,0.07274315654212771,0.021822953892441137
0,1.4716904812096464e-09,0.10726780490337573,0.03218034250119605
0,1.0365676145042775e-08,0.06722285308470644,0.02016686318138523
0,1.0380445577678406e-09,0.4160210013207887,0.12480630112286778
0,5.479256800560059e-08,0.2732045322123321,0.08196139801849722
0,1.582617737979305e-08,0.07255981912009324,0.021767956814352136
0,1.5925642959770423e-08,0.3041549788325988,0.09124650479772971
0,9.736590433923453e-09,0.14572570807762608,0.04371771923890112
0,1.268262814402699e-07,0.44535479956839064,0.13360652864891417
0,2.831732118533914e-09,0.1360574436921813,0.04081723508986688
0,3.056407426345041e-07,0.517387645099388,0.15521650747833624
0,3.699015475767798e-08,0.1885897386671158,0.056576947493243074
0,2.1707708698254909e-07,0.22874408976076033,0.06862337888218899
0,3.156128441352378e-08,0.12137564853691807,0.036412716653974504
0,8.226770505555607e-09,0.16921440787118958,0.05076432812009622
0,6.295148701168775e-10,0.16604532585515885,0.04981359819720806
0,7.095712377309733e-09,0.1016880542787999,0.03050642125063863
0,7.674174316328858e-07,0.14330145603560396,0.042990974002883334
0,1.9681863634116667e-07,0.21324495886141037,0.06397362543146855
0,9.348910714039911e-08,0.15838242146542658,0.04751479188200297
0,5.512235607109433e-10,0.20728877334017415,0.06218663238790873
0,1.9408704610758417e-08,0.1428788331341717,0.04286366352634474
0,1.745882004369901e-08,0.3101665324049938,0.09304997194267217
0,9.626034765067616e-07,0.11558459499126073,0.034676052319811766
0,7.43940381059303e-09,0.26794312370946216,0.08038294232042131
0,1.8865817595305105e-08,0.22053427492030464,0.06616029568216371
0,1.0105486972355285e-09,0.20888699711069503,0.06266609984059258
0,1.4433251236098925e-05,0.14890184255514927,0.044680656042410054
0,2.328147616322071e-08,0.4169210150673974,0.12507632081725253
0,1.8370594501392367e-09,0.3231809891095738,0.09695429801881376
0,1.1526419152587645e-07,0.17835170156245284,0.053505591153669915
0,6.910424645426098e-08,0.1865551817047184,0.05596660288438804
0,1.3682292266886066e-09,0.016617789289686158,0.0049853377446663055
0,9.564194414333132e-07,0.1904611593956338,0.05713901731229914
0,1.46006695099216e-08,0.28072115310285795,0.08421635615132603
0,4.328652371307772e-09,0.03504835911770343,0.010514510765367689
0,1.7078346298909092e-07,0.2761744268687214,0.08285244760904051
0,7.382373714007796e-10,0.10876352187648275,0.032629057079710984
0,2.762238012546709e-07,0.2132288297765167,0.06396884228961588
0,1.1967102207793681e-08,0.2151302503731769,0.06453908348892462
0,1.726277615350516e-06,0.2883032490409638,0.0864921831066199
0,3.8121423793787575e-09,0.14028995514086062,0.04208698921075785
0,1.2357790033098986e-09,0.7382717871589856,0.22148153701274098
0,4.397221476363561e-09,0.17550160133009984,0.05265048347708499
0,1.3569609132960204e-09,0.5717668499828092,0.17153005594471543
0,2.1146617356573834e-09,0.42158359474839735,0.1264750799047824
0,4.637586588085097e-09,0.158731632780288,0.047619493080397014
0,6.608969196658232e-09,0.3073038117133813,0.09219114814029282
0,6.485455077769293e-09,0.11273048951117337,0.033819151393170564
0,5.5893772343322545e-09,0.2615047785328295,0.07845143747241291
0,1.8338808314585058e-09,0.26003966291336067,0.07801190015772477
0,2.8028711157245333e-07,0.3041278004073772,0.09123853632319126
0,4.28717146358363e-09,0.05385267559758611,0.016155805680295857
0,2.4525825132581727e-09,0.2238552091492797,0.06715656446159167
0,2.9492570506350118e-09,0.47644117590566837,0.14293235483618044
0,5.468700072490014e-10,0.205963953570666,0.0617891864540088
0,1.0030388471752075e-09,0.22492831240643052,0.06747849442405635
0,2.0770094505715413e-07,0.13954731160544231,0.04186433887229423
0,8.574091153156039e-08,0.08303316587701026,0.02491000978174115
0,2.6464627968426366e-05,0.15242673225358916,0.04574654491565464
0,5.90254973207878e-07,0.029532487886260395,0.008860159544359363
0,7.118934560346413e-08,0.7859678994144316,0.2357904196568714
0,2.3346758123254043e-09,0.36327527031397855,0.10898258272846663
0,1.260245820006454e-09,0.11993633203158482,0.03598090049164752
0,9.013179454940764e-09,0.1778595174779266,0.0533578615526036
0,4.949519426608292e-07,0.14358554063957107,0.043076008658231184
0,6.196928206886977e-08,0.25128206258890895,0.07538466215517013
0,3.946928614137115e-09,0.046370982217090906,0.013911297427977302
0,1.525437372872932e-09,0.15328107044952788,0.045984322202664525
0,1.2400952093734341e-08,0.18998046655753387,0.056994148647926623
0,2.120337928890041e-08,0.6990287185144042,0.20970863039668675
0,7.877774559296035e-08,0.6115337643660665,0.18346018445424186
0,1.1282362634075388e-09,0.04372885938459492,0.01311865860514386
0,1.2370542086456941e-09,0.1870133457633706,0.056104004594949124
0,7.090987977809074e-09,0.15803240826088183,0.04740972744195613
0,1.703419201898996e-06,0.424484400154686,0.12734651243984713
0,2.441155979926781e-09,0.167945004504243,0.05038350306008208
0,1.1174661705442275e-09,0.41748808558839157,0.1252464264587438
0,2.2671776028475277e-08,0.31093962951784815,0.09328190472559766
0,7.56206668861117e-10,0.22091357558107794,0.06627407320366804
0,6.0763036277434335e-09,0.5973900581267502,0.17921702169143758
0,1.9989646378842188e-08,0.09933562830246834,0.029800702483492963
0,1.8724632891493276e-08,0.07477052503017678,0.022431170616296056
0,9.797870927563999e-08,0.2976552517313217,0.08929664410449299
0,1.1288389693743036e-09,0.07024767146657962,0.021074302230161164
0,7.945832163653336e-09,0.3434608482427276,0.1030382600349008
0,1.6855611424835645e-08,0.1328773920155759,0.039863229403600764
0,2.5036504237658382e-08,0.27116646387362864,0.08134995668764156
0,8.362778192356883e-08,0.044061573592969694,0.013218530617338254
0,5.4796137160916325e-08,0.23234214509908013,0.06970268188702004
0,7.219129859421043e-10,0.3973325064842753,0.11919975245062168
0,8.768536912383545e-10,0.34511340390035783,0.10353402178390493
0,5.695368375776749e-08,0.2466275883134217,0.07398831636160513
0,1.3323886678657699e-07,0.4267742587407898,0.1280323708894437
0,1.030997659534861e-09,0.524571837538941,0.15737155198338065
0,1.6409118282960557e-07,0.027873488910699296,0.008362161537037768
0,5.692580078005184e-09,0.4625841984500978,0.1387752635198354
0,1.0131653477224764e-08,0.4925773518654559,0.14777321265179422
0,8.036729668096667e-09,0.14844437336607552,0.04453331763553342
0,9.67242520152604e-10,0.13975148111432245,0.0419254450113665
0,1.12552492705013e-06,0.5306512019774332,0.1591961484606789
0,1.4466820787168046e-07,0.46811164054326293,0.1404335934307244
0,1.1785544393634724e-08,0.09718345763696767,0.029155045540971376
0,2.246265663208589e-09,0.17170185240139868,0.05151055729280557
0,4.744205933322178e-09,0.21888304437899164,0.06566491663464165
0,8.281542314421659e-08,0.48490323559916615,0.14547102865054604
0,8.161947127087636e-08,0.14649259040013363,0.04394783425366998
0,3.6390387469644753e-07,0.430119370088871,0.1290360657593736
0,1.3566187640143453e-08,0.172860754088749,0.05185823572295605
0,1.0789575221388649e-07,0.28458261357726833,0.08537485960020705
0,5.204883271215739e-09,0.10401982953520528,0.03120595250397987
0,1.740872674180953e-09,0.16912088179792717,0.05073626575798902
0,1.6662090715604282e-09,0.13087786507052657,0.03926336068750432
0,1.0387808819684611e-09,0.22276380665385798,0.06682914272330401
0,1.2975113490341992e-09,0.5180820614696227,0.15542461934914473
0,4.884087575814712e-09,0.2296741487852405,0.06890224805443346
0,4.369151210529519e-09,0.2587174928587894,0.07761525091604267
0,7.229522157673371e-10,0.05645788441668442,0.016937365831071877
0,7.6543114635459e-10,0.28495977730178956,0.08548793372633867
0,3.539948623528972e-07,0.18747743996612387,0.05624347978624081
0,3.76413989746513e-09,0.17029840342900682,0.05108952366359997
0,5.667878809734641e-07,0.19364785804544882,0.05809475416515132
0,9.142274675615146e-09,0.49440595407012466,0.14832179262062967
0,1.5723434658909028e-08,0.1344075697244369,0.04032228192373533
0,2.8123204494134876e-08,0.17396640572892963,0.05218994140492203
0,1.5724729264095352e-09,0.14251597199701949,0.04275479269983689
0,8.07130794522243e-09,0.193704738004428,0.05811142705124396
0,5.448296890770099e-07,0.2226594711000277,0.06679822271079067
0,8.680876089032685e-08,0.11005694185860704,0.033017143323714734
0,1.1154253847420518e-08,0.2762164012696121,0.08286492818886132
0,3.6832040193635225e-09,0.5749132161855273,0.17247396743390098
0,6.248908223309793e-08,0.0896642949648665,0.02689933223181751
0,4.07240962903081e-09,0.10603105962951043,0.03180932073953987
0,3.8730891245604495e-09,0.2576477810529787,0.077294337027056
0,2.0418762487298104e-09,0.17586258584699566,0.05275877718341207
0,3.3574328186308145e-08,0.16181894417328058,0.0485457067540139
0,1.9011323305412136e-08,0.29650391490498285,0.08895118777942117
0,1.4401900968510737e-09,0.23734813748198247,0.0712044422527278
0,1.9445213512328133e-09,0.14807567037662883,0.04442270247415359
0,1.1439670672861661e-07,0.07852210189397701,0.023556710645887814
0,3.2912076378147465e-09,0.20139015531752846,0.06041704889910388
0,1.1828089668984449e-09,0.2799229619987369,0.08397688942758734
0,6.847012136586437e-07,0.5301199106677432,0.15903645249117251
0,5.345391799146706e-07,0.21844692857450176,0.06553445274977647
0,1.796001594449686e-08,0.5628020082441337,0.16884061504525127
0,1.9283985576819697e-09,0.17616483595315735,0.052849452135826196
0,1.1262651784851378e-08,0.08967055966763071,0.02690117578414546
0,2.583891194491744e-06,0.10208382628872859,0.03062695661045472
0,7.423332927041515e-08,0.3746066256705839,0.11238203966450565
0,3.090826154130679e-09,0.16567947809681882,0.04970384559262395
0,8.337757278055336e-07,0.14390674604164377,0.043172607455502596
0,2.9118608924289553e-08,0.16082860603670235,0.04824860219403695
0,5.455257645689482e-10,0.3502389359147533,0.10507168115629402
0,8.671499095473716e-09,0.20901239041070974,0.06270372319326228
0,1.825515800580801e-08,0.21319433277481692,0.06395831261105567
0,5.48961480393886e-08,0.28228209120408776,0.08468466578852996
0,1.8626734301089389e-07,0.18241414949937407,0.054724375236952325
0,8.467119821091986e-09,0.2914065004209824,0.08742195605327858
0,1.17911096468772e-08,0.34636606146818893,0.10390982669423343
0,1.9112719333734674e-08,0.14736467726563585,0.04420941655859428
0,4.451295827615563e-09,0.2785427132328341,0.0835628170857573
0,2.9875288401706655e-06,0.1331601064900817,0.03995012321721263
0,1.4450088072367281e-09,0.10703462962466304,0.03211038989890507
0,4.057280453755223e-09,0.5966547228179778,0.17899641968548965
0,6.474881686219482e-07,0.08148510702458378,0.024445985349093168
0,1.7096937289730128e-08,0.20809821965201625,0.06242947786346097
0,2.759964683022568e-09,0.1903119453647637,0.05709358554140439
0,2.8946186512499845e-08,0.16268276050235542,0.04880484841303718
0,1.4039029238573295e-08,0.5755646798352125,0.17266941377788422
0,3.854471328980302e-06,0.0795579204329877,0.0238700742598266
0,1.10811950473952e-08,0.2920162579725559,0.0876048851486033
0,3.5313100767441396e-09,0.2711168471478189,0.08133505661626274
0,1.3436218586874178e-09,0.16329140659003438,0.04898742291754562
0,8.791148535307171e-10,0.2511151888238773,0.07533455726254358
0,1.7848759322298552e-09,0.4112060956586904,0.12336182994702026
0,1.752920115241409e-08,0.3463204258811956,0.10389614003479948
0,4.176193369132399e-08,0.426748890679041,0.12802469643706585
0,6.228887911050651e-09,0.35815935627308226,0.10744781124214621
0,1.4260714973572729e-08,0.6748678955543779,0.20246037864881386
0,1.9825588823665036e-09,0.529211253311773,0.1587633773813231
0,6.166409467856179e-09,0.35868316411722434,0.10760495355165392
0,1.3107970396922376e-08,0.1804720212172135,0.05414161554074333
0,1.1439411779927698e-08,0.24205447141280256,0.07261634943142901
0,1.8158256575343154e-08,0.20820345380351524,0.06246104885183417
0,2.9903946142768925e-06,0.11294392077873483,0.03388526950985044
0,1.2462570615952583e-08,0.2170136133988363,0.06510409274345032
0,3.3784368122709813e-08,0.7163710866201367,0.2149113496350987
0,1.2510250749784318e-07,0.3474798961720814,0.10424405642337967
0,6.030564459774016e-08,0.1280589009366504,0.038417712494946334
0,4.652120968600257e-09,0.10775909273506923,0.03232773107700545
0,8.7021540725976e-08,0.07293111870945335,0.021879396527914513
0,1.5889680284701746e-09,0.13131405096396986,0.039394216401468576
0,6.075550761346858e-08,0.4129215419449963,0.12387650511235421
0,6.740961662317885e-10,0.44738936234545,0.13421680917550233
0,5.093658458365173e-09,0.22157627886340636,0.06647288722458282
0,1.5005504687655694e-09,0.15547637535149683,0.046642913655834374
0,4.582143332602733e-08,0.13440540068885853,0.04032165228166089
0,3.6727498793958844e-10,0.14981066045999647,0.044943198395091435
0,6.903880641593504e-06,0.15834934408376,0.047509635941577116
0,3.8337621988474596e-09,0.3149483599544737,0.09448451066997564
0,3.456960506694639e-10,0.13845177508133588,0.041535532766388
0,3.1476081435352005e-08,0.35593190788336404,0.10677959439826622
0,5.086610810797741e-10,0.2836830556323696,0.08510491704577365
0,7.015248532707474e-08,0.16417926810467298,0.04925382953814162
0,9.138885299258148e-09,0.20606068630761198,0.06181821228950331
0,1.6873824638615655e-07,0.09264399264314171,0.027793315909714983
0,1.2147585350239862e-09,0.20031745779964627,0.06009523819022485
0,3.939190604403727e-08,0.11260788646368003,0.03378239351343824
0,4.639689887333328e-09,0.37395232518828114,0.11218570080426726
0,7.123780012791605e-09,0.3714351439190232,0.11143054816235297
0,6.733032608783116e-09,0.1279669924424599,0.0383901024458608
0,5.8328717869683076e-08,0.2569465990274169,0.07708402053832758
0,3.3200389229042236e-08,0.324573843860683,0.09737217639847735
0,9.347647760191909e-09,0.2853049990242942,0.08559150625064169
0,5.773726511685902e-09,0.4549024963878415,0.136470752957961
0,3.208194494022344e-07,0.08292792939143512,0.02487860339104512
0,1.4173639490122534e-07,0.258437325688896,0.07753129692214522
0,9.458032353345038e-08,0.12294672950715646,0.03688408505837341
0,1.0993041776079854e-05,0.28714456898522756,0.08615106582481152
0,2.149956521818056e-09,0.42621424632363525,0.12786427540206013
0,4.3178065560855565e-07,0.3346622524221107,0.10039897797309214
0,2.379957718822611e-09,0.31750332928321745,0.09525100045093564
0,1.9278515757386267e-06,0.2178850637164388,0.06536686861103465
0,6.828159914522858e-07,0.1936242510349514,0.058087753281679436
0,4.091950113760816e-09,0.22842006125850411,0.06852602124191631
0,1.355440521501285e-09,0.252161539371927,0.07564846276038646
0,7.64853089511036e-09,0.22041834796786408,0.06612550974433085
0,1.0932625190767816e-08,0.2057580128828409,0.0617274115176899
0,7.94522000213228e-09,0.1014370883896003,0.030431132078534092
0,4.588912670039341e-08,0.39693560481041,0.1190807135655117
0,9.19077316135517e-08,0.10698276761689263,0.032094894620479916
0,2.7837903737221156e-07,0.3592110348130937,0.10776350530925427
0,1.254506747763074e-09,0.6024400933556449,0.18073202888484816
0,1.092905146561178e-07,0.13491472225162948,0.0404744931788491
0,1.52717016517283e-08,0.1668866580731041,0.05006600811212238
0,1.4476310337550238e-09,0.20780765577739335,0.06234229774655973
0,4.567017736876874e-09,0.03773024351254939,0.011319076250677232
0,5.628261288595871e-08,0.6922202413056995,0.20766611178953887
0,5.454089437270142e-09,0.3605242101688637,0.10815726686852171
0,5.099414920909553e-09,0.13506069949062627,0.040518213416778324
0,6.383353607431861e-06,0.2098847335146271,0.06296988840191332
0,7.84489060102574e-09,0.3076610449983347,0.09229831899092383
0,8.489547918978002e-10,0.12307844726876394,0.036923534774897536
0,3.889518914321367e-09,0.2494478200842839,0.0748343487479484
0,3.6646456266370483e-10,0.45799058204907406,0.1373971748712474
0,4.000602053960915e-09,0.15344326934493746,0.04603298360390267
0,1.0285056818918377e-09,0.23804266656757078,0.07141280069022521
0,1.1206322273538958e-08,0.0801190627101438,0.02403572665746873
0,2.805286493061221e-09,0.10858399282053799,0.03257519980986194
0,2.1429139267316513e-09,0.24838749035027785,0.0745162486051231
0,8.673776115247715e-09,0.3093352524896871,0.0928005818185494
0,1.952609301913796e-08,0.2700724508858422,0.08102174893401777
0,2.309418692171964e-09,0.7560889439300094,0.22682668479559587
0,9.919150809755533e-09,0.35439523638138426,0.10631857785782085
0,7.625001657225585e-09,0.792319935954735,0.23769598612392168
0,2.264396064709892e-09,0.305772953785829,0.09173188772082595
0,1.3400771119200607e-09,0.27964847309076357,0.08389454286528306
0,5.568468196196397e-10,0.3314077929173067,0.09942233826498478
0,8.665650375888435e-10,0.3443671314207317,0.10331014003281504
0,1.1134614218770814e-08,0.10789707173244334,0.032369129313962956
0,6.687313717346621e-07,0.17545990126132271,0.05263843849035703
0,1.9322611854785772e-07,0.09875467309929753,0.02962653718807224
0,7.16555808966866e-08,0.17529587975023797,0.05258881408397802
0,3.1989151141435076e-09,0.3313068699973398,0.09939206323844253
0,1.556400696682439e-07,0.09415170117776495,0.02824561930137825
0,1.6044096372753434e-08,0.3223048339557888,0.0966914614176041
0,1.721907070832513e-08,0.1480886035906479,0.04442659313054387
0,3.0443214316699045e-07,0.12802758250646518,0.03840848785443977
0,8.345146224555157e-09,0.1532006986437463,0.04596021543472625
0,2.121629691989645e-09,0.1920318419485164,0.0576095540696957
0,1.724917809719225e-06,0.11085086334658478,0.033256466446442236
0,2.0735202991807314e-08,0.13304569183090809,0.03991372206391452
0,1.2232008038629483e-09,0.20454390622856666,0.06136317272481056
0,1.165949332522496e-09,0.2927809814681531,0.08783429525661048
0,6.316149938020077e-10,0.08350474353868031,0.02505142350373459
0,2.0790165259789553e-09,0.34689696701054507,0.10406909155847509
0,1.215782199481229e-07,0.348441405551684,0.10453250677025917
0,1.37116953769966e-09,0.26178973748186385,0.07853692220437783
0,2.768835908429979e-09,0.17520437704179082,0.052561315050722375
0,5.858699334797239e-09,0.27259911767174505,0.08177973940261304
0,7.038710182958281e-09,0.21175970302671854,0.06352791583511269
0,4.895915546657407e-08,0.34523743580799926,0.1035712650138086
0,2.1031875851903055e-08,0.1410305840519357,0.0423091899378938
0,7.313171347579016e-07,0.2504565164302207,0.07513746685106054
1,0.9999998026143694,0.21794912037649938,0.7653845979430084
0,1.0053550104438763e-08,0.15545771638567452,0.04663732195318743
0,2.181609881738597e-07,0.13987034532950016,0.04196125631154177
0,1.1213320808951152e-07,0.29772237862456163,0.08931679208061416
0,1.1601483636523415e-07,0.24585250751839327,0.07375583346590343
0,6.676377392668646e-07,0.3460773335023145,0.10382366739711184
0,2.996269734951466e-06,0.1331200798942973,0.03993812135710366
0,1.7893817105691116e-08,0.3557009322595953,0.10671029220355056
0,2.375742267680899e-08,0.06432069877349422,0.01929622626224414
0,2.069763538255847e-09,0.2166563334164473,0.06499690147376867
0,9.223686094720621e-06,0.18256399088664332,0.0547756538462593
0,5.789514053465916e-08,0.01786618560940134,0.005359896209418776
0,3.05976292821009e-08,0.3329773857345457,0.09989323713870421
0,4.4695743583132156e-08,0.0679584371908113,0.020387562444263898
0,3.3965535386991872e-09,0.5512318555622204,0.1653695590462536
0,1.120623642084768e-07,0.22520410741499663,0.06756131066815393
0,2.0510148722829162e-09,0.2059882326091983,0.0617964712184699
0,1.9667150309325436e-09,0.12242148218985172,0.03672644603365604
0,1.6587184047821033e-09,0.11764208079061256,0.03529262539828665
0,4.053935636890043e-08,0.41292245821191964,0.12387676584112535
0,4.597415447088864e-10,0.25650401942099554,0.07695120614811775
0,4.294516621880483e-09,0.24705466524439046,0.07411640257947877
0,1.4838512528513213e-08,0.11518816983409275,0.034556461337186595
0,1.5021946537644708e-09,0.332850171802732,0.09985505259235586
0,2.3264938924715065e-09,0.40388607372551844,0.12116582374620126
0,1.5001210474988659e-09,0.26325216120990025,0.0789756494130548
0,6.453904603814439e-09,0.4391234649310146,0.1317370439970376
0,2.3129866806653103e-08,0.08120794696866529,0.024362400281506352
0,6.684413310901106e-09,0.08259255446268599,0.024777771017895113
0,2.9758033507041004e-06,0.10377927079943172,0.03113586430217501
0,8.815637718417551e-08,0.13191244158686344,0.039573794185523065
0,1.1589560379262338e-09,0.0704581210869335,0.021137437137349276
0,7.807084658704485e-10,0.2830754662683824,0.08492264042701066
0,6.855924885527297e-08,0.296511490041638,0.0889534950039656
0,1.1174073998015037e-09,0.049623875787870086,0.014887163518546204
0,5.368133130323823e-06,0.14752358084235406,0.044260831945897444
0,1.060053163802524e-07,0.2398991316051391,0.0719698136852632
0,2.3341410218751014e-09,0.8606660809202586,0.2581998259099763
0,2.345384454870518e-07,0.14973811261990178,0.04492159796288237
0,6.710091327307041e-07,0.2967043759622565,0.08901178249506986
0,1.2867502966426792e-08,0.19672815280717626,0.059018454849404954
0,5.153456789794378e-09,0.23415597089847195,0.07024679487696134
0,1.2623301676227848e-07,0.4162750954378981,0.12488261699448115
0,2.736070566018534e-07,0.4468856908034765,0.13406589876598257
0,1.023941844040679e-09,0.5153052715656801,0.1545915821864633
0,1.592566471069409e-08,0.1629984377404562,0.048899542470102156
0,2.599616881254738e-07,0.4426926858482132,0.13280798772764565
0,5.509007595160183e-07,0.08255353901722251,0.024766447335698414
0,1.8418172114803124e-09,0.08205795049597708,0.024617386438065172
0,5.3029682333811076e-08,0.1357632990244434,0.04072902682811065
0,1.0144147552994855e-07,0.5652275808789606,0.16956834527272105
0,4.8742202743338e-09,0.24435385528665265,0.07330615999794998
0,7.2097368376913194e-09,0.17221572143233266,0.05166472147651558
0,1.5814271829432275e-07,0.0808953269301862,0.024268708778958665
0,5.3509970295496845e-08,0.14504945411797465,0.0435148736923716
0,1.327043969458337e-09,0.07826759650061632,0.023480279879115676
0,1.7942803776439414e-09,0.0867191103706042,0.026015734367177527
0,7.226021050104965e-09,0.16125052464681278,0.04837516245225857
0,9.861259165674395e-10,0.24681116537553816,0.07404335030294959
0,1.6997443622587986e-06,0.31466447029339717,0.09440053090907273
0,9.812881507577547e-09,0.2115993485624288,0.06347981143774568
0,3.874768727381049e-09,0.22167577126068283,0.06650273409054296
0,7.917847977166604e-09,0.05858629866452769,0.017575895141851892
0,3.024102089081911e-09,0.19509138856348707,0.05852741868591758
0,7.284880581107887e-08,0.18650878375958924,0.05595268612204084
0,3.5589256421412244e-07,0.08867289522413335,0.026602117692034955
0,1.104319050454357e-09,0.5331624580919049,0.1599487382005948
0,3.856707751152535e-08,0.3590230598585117,0.10770694495450776
0,3.0575797271817512e-06,0.07987476352418188,0.02396456936306359
0,1.4022039624776757e-07,0.11290226096250466,0.03387077644302877
0,1.677056497426606e-09,0.1658471985511949,0.04975416073929802
0,4.003962405959398e-09,0.5416318916859718,0.16248957030856523
0,2.144226400901606e-09,0.4167228458862038,0.1250168552668196
0,1.198418888197209e-07,0.19877262312906718,0.059631870828042326
0,1.1532609337256496e-09,0.17764317662002238,0.05329295379328936
0,6.7944838684688006e-09,0.26361663598028373,0.07908499555022382
0,2.855778912199607e-07,0.1547968058324357,0.046439241654254566
0,1.025271131383527e-09,0.29156384971062344,0.08746915563087683
0,2.4035708308014105e-08,0.6499244843784844,0.1949773621385411
0,5.048068325014697e-08,0.33187490941134956,0.09956250815988314
0,1.337979976182855e-06,0.15712883270473121,0.04713958639740269
0,6.650494383517096e-10,0.14882318526204286,0.04464695604414746
0,8.998177803679943e-08,0.2117519115266131,0.06352563644522856
0,5.512552022907797e-09,0.8213535368941671,0.24640606492703657
0,2.3293053848000735e-08,0.32084095049031836,0.09625230145223321
0,4.6626375841610124e-08,0.10173907460301956,0.030521755019368955
0,1.29843819431827e-09,0.47848779220675086,0.143546338570932
0,6.561831427077865e-08,0.2642253576111324,0.07926765321615971
0,6.156493430971634e-07,0.0728658154489773,0.02186017558923336
0,1.7726686717557823e-08,0.09174097196848519,0.027522303999226255
0,8.640436076361465e-07,0.06432657492798988,0.019298577308922305
0,2.1497685836666836e-09,0.36373198211068747,0.10911959613804424
0,1.2306631675766222e-09,0.03779261112444354,0.01133778419879728
0,1.3185029710793005e-06,0.3134583686610716,0.09403843355040122
0,5.554662745881315e-10,0.44672663128557566,0.13401798977449908
0,5.164991763960823e-09,0.2443603404855913,0.07330810576117162
0,8.669577039334102e-10,0.2008805659216737,0.0602641703833725
0,4.726236178980592e-06,0.7029146354034886,0.21087769898637188
0,3.20843396258578e-07,0.24837627001592721,0.07451310559515555
0,2.0590405472703723e-07,0.08341054114690694,0.025023306476910392
0,3.2528535519621054e-09,0.19128665374565856,0.057385998400695054
0,1.0108755500267824e-09,0.21125796461164414,0.06337739009110613
0,7.196424583442481e-10,0.4797014835486002,0.14391044556832977
0,3.3315662342061744e-09,0.34841433464333604,0.10452430272509718
0,1.0457923254685399e-08,0.26739545089232286,0.08021864258824314
0,1.2161387610753196e-08,0.3922905698381218,0.11768717946440788
0,1.642026469718504e-08,0.25971938927102733,0.07791582827549348
0,8.63661962834299e-09,0.2471005132547719,0.07413016002206531
0,7.946018312010471e-10,0.09989044457756335,0.029967133929490287
0,1.79694729948536e-09,0.11261221048467474,0.03378366440326553
0,3.246509309049262e-08,0.18946396504065288,0.056839212237761026
0,9.336150758213726e-09,0.2701077010496321,0.08103231685019516
0,5.40516652171594e-10,0.35325786328661957,0.10597735936434753
0,9.709740867181631e-09,0.2635045723488,0.0790513785014586
0,2.453138417379406e-09,0.19620203909243017,0.05886061344492594
0,4.560467733201482e-09,0.2519870523217469,0.07559611888885148
0,7.219360291572875e-08,0.13194771390076043,0.039584364705750164
0,4.286933484712341e-09,0.19104252800648247,0.05731276140279818
0,1.1738370156377538e-08,0.24010175780541976,0.07203053555848503
0,6.2569697186219925e-09,0.22481073365185356,0.06744322447543487
0,4.80164054593404e-07,0.22574058430815813,0.06772251140728565
0,4.2865642638551345e-09,0.21722774531425937,0.06516832659487279
0,1.8782672393775606e-08,0.09490793272026299,0.02847239296394957
0,4.556964791351873e-08,0.4708940133578956,0.1412682359061222
0,1.2207258981897812e-08,0.11096748864945671,0.033290255139918304
0,3.000288304683174e-09,0.6780808684099867,0.20342426262319782
0,1.0731265496028314e-09,0.12660399147533064,0.03798119819378777
0,4.158748167517133e-09,0.18665784011918152,0.05599735494687817
0,1.907749044629302e-08,0.15065884022352904,0.045197665421302026
0,3.952056839468891e-09,0.20930745892146974,0.0627922404428807
0,2.2603912521022976e-08,0.10734004893871774,0.032202030504354086
0,4.305807207366954e-10,0.22131071313822337,0.06639321424287352
0,4.256963322333661e-09,0.38875217765676895,0.116625656276905
0,9.072639213367977e-08,0.10524740517079978,0.03157428505971443
0,3.474317114457276e-08,0.1569789978263051,0.04709372366811133
0,1.9671246915419934e-09,0.2432922397394338,0.07298767329881743
0,8.598618288643696e-09,0.18081710782466787,0.05424513836643316
0,7.036960504974858e-10,0.29667681008660807,0.08900304351856965
0,1.7074979993484517e-07,0.5036686339888974,0.15110070972152917
0,2.006813387103925e-07,0.5281903402287149,0.15845724254555157
0,1.101159679625913e-06,0.2875077101919463,0.08625308386935963
0,2.188894751878098e-08,0.16624515269992435,0.04987356113224057
0,4.177225696406481e-09,0.18096252693923476,0.05428876100582841
0,9.482228973277282e-08,0.16570298670838957,0.04971096238811968
0,1.8500153886675375e-09,0.2266114128276332,0.06798342514330072
0,5.6905832597234196e-08,0.1700644942227456,0.0510193881009065
0,1.802646956030128e-06,0.05515603403581648,0.016548072063614166
0,6.932836750376818e-09,0.192884848496632,0.05786545940197533
0,8.955769470171752e-09,0.11518702598523911,0.03455611406461036
0,6.977317854808787e-10,0.3145997058729251,0.09437991225028977
0,3.404166746121152e-07,0.3779532628125316,0.1133862171354317
0,2.466679661454756e-09,0.6057916291334804,0.1817374904667199
0,1.0840865843010227e-07,0.15101742807278185,0.04530530430789545
0,1.677737499629757e-08,0.054949948452799546,0.01648499628000236
0,9.632231717324981e-09,0.2935558284748979,0.08806675528503158
0,1.6169702845200245e-07,0.14334119217055485,0.04300247083908637
0,3.134577797819429e-08,0.037295576745581704,0.011188694965719096
0,4.962169558533289e-07,0.09393551792316579,0.028181002728818832
0,7.562817682163636e-08,0.17769357445901324,0.053308125277427745
0,2.736248682328566e-08,0.2554036937601034,0.0766211272817718
0,1.550075533223584e-07,0.25959734484356567,0.07787931195835703
0,8.827072040773483e-09,0.13926660395118617,0.04177998736430628
0,1.0731619640240982e-07,0.12089170442606045,0.03626758644915562
0,3.2324912987494504e-09,0.13728887606820117,0.04118666508320426
0,6.641194376694031e-07,0.21582805657529713,0.06474888185619551
0,1.688486810140949e-09,0.21392339390900184,0.06417701935464132
0,7.467298288560252e-08,0.5520359766186207,0.16561084525667422
0,5.025481087757535e-08,0.03584949466105247,0.010754883576683355
0,1.5910384390011796e-08,0.21691308077376592,0.06507393536939886
0,4.764146151595107e-07,0.03323681581563376,0.009971378234920739
0,5.866194419378011e-10,0.043213943904052976,0.012964183581849502
0,3.338868062576534e-09,0.7038107739597095,0.2111432345251205
0,1.930944768863017e-05,0.2125227305807974,0.06377033578762126
0,1.6853467433618133e-09,0.11258889535925742,0.03377666978751995
0,1.0383605651088977e-07,0.05077549076993393,0.015232719916219736
0,2.1869396101009436e-08,0.1105188397796728,0.03315566724247911
0,2.4817635831577164e-08,0.473523712007782,0.14205713097467967
0,4.404938233142938e-09,0.22522083469512733,0.06756625349199497
0,1.0044139720905362e-08,0.0748548618568684,0.022456465587958326
0,3.875877384742468e-07,0.15364818342358144,0.04609472633849136
0,4.5009934641017405e-10,0.3707836564570982,0.111235097252199
0,9.965896743737526e-10,0.6010375031890356,0.18031125165432343
0,3.0439350447282985e-08,0.2408023265155519,0.07224071926221087
0,1.889392609212982e-09,0.030007481935639957,0.009002245903266813
0,1.1002506128623167e-09,0.14073542724419053,0.042220628943432585
0,8.445482442024265e-09,0.33214677003373816,0.09964403692195915
0,1.632030172624957e-08,0.2842660476613297,0.0852798257226101
0,1.464094364427391e-08,0.3856152553203196,0.11568458684475642
0,2.95599568934314e-08,0.27929236489394493,0.08378773016015331
0,1.5230038783208518e-06,0.0697441465958113,0.020924310081458213
0,6.3825492783370946e-09,0.5329341135908872,0.15988023854505065
0,6.471539964870523e-07,0.10801482672456753,0.03240490102516779
0,1.3200151549251809e-08,0.11048331428232738,0.033145003524804297
0,2.535040094493344e-09,0.2873069897587248,0.0861920987021455
0,6.120337268412664e-10,0.10752394876269022,0.03225718505723067
0,1.7291572499743955e-09,0.3522394390255381,0.10567183291807151
0,1.6881566633169493e-09,0.1949332720611694,0.05847998280006048
0,4.439014773606317e-09,0.2564183450132732,0.0769255066112923
0,8.587362080939384e-09,0.18362805484185452,0.05508842246370981
0,3.3114567435014205e-08,0.28940040405701994,0.08682014439730319
0,5.512796147090088e-09,0.0922501821143259,0.02767505849325507
1,0.9999987781472818,0.013470857303280348,0.7040404018940813
0,1.9498655639309725e-05,0.17186965589325764,0.05157454582692481
0,5.066364548050244e-09,0.17976302286304868,0.05392891040536979
0,2.0896505408628214e-07,0.16546349459832477,0.049639194655035294
0,8.34013406439966e-08,0.4915265555085008,0.14745802503348868
0,1.2405967551871228e-07,0.18111661204592033,0.05433507045554896
0,2.416014434042265e-07,0.13864704813056206,0.041594283560178996
0,1.051110087216401e-08,0.11922946393893363,0.0357688465394507
0,7.140521268604953e-08,0.5037193132338464,0.15111584395380281
0,1.1174222512472066e-07,0.09775858657435987,0.02932765419186555
0,4.234348571506182e-08,0.4693922211111903,0.14081769597379706
0,5.384331820947075e-08,0.2779443184344781,0.08338333322066617
0,2.4238247576168717e-09,0.10738594513434874,0.03221578523698195
0,5.026191299940452e-09,0.256788612613541,0.07703658730239622
0,4.308924017981403e-08,0.09002019050900434,0.027006087315169427
0,5.110888920724837e-10,0.15591079080858372,0.04677323760033734
0,4.169189599220475e-09,0.41958665551717667,0.12587599957358572
0,9.707373754701779e-07,0.11942844950916354,0.03582921436891189
0,1.503824782049419e-08,0.19622604557568835,0.05886782419947997
0,1.1285323467257237e-08,0.6343364014055151,0.19030092832138093
0,1.8273765541073878e-09,0.20436173358188525,0.06130852135372916
0,2.4885460696138116e-08,0.19709289220255444,0.05912788508058882
0,9.17589934367407e-10,0.2855805035046334,0.08567415169370296
0,9.725576854509456e-06,0.34028879302574644,0.10209344581152209
0,1.5693158228909333e-09,0.12403148902019034,0.037209447804578175
0,7.77073708265732e-10,0.12617629155054533,0.037852888009115196
0,2.140120951220619e-07,0.43427063322434256,0.13028133977576933
0,1.5504836475331976e-09,0.15696214830231225,0.04708864557603223
0,1.8061013537881465e-08,0.3312664821914526,0.09937995730014526
0,2.477666914419387e-09,0.09895005548108637,0.02968501837869275
0,2.6780675534923334e-06,0.1866432810176386,0.055994858952579024
0,3.383937588411551e-09,0.44916932297980183,0.13475079926269684
0,4.944561179131467e-09,0.11604728931390973,0.034814190255365744
0,2.3219436733509214e-09,0.20718173794532313,0.062154523008957505
0,2.71705052260885e-08,0.3247729531136626,0.09743190495345244
0,9.198033420134494e-09,0.10158439198855629,0.03047532403519028
0,1.2905787323652111e-09,0.19284044564968983,0.05785213459831206
0,1.3803788595165601e-09,0.4028222208344783,0.12084666721660868
0,4.0775953796248884e-07,0.22680823551608154,0.06804275608650102
0,6.845973154940355e-10,0.4566200874684244,0.13698602671974544
0,2.7767728389439186e-09,0.31604126627752427,0.09481238182699826
0,8.705805405654998e-09,0.7555844392796506,0.22667533787795893
0,4.273889538162103e-09,0.18053202731376738,0.05415961118585289
0,7.762334896336714e-08,0.151833981097804,0.04555024866568547
0,1.204190427081513e-09,0.39033347597139356,0.11710004363435135
0,1.241161655174164e-07,0.43359770379809637,0.13007939802074478
0,1.8178398447000383e-09,0.15995212732555342,0.04798563947015392
0,7.351124229503991e-09,0.3035787261495103,0.09107362299064005
0,1.1127706147053131e-08,0.12880832011144594,0.038642503822828085
0,1.4288448656472594e-08,0.13443138254857323,0.04032942476648603
0,6.381718112122904e-08,0.33725856646778607,0.1011776146123626
0,3.2666834882003456e-06,0.14899316246872152,0.04470023541905819
0,7.789185301293184e-08,0.13809867567341105,0.04142965722632043
0,1.4984495746060061e-07,0.018809578529276227,0.00564297845025309
0,1.3931717201351811e-08,0.08287098159212092,0.024861304229838316
0,5.280406007017328e-08,0.392427583202974,0.11772831192373424
0,2.3592401989922635e-09,0.07436701730259954,0.022310106842248
0,1.7462413094123938e-07,0.16483019223602147,0.04944917990769809
0,8.966370941588922e-08,0.20335793562766424,0.06100744345289586
0,4.891504928175286e-09,0.35370215976592634,0.10611065135383134
0,1.9467675660552892e-08,0.13393668116647073,0.04018101797731417
0,2.0681394505069932e-08,0.06564493847258346,0.01969349601875119
0,5.6753029952053065e-09,0.12369126661338536,0.037107383956727705
0,1.503794586863238e-07,0.9221190251536222,0.2766358128117077
0,1.432279167087054e-07,0.15172397827607131,0.04551729374236309
0,2.5552697576645465e-07,0.1882009428889171,0.05646046173555816
0,3.276151800840199e-08,0.22464744206392362,0.06739425555223968
0,3.90855657674311e-09,0.7739210989810155,0.23217633243029423
0,1.4151276116871645e-09,0.13311140967736534,0.039933423893798926
0,3.8002715558303485e-09,0.058396576931842636,0.01751897573974288
0,2.4199674107445352e-08,0.15126423064992944,0.04537928613475071
0,1.4805137822199203e-09,0.20939701410490852,0.0628191052678322
0,5.064729265604445e-08,0.2858443013319095,0.08575332585267771
0,1.71653572280756e-08,0.14698427741099085,0.044095295239047316
0,7.07859093387347e-09,0.29776282296032397,0.08932885184311083
0,3.0060196382672105e-06,0.08748240112289751,0.02624682455061604
0,5.770656859396368e-07,0.25944468844224955,0.07783381047865501
0,4.3061747059770203e-07,0.25705423513236114,0.07711657197193775
0,4.969738008089178e-09,0.05335839365518624,0.01600752157537248
0,1.651331619007427e-09,0.2670211268017888,0.08010633919646877
0,4.323698701493005e-09,0.1071873313027707,0.032156202417420295
0,3.822709013563042e-09,0.1064042395929532,0.03192127455378227
0,5.578672931691842e-08,0.0818643967355025,0.02455935807136127
0,1.0992044637900443e-09,0.3914603390911312,0.11743810249678248
0,1.6466870347872427e-09,0.23733149350089955,0.07119944920295078
0,9.192410461963837e-06,0.22933156377729547,0.06880590382051202
0,1.1155958074358105e-07,0.11817569973109765,0.03545278801103581
0,3.945907703659046e-06,0.5879477817791898,0.17638709666914948
0,8.430112078986214e-07,0.10905538549964255,0.03271720575773829
0,4.57067639517436e-08,0.09711927006381538,0.02913581301387938
0,1.6980392356288937e-08,0.21044409826974853,0.0631332413671992
0,6.504768706207537e-10,0.15163622488018147,0.04549086791938825
0,2.0849972709286084e-07,0.20868493536742316,0.0626056265600359
0,1.0272101582859144e-08,0.3846451430874597,0.115393550116709
0,4.5678543003198004e-08,0.0925160402147297,0.02775484403939901
0,8.662554464420669e-09,0.3102222228267465,0.09306667291181207
0,3.203086203332475e-08,0.05880738240968597,0.017642237144509215
0,7.231872751388067e-09,0.056547332814455675,0.016964204906647625
0,1.232640278978872e-09,0.15006875529556363,0.04502062745151728
0,8.954721263495818e-09,0.18964448875817197,0.05689335289575647
0,1.6135286405746844e-08,0.08402608648020315,0.02520783723876143
0,4.7747178267677156e-08,0.9379698859678642,0.28139099921338406
0,3.5570687523635797e-07,0.33350621488852905,0.10005211346137138
0,5.588238437998579e-07,0.12939812049641553,0.038819827325615314
0,4.203617545130302e-09,0.28462163427978027,0.08538649322646637
0,4.547227461805608e-06,0.2218862252303243,0.06656905062832055
0,1.0609459014816204e-09,0.07002096776118905,0.021006291071018843
0,2.8143657909805173e-09,0.09866455601586743,0.02959936877481628
0,1.6001506346551154e-08,0.05580977633948203,0.01674294410289905
0,1.1370921541954114e-08,0.15462934728487676,0.04638881214510811
0,1.1673240341596892e-06,0.6570144922740928,0.19710516480905174
0,1.5739130639391577e-06,0.14955848983884124,0.044868648690797125
0,8.607532863682387e-08,0.13403477703615285,0.040210493363575905
0,2.921546711539084e-08,0.15200872338224802,0.04560263746550139
0,2.473839748282344e-09,0.671242718180189,0.2013728171857445
0,8.23633023959612e-08,0.21872051994456065,0.06561621363767986
0,2.2659151815216593e-06,0.1366725666052685,0.04100335612220761
0,3.715522514647124e-09,0.2254481780741021,0.0676344560230964
0,2.486019768785083e-09,0.09754184631274043,0.029262555634035965
0,2.1263788541190656e-06,0.16900214485584752,0.05070213192195214
0,4.68717497697105e-09,0.21635836900359806,0.0649075139821019
0,6.44675864030288e-09,0.13502929302744293,0.040508792420963925
0,1.2056345641037712e-07,0.1602710733929843,0.04808140641231477
0,4.173370822686715e-06,0.6588042241725465,0.1976441886113398
0,1.3162873148786212e-07,0.19374572608121976,0.05812380996447797
0,4.452426954209097e-09,0.07155170476948836,0.021465514547545375
0,4.073094848462034e-08,0.11798138737073405,0.03539444472288415
1,0.999999386602708,0.03292690739914683,0.7098776428416396
0,8.034627417096112e-10,0.1315076533517302,0.03945229656794298
0,5.5714043783398875e-09,0.1816721765946362,0.054501656878373925
0,6.300374113718542e-09,0.3793106710556853,0.11379320572696745
0,1.5743655941251672e-08,0.16493726118061225,0.049481189374742836
0,4.88350109051479e-09,0.4297811074609992,0.12893433565675053
0,2.7088893358830238e-09,0.045689837566441405,0.013706953166154955
0,4.773589623711379e-06,0.09855801274029385,0.02957074533482475
0,1.5958531408261183e-06,0.07491992626540234,0.022477094976819278
0,9.603998537171286e-08,0.09553981491469321,0.028662011702397724
0,8.870728809457195e-06,0.3330037574643566,0.09990733674947361
0,9.379283744787898e-07,0.0782413017104473,0.023473047062996324
0,6.495246367286687e-10,0.29999129284166637,0.08999738830716715
0,1.7095735526411213e-09,0.2651431499120547,0.07954294617031789
0,4.761270347223178e-08,0.5962131447031314,0.17886397673983181
0,8.100015263713446e-09,0.04812486905041191,0.014437466385134257
0,1.3415118085105867e-09,0.17503136883947235,0.052509411590899974
0,3.653503298888269e-09,0.4571688008949959,0.13715064282595107
0,6.586992429840179e-08,0.49933903507275335,0.14980175663077303
0,5.30138889606945e-10,0.14656642035444967,0.04396992647743212
0,7.625210196926747e-09,0.12888243511735897,0.03866473587285483
0,1.8448878356984492e-09,0.14610128773512043,0.043830387611957615
0,1.1740397071776655e-09,0.3228569851953139,0.09685709638042198
0,2.4250674611135733e-09,0.13909164616315173,0.041727495546492736
0,5.7202306697213606e-09,0.4379102431664248,0.1313730769540889
0,5.2238400218058e-10,0.1164187883485498,0.034925636870233735
0,4.9098175294997766e-08,0.38541262988397307,0.11562382333391462
0,2.516356768503843e-08,0.6321753278200132,0.18965261596050134
0,3.4914098663813655e-08,0.12737648930544032,0.038212971231501164
0,9.69777799698306e-10,0.058101627636301556,0.017430488969734925
0,2.2496422338971915e-09,0.14719924377688198,0.04415977470781416
0,7.008534463125806e-09,0.40093773377073616,0.12028132503719496
0,4.006647418601157e-06,0.12176697924336899,0.03653289842620372
0,2.3695995199461664e-09,0.25156498572282504,0.07546949737556717
0,5.75136688836496e-09,0.34501352569385313,0.10350406173411275
0,5.865852314090888e-09,0.323996381258856,0.09719891848375341
0,4.523329476766121e-07,0.24460897987364782,0.07338301059515773
0,8.900437229990706e-10,0.3506308827950294,0.10518926546153942
0,2.9766539475091817e-07,0.11429928209840556,0.034289992995297995
0,6.990793369364036e-10,0.44502624893220855,0.13350787516901808
0,1.5420568511770554e-09,0.1551197808420598,0.04653593533205773
0,7.587624881380334e-07,0.12092872987096182,0.03627915009503024
0,5.14831066296577e-10,0.6770714851454167,0.20312144590400677
0,3.9705080564162555e-09,0.3885282434290973,0.11655847580808482
0,3.6123897821453314e-09,0.08955095464331964,0.02686528892166874
0,5.48177292941961e-09,0.1561075889943354,0.04683228053554168
0,1.2616549887051792e-06,0.14692549648384878,0.04407853210364673
0,5.722450050429755e-08,0.15134130350658526,0.04540243110912593
0,8.036114001202069e-09,0.1376522140649541,0.04129566984476602
0,3.6331224935869747e-10,0.07612236692168439,0.02283671033082389
0,1.770672229765689e-08,0.07276846345827914,0.02183055143218935
0,9.742693992653763e-09,0.13109566245662074,0.03932870555687202
0,7.50768290500451e-08,0.12795890196040072,0.038387723141900545
0,7.403190083149677e-10,0.20870828387821694,0.0626124856816884
0,3.6958973448608774e-08,0.4312997818324946,0.1293899604210298
0,2.427696255223655e-09,0.566488127328127,0.16994643989782549
0,1.2434833167538435e-07,0.22162251779371933,0.06648684238194796
0,1.3132984046074694e-08,0.12498641808785926,0.03749593461944661
0,1.1981379569245552e-08,0.05102758002532015,0.015308282394561744
0,2.9677045755257177e-09,0.1358745719579083,0.04076237366476569
0,3.867731189232801e-09,0.07835935645848735,0.023507809644958036
0,8.566805803777628e-10,0.16858284238507437,0.05057485331519872
0,3.7496443243630344e-07,0.23025402107658044,0.06907646879807684
0,3.378824324294924e-08,0.38927438166765704,0.11678233815206737
0,6.190705347688764e-08,0.7562560283878881,0.22687685185130385
0,2.4124258949079775e-09,0.4185833898600638,0.12557501864671727
0,1.120562363877703e-09,0.20499918893850022,0.061499757465943716
0,4.535129423645468e-10,0.624370125391341,0.18731103793486134
0,1.1936389917250385e-09,0.12346630201127917,0.03703989143893104
0,1.4177045933669738e-08,0.2878795465141184,0.08636387387816767
0,6.437474005458637e-09,0.3509214653406292,0.10527644410842056
0,1.133222292786215e-06,0.11913228419775501,0.03574047851493146
0,3.6467616799268135e-09,0.3671946542774417,0.11015839883596568
0,3.2073638253059686e-08,0.6822761375346524,0.20468286371194253
0,6.502109650085356e-08,0.1110524682518631,0.03331578599032648
0,7.385047612277276e-09,0.0859398322710816,0.025781954850857807
0,1.3929862582382083e-09,0.3977599852616379,0.11932799655358176
0,8.084440144022161e-08,0.2537545415146799,0.07612641904548498
0,9.583845207466491e-09,0.2657584552091782,0.0797275432714451
0,3.918852257657021e-09,0.42652441667874696,0.12795732774682067
0,1.4012749974083364e-08,0.18910709690305305,0.056732138879840896
0,1.7085066457659232e-08,0.1276951147803258,0.03830854639364426
0,8.405864266030828e-09,0.11655292262038697,0.03496588267022108
0,5.966041317033282e-10,0.3346193993580385,0.10038582022503445
0,1.306114725835917e-09,0.41311850321583243,0.12393555187903003
0,6.806765375363636e-10,0.1585897983523895,0.047576939982190425
0,9.162951786502576e-06,0.22315423843576843,0.06695268559698109
0,4.395886888625072e-10,0.19344691556140126,0.05803407497613246
0,1.6694293152257747e-08,0.11626787157944707,0.03488037315983932
0,3.924668699539959e-10,0.21696530472555164,0.0650895916923923
0,4.2498705143704616e-08,0.17539466704025108,0.05261842986116892
0,8.914206340625957e-10,0.24682911468955726,0.07404873503086161
0,9.282830555179831e-07,0.05381124270875637,0.016144022610765772
0,5.218870890676415e-09,0.16002270444121802,0.048006814985575026
0,7.219894890878297e-08,0.21869592748134759,0.0656088287836685
0,4.424127982039473e-09,0.3218528990363977,0.09655587280780889
0,2.2110281765938693e-09,0.2621457378543952,0.07864372290403829
0,1.4514024233539706e-07,0.2459141165097799,0.0737743365511036
0,1.7928014340771567e-09,0.21637691911444412,0.06491307698929424
0,8.169807314153254e-07,0.061958100649204706,0.0185880020812734
0,1.3971070193096857e-06,0.8113704664593,0.2434121179127035
0,1.8097543882722319e-09,0.08464906707913145,0.025394721390567507
0,3.4101799310313005e-06,0.2837064580984915,0.08511432455549917
0,3.435373762382764e-08,0.09112557140683464,0.027337695469666728
0,7.983263288364752e-08,0.27762036870380136,0.08328616649398342
0,8.697771777320891e-09,0.4115519123176796,0.12346557978374412
0,2.5616009660019844e-08,0.21604219773747257,0.06481267725244852
1,0.9999991754385396,0.13282557680446294,0.7398470958483165
0,3.478864805011965e-08,0.3287287223785432,0.0986186410656166
0,3.5579831456173776e-06,0.1440209411186847,0.043208772923807336
0,2.059713670152147e-07,0.15883818473539124,0.04765159960057428
0,2.0075621708603606e-08,0.05394693292872477,0.016184093931552627
0,1.6759652440985452e-09,0.17616065304870787,0.052848197087788026
0,7.564981106282676e-09,0.13217139523094323,0.03965142386476974
0,2.051625062105763e-08,0.694239736784607,0.20827193539675753
0,2.9142081224454305e-06,0.0610923499396564,0.01832974492758263
0,5.251717816031342e-06,0.23663184392745218,0.07099322938070687
0,1.7612285832008515e-09,0.1808555182292645,0.05425665670163935
0,6.311882062440519e-09,0.13912401344814762,0.04173720845276173
0,1.330191373500025e-08,0.41545176678105067,0.12463553934565481
0,1.0455465439971587e-08,0.06257359557423736,0.018772085991097018
0,3.7411811292532755e-09,0.4321473356385118,0.12964420331038035
0,2.8480346453229256e-09,0.35655061783361097,0.10696518734370754
0,4.5715689527146854e-09,0.08827938404771463,0.026483818414412653
0,5.796143895822513e-07,0.06769176499683016,0.020307935229121755
0,6.567386203740522e-10,0.4305936543765987,0.12917809677269665
0,3.2553190686924587e-09,0.42146466358011814,0.12643940135275877
0,1.3701150985045984e-08,0.6003681710119477,0.18011046089438998
0,2.1853018935761762e-08,0.10104597199463405,0.030313806895503472
0,1.2475619573541558e-08,0.23238493593629184,0.06971548951382124
0,2.7745843386647292e-08,0.13840751065693058,0.04152227261916955
0,1.911815281808494e-07,0.4588966108480409,0.137669117081482
0,1.853485708933944e-09,0.09321162345763478,0.02796348833473043
0,1.9997289026162736e-09,0.06456539281885854,0.019369619245467793
0,4.388721922157374e-08,0.5524017370827041,0.16572055184586468
0,4.207620597801303e-08,0.17138331946779584,0.051415025293682935
0,1.3524639931830555e-08,0.21961699786981081,0.0658851088281912
0,1.5155886403529838e-08,0.2468942291203835,0.07406827934523554
0,8.890045609555913e-08,0.21692494779174643,0.0650775465678432
0,4.7129108386548275e-07,0.1384150477527376,0.041524844229579985
0,3.956692949288942e-09,0.4166295490483467,0.12498886748418907
0,1.5896651259693014e-07,0.6454152143903864,0.19362467559367474
0,4.806099157052236e-09,0.11122327564495882,0.03336698605775706
0,8.22684437825677e-07,0.30385521101791224,0.09115713918448015
0,1.5898424632582811e-09,0.08093549790096433,0.024280650483179022
0,1.965165254955871e-08,0.19697719439278116,0.05909317207399113
0,2.704312230696638e-08,0.4395414113913285,0.13186244234758415
0,6.075544484447906e-07,0.750420644101645,0.2251266185186074
0,1.4085387941020827e-07,0.088656331336608,0.026596997998697983
0,3.5278342708123254e-10,0.10273051141691247,0.03081915367202214
0,2.509580908668417e-06,0.21435815311636786,0.06430920264154642
0,6.449882534176105e-08,0.5031183622397066,0.15093555382108972
0,1.8966500631698148e-09,0.09553229537228503,0.028659689939340552
0,1.1278333049059324e-07,0.19312668444922865,0.05793808428309993
0,1.4022368728677415e-09,0.08821855489364094,0.026465567449658094
0,1.5963604083886496e-07,0.05422508607047882,0.016267637566372235
0,1.6456964462057844e-08,0.14844306845446642,0.04453293205621505
0,1.2825651187120632e-08,0.7596924405462633,0.2279077411418348
0,6.200410802003844e-09,0.3200108329272735,0.09600325421846961
0,2.053782669163597e-07,0.09830435901598578,0.029491451469582573
0,6.524277701877444e-07,0.5216793635473247,0.15650426576363652
0,8.79998659950337e-09,0.1692405397373693,0.05077216808120141
0,9.527400951898328e-09,0.5321801236941268,0.1596540437774187
0,9.379748503486486e-09,0.1260106169175098,0.03780319164107689
0,4.8961635479603e-08,0.1690441500681502,0.050713279293589895
0,3.922150209737588e-08,0.09868178241793468,0.029604562180431872
0,7.157175730495631e-08,0.12881841392527071,0.038645574277811325
0,5.4099079995986815e-09,0.28475358469431766,0.08542607919523089
0,1.889417581434755e-09,0.13241757543471988,0.03972527395300827
0,4.2753145660542433e-08,0.320986845400956,0.09629608354748877
0,2.0713482775309465e-07,0.6944913914281752,0.20834756242283198
0,3.4669386630220426e-09,0.1288296291359775,0.038648891167650315
0,2.5310689985889516e-07,0.17776004126520106,0.05332818955439022
0,2.2823720781805315e-09,0.14469004696283794,0.043407015686511834
0,8.66901413868578e-09,0.0985121035367107,0.0295536371293231
0,9.069361332661123e-09,0.6665536152550575,0.19996609092507017
0,5.921496435848738e-10,0.21057168702899498,0.06317150652320325
0,1.1954856987834312e-08,0.1797805692155484,0.05393417913306441
0,5.654896438659002e-07,0.1535869024574542,0.046076466579986965
0,7.131900942025495e-10,0.5352734471798147,0.1605820346531775
0,6.966658846394435e-10,0.232479883962729,0.06974396567648482
0,2.977594767693448e-09,0.22250495870388476,0.06675148969548175
0,1.0579026801293617e-07,0.14990714057813448,0.044972216226627955
0,2.0746277949827214e-05,0.1131342256002349,0.033954790074635345
0,1.2568547113315266e-09,0.07894166114369738,0.02368249922290751
0,1.6805616964543068e-09,0.033901845363673355,0.010170554785495193
0,2.9247916928092077e-06,0.18806256269141886,0.05642081616161062
0,3.7203377313398858e-09,0.23797054657330174,0.07139116657622693
0,2.322796739690532e-05,0.23853120777338177,0.07157562190919237
0,5.0903044214397165e-09,0.5558183230441772,0.16674550047646625
0,4.5439240405268594e-09,0.38907643270080605,0.11672293299098864
0,2.1957851547711206e-08,0.28510537255391366,0.08553162713667017
0,9.865743254204898e-10,0.3146990307187162,0.09440970990621689
1,0.9999996375263661,0.10156897869351766,0.7304704398765116
0,3.808908221773786e-09,0.5388557847272395,0.16165673808440761
0,9.736772777839172e-08,0.5024883072431056,0.1507465603303411
0,3.371116370756562e-08,0.13732630431894843,0.041197914893499124
0,2.0476019416009102e-08,0.3006006353146896,0.09018020492762047
0,1.264454110076743e-08,0.25219184512143344,0.0756575623876088
0,7.065769661746365e-09,0.14360988106100447,0.043082969264340104
0,4.1068791129654657e-08,0.1368385838368671,0.04105160389921391
0,2.9816136552474266e-08,0.23383462021163537,0.07015040693478619
0,3.842190035496754e-09,0.09620541955252415,0.02886162855529027
0,1.0468817331770924e-09,0.3851768230773749,0.11555304765602967
0,1.8213900647702543e-09,0.15207524443707454,0.0456225746060954
0,2.5256333054726245e-06,0.18162970855123162,0.05449068050868331
0,7.563367476551856e-08,0.32656883089847777,0.09797070221311566
0,1.5142650300852072e-07,0.20311784984078995,0.06093546095078909
0,6.328359652696571e-10,0.18270883099654833,0.05481264974194967
0,4.362346873794301e-08,0.08514801068331945,0.025544433741423952
0,1.2286042971039914e-08,0.06789976564899347,0.02036993829492812
0,1.3171571913783704e-07,0.30264438604234845,0.09079340801370793
0,1.5587994324478412e-09,0.24701293521962686,0.07410388165704766
0,1.0991127915076456e-09,0.26039397575918666,0.07811819349713495
0,4.600863557101413e-08,0.5126529798955353,0.15379592617470547
0,8.72417440868916e-10,0.15430998275942565,0.046292995438519904
0,1.6036804818951575e-08,0.1525471530966408,0.04576415715475561
0,3.0095916977200716e-08,0.3536711131779857,0.1061013550205376
0,1.7269768433986354e-08,0.09646048686991915,0.028938158149813646
0,3.436888013923387e-07,0.20811794989908294,0.06243562555188586
0,1.49391337160332e-07,0.06535193057335364,0.019605683745942102
0,1.1076043528126558e-08,0.5693392706001167,0.17080178893326547
0,5.6147225568814506e-09,0.28876127477048263,0.08662838636145058
0,2.0941585268511005e-07,0.07918301170172759,0.023755050101615157
0,2.1048717773266904e-08,0.16214475231460834,0.04864344042848494
0,2.4623524648636215e-08,0.259906059405807,0.07797183505820936
0,2.0274535164076874e-09,0.22983682972097053,0.06895105033550862
0,1.021479437138687e-09,0.07303824539365389,0.021911474333131772
0,3.662172988037895e-08,0.12689613496719132,0.03806886612536831
0,8.111374962809828e-09,0.20104671155912923,0.06031401914570124
0,6.687776320357065e-09,0.10730116416261148,0.03219035393022687
0,6.138757556188532e-10,0.1499202285767114,0.044976069002726445
0,5.660198976818322e-09,0.22416382073556118,0.06724915018280764
0,2.154320595360979e-07,0.3488721733369379,0.10466180280352304
0,2.405523611902984e-08,0.5473179915440602,0.16419541430188336
0,6.803321994937738e-07,0.4892189143507688,0.14676615053777028
0,2.2042708568337065e-08,0.10219889298216056,0.030659683324544162
0,4.2147742574471594e-08,0.18803944048769472,0.056411861649728216
0,4.49468511143897e-09,0.06355850718802858,0.01906755530268815
0,3.783372765747075e-08,0.1934771130742725,0.05804316040589111
0,5.0352295535457e-09,0.2350914758599174,0.07052744628263591
0,1.1149097219962149e-08,0.5651865053600728,0.16955595941238985
0,4.235343569539366e-09,0.2754720621962744,0.08264162162362282
0,1.2760605429984786e-07,0.5933889314656383,0.1780167687639295
0,4.435267350771482e-08,0.5860415391789158,0.1758124928005462
0,2.6767879144285465e-09,0.1968379241182756,0.05905137910923422
0,1.4004006270448748e-07,0.4268341710562489,0.12805034934491857
0,1.622619509351354e-09,0.20719647850829048,0.0621589446883208
0,7.355688598093032e-09,0.08240531020369168,0.024721598210089523
0,8.512839096072055e-06,0.09810694883136117,0.0294380436367756
0,1.153987912516293e-08,0.14675915627759883,0.044027754961195036
0,8.887128532206392e-10,0.5180303523495265,0.15540910632695695
0,2.1176713394402874e-09,0.26009992849214336,0.07802998003001294
0,8.356170301595216e-09,0.11106128050341635,0.03331839000034411
0,3.600916181978607e-09,0.2212390597668794,0.06637172045070514
0,2.9120319032675855e-08,0.42308371950239576,0.12692513623494203
0,2.739875248021499e-09,0.24101934490832122,0.07230580539040904
0,9.395595921436462e-09,0.30537862358815904,0.09161359365336486
0,4.620375489740055e-07,0.18682679883075326,0.05604836307551026
0,3.9887050401845024e-09,0.30882022450002977,0.09264607014210245
0,1.0753582318791453e-08,0.2549786986878203,0.0764936171338537
0,9.678910988188759e-08,0.29394780047376967,0.08818440789450782
0,6.677090551892987e-07,0.15729454658228792,0.04718883137102501
0,7.687342857462434e-08,0.13997545817150903,0.04199269126285271
0,7.162945742537741e-10,0.5756923262494347,0.1727076983762366
0,1.3972820561011568e-08,0.40801861654413163,0.12240559474421388
0,4.7300975514051066e-09,0.16799828165874764,0.05039948780869258
0,2.8655762406435678e-09,0.4056060728977251,0.1216818238752209
0,4.554180266427305e-09,0.386319042730502,0.11589571600707678
1,0.9999997787107034,0.42308384279507427,0.8269249979360146
0,6.148424088687129e-06,0.12307019133495811,0.03692536129734952
0,2.991013532519982e-09,0.28473764523418155,0.08542129566396393
0,8.907927048198467e-09,0.1578667658167977,0.047360035980588244
0,2.722119619432498e-07,0.25940158603648056,0.07782066635931752
0,1.9167167862873412e-09,0.10429180928069004,0.03128754412590876
0,2.31453801644332e-06,0.11898627941114348,0.035697503999954555
0,1.302504630651214e-07,0.10092065228339131,0.030276286860341537
0,6.874043712732167e-10,0.29983957345908996,0.08995187251891006
0,1.1031589681701053e-08,0.29699072945582405,0.08909722655886
0,4.549011436815851e-08,0.11317839898455273,0.03395355153844587
0,3.44288176312112e-09,0.19549886585721654,0.0586496621671822
0,1.7413661007685548e-09,0.17639776741423252,0.052919331443226025
0,3.628742993235084e-09,0.23985845610509338,0.07195753937164812
0,2.7352261501535474e-08,0.07344019817715697,0.02203207859973014
0,9.865569135942566e-09,0.09882779287298205,0.029648344767793006
0,1.9989567558542694e-10,0.13807955436680164,0.04142386644996746
0,9.247573003308413e-08,0.11240471023098908,0.03372147780230774
0,3.199637360332718e-08,0.12660879465695585,0.037982660794548276
0,7.969717167612918e-10,0.3661566571098739,0.10984699769084236
0,6.097882790532652e-08,0.34460132217549555,0.10338043933782819
0,5.321527514052933e-09,0.10505644119458124,0.03151693608344363
0,1.1773660500578199e-05,0.08610498217373974,0.025839736214472327
0,5.035506267064805e-10,0.7191835149628998,0.21575505484135535
0,9.044728000301324e-08,0.433525890731182,0.1300578305324506
0,8.081355449454128e-09,0.31910916243203125,0.09573275438655818
0,9.754101554716749e-09,0.031697063910311574,0.00950912600096456
0,7.438391425611998e-08,0.10278707620746474,0.030836174930979402
0,1.4091014004958696e-09,0.12987405120361972,0.03896221634745689
0,4.076086312062347e-08,0.09932629073776111,0.02979791575393252
0,2.914939586209004e-09,0.10610832365628031,0.031832499137341805
0,7.34370228756576e-07,0.25890081625064254,0.0776707589343529
0,1.1496650203258029e-08,0.2397872671793242,0.0719361882014524
0,1.0942015697051004e-09,0.22575760663837563,0.0677272827574538
0,4.833280231026263e-10,0.16513907748987333,0.04954172358529161
0,9.031222833505221e-08,0.7913155104437195,0.23739471635167567
0,1.4704709868198678e-08,0.3829614579774945,0.11488844768654524
0,1.0721409992126872e-08,0.02625292672935642,0.00787588552379392
0,1.128538694728391e-09,0.1842840058665387,0.05528520254993869
0,1.1830013445324563e-09,0.1981077927633369,0.059432338657102006
0,1.0476116016643097e-08,0.6560603211979421,0.19681810369266384
0,2.939561756109154e-08,0.3167085596494247,0.0950125884717597
0,2.9642778200573016e-08,0.2688656784555943,0.08065972428662302
0,4.608236451729467e-08,0.22536331961360523,0.06760902814173672
0,2.548763964873051e-09,0.7970927515336006,0.23912782724421494
0,5.425917188600128e-10,0.1495992769614699,0.04487978346825517
0,3.914197324518046e-06,0.06901355209995463,0.020706805568113554
0,6.162957134575837e-09,0.2022129841828404,0.06066389956892211
0,4.440994537429066e-09,0.4227204678574631,0.12681614346593512
0,4.0158104659051595e-08,0.17141254039966236,0.05142379023057197
0,1.5765723834033458e-05,0.30007590969724374,0.09003380891585694
0,5.43401340217416e-08,0.4807289324543974,0.14421871777441303
0,9.640243251335034e-09,0.24410583257613472,0.07323175652101069
0,1.7348964254237751e-09,0.2671070466678419,0.08013211521478007
0,3.3950634631019957e-09,0.10406388616832396,0.03121916822704161
0,5.180679743628451e-08,0.11424013081477957,0.034272075509192076
0,6.252823845797565e-08,0.16886790133782126,0.0506604141711133
0,3.3098523307220964e-09,0.18518773418772239,0.05555632257321335
0,9.774495062368045e-10,0.06730961407115466,0.02019288490556105
0,1.299553539334885e-08,0.20742230547244067,0.06222670073860697
0,1.475493887824877e-08,0.11873935357288856,0.03562181640032378
0,2.201169907455561e-08,0.29039559350405963,0.08711869345940723
0,2.4885419423122892e-09,0.23230884434521615,0.06969265504554421
0,2.8344212909268998e-08,0.1818250571276666,0.054547536979249016
0,8.229693725712577e-10,0.21288832155902093,0.06386649704378483
0,1.2879303298771365e-09,0.33306111763833524,0.09991833619305181
0,3.2871182658422436e-08,0.17175570654796157,0.05152673497421633
0,1.0182449934732092e-08,0.3021044115589927,0.09063133059541277
0,1.9758044091646088e-07,0.15825591197856692,0.04747691189987872
0,4.228498507588309e-08,0.1170717857746213,0.035121565331875944
0,2.241187964301819e-09,0.2561264540182845,0.07683793777431693
0,1.2203379389370167e-08,0.6871833895939627,0.2061550254205544
0,1.0204748951388611e-08,0.4525973671493275,0.1357792172881225
0,2.4601041150973773e-07,0.2708883356260604,0.08126667289510617
0,1.6377560315947342e-09,0.04894961143850762,0.014684884577981509
0,5.995820968060442e-10,0.190112098235948,0.05703362989049186
0,1.1922554178444991e-05,0.08294004454925175,0.024890359152700436
0,5.702864339803114e-09,0.12019092614089333,0.036057281834273036
0,1.4820551505147541e-09,0.2593049253092554,0.07779147863021522
0,8.813995909982505e-06,0.054761136075555106,0.01643451061980352
0,2.7701358806058105e-09,0.20318226228968095,0.060954680625999395
0,1.2182328654527852e-08,0.16636068065360565,0.04990821272371176
0,1.4091353284925388e-07,0.11304157045391516,0.03391256977564754
0,2.346890129371569e-07,0.10668745004887292,0.03200639929697093
0,1.2742332597138957e-09,0.19331975800688495,0.05799592829402876
0,2.0096981824658964e-07,0.1776172421348825,0.05328531331933752
0,3.5539509001436726e-09,0.127921301073481,0.03837639280980993
0,9.140378518633025e-10,0.2592665137245318,0.07777995475718603
0,1.2728622958525307e-09,0.11448840427271856,0.03434652217281917
0,1.0787641031193191e-07,0.12563919467608253,0.03769183391631198
0,1.4743936328645963e-08,0.08195161960627839,0.02458549620263895
0,1.3979869519846998e-09,0.26485444520655943,0.07945633454055868
0,3.097824895113164e-09,0.6907579222703639,0.20722737884958659
0,7.426178002238831e-10,0.1879890548262766,0.056396716967715435
0,1.5041320220424538e-07,0.4028250037406814,0.12084760641144597
0,2.52695117159953e-09,0.27264687235800156,0.08179406347626628
0,4.5544311327977545e-10,0.061737085776335965,0.018521126051710968
0,5.0179265897850825e-09,0.08291549839345647,0.02487465303058555
0,1.0679684522503486e-07,0.2989294408961082,0.08967890702662411
0,3.1954081589325643e-09,0.12404008218914164,0.0372120268935282
0,6.3356880470633015e-09,0.1747981827753512,0.05243945926758699
0,6.790547964705301e-09,0.7671776008266651,0.2301532850013831
0,1.6970802015288787e-09,0.13344326252063443,0.04003297994414647
0,2.433130521270069e-09,0.23547502170528722,0.07064250821477754
0,1.5249198816849342e-08,0.5028914897935997,0.15086745761251905
0,1.1670327035608624e-08,0.3053260860203011,0.09159783397531925
0,2.7848890287901848e-08,0.5890954432841874,0.17672865247947941
0,3.291899187449618e-08,0.07753379382325087,0.023260161190269572
0,4.443982951450997e-07,0.14875669092351518,0.04462731835586115
0,2.4472053429644286e-07,0.14702303660693672,0.04410708228645502
0,2.1330496923272972e-08,0.3534555064866942,0.10603666687735612
0,2.6444505548585716e-08,0.0640175983582364,0.019205298018624802
0,5.308280241519985e-08,0.20987682335162594,0.06296308416344948
0,4.11789239874781e-09,0.16626140197838812,0.049878423476041114
0,1.6747945422247109e-09,0.06811822909182275,0.020435469899903004
0,1.1388219465913644e-08,0.2505417252715981,0.07516252555323306
0,1.4728970599627112e-09,0.23454948698352596,0.07036484712608573
0,2.3210476216637623e-08,0.24838079429791438,0.07451425453670767
0,1.2090553147402296e-07,0.11897063837457833,0.035691276146245524
0,2.0164099165502876e-09,0.5421541589145442,0.1626462490858502
0,6.549554864823408e-10,0.17411223074932924,0.05223366968326761
0,7.04426597442596e-10,0.17897196042542396,0.0536915886207258
0,3.238034096919671e-08,0.4578306186845228,0.13734920827159552
0,9.941765106493675e-08,0.3275558520921886,0.09826682522001233
0,1.9554012294793555e-06,0.350006171954916,0.10500322036733545
0,5.25491691677795e-10,0.2614251269352914,0.0784275384484316
0,4.770685570744414e-09,0.10293455138020724,0.03088036875354207
0,9.403604964320679e-10,0.1481188855738993,0.04443566633042213
0,1.0041363907818237e-08,0.14871081296947175,0.04461325091979626
0,1.990532527191191e-07,0.22425624048974213,0.06727701148419954
0,5.458168296149555e-06,0.21093225306300134,0.0632834966367077
0,6.386129342256675e-09,0.35294803751365056,0.1058844157243857
0,2.36867631152766e-09,0.07561762653050585,0.022685289617225175
0,9.03090921220281e-10,0.5230662361384233,0.15691987147369063
0,1.7542921789718227e-09,0.1895663025123343,0.05686989198170481
0,3.651912027305923e-07,0.23997984608272827,0.07199420945866039
0,1.4650388360509686e-09,0.2848268512430556,0.08544805639844387
0,5.162868054864341e-09,0.3009102676525518,0.09027308390977318
0,8.15057315470556e-09,0.533098452679438,0.1599295415092326
0,2.1919980096114765e-05,0.34111294066191555,0.10234922618464194
0,2.11052656178678e-09,0.028404515847377798,0.008521356231581933
0,4.291888651555835e-09,0.12687205048993966,0.038061618151303954
0,4.9055982185372875e-09,0.11899146693338358,0.03569744351393383
0,6.064169260316989e-09,0.42493144689786455,0.12747943831427783
0,2.676229591503133e-09,0.15153066126715997,0.045459200253508705
0,2.746756310347985e-09,0.1302847191161306,0.0390854176575686
0,2.456210511227791e-09,0.14036585831344728,0.04210975921338154
0,6.02484327292208e-08,0.35107079001486996,0.1053212791783639
0,1.0780477268068532e-08,0.32229871965176693,0.09668962344186416
0,2.121381732699761e-06,0.31038584631981947,0.09311723886315873
0,7.323816238964542e-08,0.2561668361977206,0.07685010212602986
0,5.969983382079355e-09,0.10030721330480108,0.03009216817042869
0,9.59234754873873e-10,0.18579402316602822,0.055738207621272795
0,6.670827464454803e-08,0.12435017080279842,0.03730509793663178
0,1.3453457086031816e-08,0.10505433993987245,0.0315163113993817
0,3.2505672809436507e-09,0.3330835747594546,0.09992507470323347
0,9.589657805825944e-09,0.15153751084548817,0.04546125996640692
0,1.7337331676464468e-09,0.17784757967875442,0.053354275117239544
0,2.8549455237256805e-09,0.3590354694426938,0.10771064283127
0,2.906045476891039e-08,0.19193234938767068,0.05757972515861954
0,7.788130592968907e-06,0.4603478939766089,0.13810981988439774
0,6.1038401697531995e-09,0.33542868869859466,0.10062861088226652
0,4.081712338292362e-09,0.06242286423487631,0.018726862127661528
0,2.1767070148757235e-07,0.12523804168865715,0.03757156487608818
0,2.2370737013243005e-07,0.09480696655514953,0.02844224656170395
0,9.812936245413126e-08,0.3238789577979959,0.09716375602995249
0,2.1914281500751886e-09,0.12214455430034343,0.036643367824102734
0,1.3896251707053844e-08,0.3026170116528729,0.09078511322323807
0,4.270210709684157e-09,0.11067310346362869,0.0332019340282361
0,1.4207894597417088e-09,0.20598936661928768,0.06179681098033892
0,1.0041995034921397e-08,0.3420571531809693,0.10261715298368732
0,4.524604425786045e-08,0.23726331094288433,0.07117902495509627
0,3.953116700790367e-09,0.17870978164160078,0.05361293725966192
0,8.068262974300997e-09,0.6477165859626075,0.1943149814365663
0,1.132287131790328e-06,0.2320534915706126,0.06961684007217604
0,3.4104604295812633e-09,0.40070447614036553,0.12021134522943196
0,4.37608840689156e-09,0.6279608195469579,0.18838824892734926
0,1.0368512203444181e-07,0.3333978752791634,0.10001943516333445
0,9.374281001801423e-06,0.17111057446600675,0.05133973433650328
0,9.092671650122015e-09,0.4351972928654322,0.1305591942244998
0,2.24167581147801e-09,0.19272820508320065,0.057818463094133264
0,5.245388895099139e-09,0.1323749732612548,0.039712495650148665
0,1.7021695808973292e-09,0.16495140276142362,0.049485422019945796
0,7.002489715569719e-08,0.3182512528463577,0.09547542487133531
0,2.804782260760952e-08,0.09274619030347775,0.027823876724519147
0,3.031772716385709e-08,0.11174273642884225,0.03352284215106169
0,3.1882358569348677e-09,0.3785019738246499,0.11355059437916007
0,5.860642354947264e-09,0.1857634455293331,0.05572903776124958
0,7.582795163596557e-07,0.8072811201954171,0.24218486685428656
0,5.3185952410318715e-06,0.1392875430557713,0.0417899859334001
0,7.739506813960135e-10,0.24824974630534147,0.07447492443336792
0,1.7809157197495113e-08,0.11408214642640968,0.03422465639433294
0,5.852671376761718e-08,0.31325451058013276,0.09397639414273946
0,1.6308609757238952e-06,0.7535592937281228,0.22606892972111983
0,7.228036757209531e-08,0.1258845095580995,0.03776540346368715
0,3.7054977987822826e-07,0.2957483337061442,0.08872475949668918
0,6.445194936110106e-07,0.24159614854971,0.07247929572855853
0,3.1204884005007356e-09,0.17974273124169682,0.05392282155685092
0,4.589976157208044e-10,0.17161530496295874,0.05148459181018595
0,1.1218704049429146e-07,0.20420541477345044,0.061261702962963474
0,1.1610952894167171e-07,0.2814402548343825,0.08443215772698501
0,1.2361979709127371e-09,0.14933803129199386,0.044801410252936734
0,7.778485781646866e-06,0.19153279441981008,0.05746528326599017
0,1.1819485880260494e-08,0.05745584797689496,0.017236762666708604
0,2.9195405077314846e-08,0.2888200216822785,0.0866460269414671
0,2.9518651940659832e-08,0.6493537602728945,0.1948061487449247
0,1.4296537228537814e-08,0.10913174356885247,0.0327395330782318
0,2.5873210662428155e-07,0.13569832431558204,0.040709678407149244
0,8.967317344456008e-09,0.07462878966113562,0.022388643175462828
0,2.224777242778858e-09,0.008875185524804374,0.0026625572147853825
0,2.9280975772374957e-09,0.44990318716163036,0.1349709581981574
0,7.526675798824399e-10,0.08444115443886568,0.025332346858527012
0,5.454136303240282e-09,0.28487824535547135,0.08546347742453682
0,3.199502893239798e-08,0.2842500835543579,0.08527504746282762
0,7.512553554736492e-09,0.27927929144573904,0.0837837926925092
0,4.2189055888002583e-08,0.4682273491508758,0.14046823427760188
0,1.5148482378019044e-08,0.14856226243562942,0.04456868933462649
0,4.351490404169445e-09,0.1809210834598356,0.05427632808399396
0,2.5839317540697344e-05,0.08017888443564236,0.024071752852971195
0,9.642921175981571e-10,0.19194463896473912,0.057583392364426216
0,1.6868725646686357e-08,0.13516679198318116,0.0405500494030623
0,4.468383292780488e-06,0.5018368796044115,0.1505541917496284
0,3.404171683088632e-08,0.34629968150980783,0.10388992828214412
0,5.6857955529029174e-06,0.2567656329011083,0.07703366992721954
0,1.313371886994164e-09,0.08811619390424874,0.026434859090634942
0,1.4062205719955476e-08,0.2495671043524359,0.07487014114927477
0,3.862897692313971e-08,0.1695033046015726,0.05085101842075562
1,0.9999999246438452,0.2006017825348927,0.7601804820111594
0,3.5530818559515567e-09,0.2643744304333425,0.07931233161716006
0,2.3904098153040935e-08,0.21371729104572512,0.06411520404658623
0,3.88919190937093e-05,0.39236034620692006,0.11773532820544161
0,6.775935147459208e-09,0.26112565518876363,0.0783377012997837
0,1.3968214617659509e-08,0.21587612629720998,0.06476284766691323
0,2.0777624618036864e-06,0.14503652368262798,0.04351241153851166
0,2.883583496112382e-08,0.42312953239443696,0.12693887990341554
0,1.1630323850876584e-09,0.1397196730600443,0.04191590273213596
0,1.8605726011611866e-07,0.39159901872537417,0.11747983585769432
0,4.995433254141892e-10,0.19071150254463998,0.057213451113072314
0,5.271571709144349e-08,0.42081565692442624,0.12624473397832983
0,2.0182196148036655e-09,0.23096863187866545,0.06929059097635337
0,8.573609593862518e-10,0.3212043061509142,0.09636129244542695
0,9.60276795165878e-08,0.06307314567415112,0.018922010921620998
0,3.2889089807666955e-08,0.2695495951642728,0.08086490157164469
0,8.211177681280968e-09,0.2402772253672958,0.07208317335801312
0,4.629157198827311e-08,0.14862994485131953,0.04458901585949625
0,4.695486017396111e-08,0.40483316210869225,0.12144998150100979
0,1.2360106706945038e-07,0.09365631798726382,0.028096981916926094
0,8.846913975103977e-08,0.7755961036022307,0.23267889300906705
0,2.9587619539394415e-09,0.10528429728758548,0.03158529125740901
0,3.1915073732919137e-09,0.6785197366371929,0.20355592322521301
0,1.2966032170266121e-09,0.2648264502267993,0.07944793597566203
0,2.9856908581834883e-08,0.40978163773216203,0.1229345122194846
0,1.7004693715962145e-07,0.28239910051189077,0.08471984918642324
0,3.3079787612398214e-08,0.033237196189963014,0.009971182012840233
0,5.712928340652476e-09,0.7869479304285127,0.23608438312760366
0,2.195773022606768e-07,0.21683393839927512,0.06505033522389411
0,4.1730869884521345e-10,0.2241266237049343,0.06723798740359638
0,6.157269885846545e-09,0.431887225005099,0.1295661718116186
0,6.6236140241863695e-09,0.17968649066027764,0.05390595183461311
0,2.1115120765635416e-08,0.15553537743514279,0.046660628011127366
0,6.652957196143288e-09,0.5004630525407249,0.1501389204192875
0,5.609092594238828e-10,0.1379352401478362,0.04138057243698734
0,1.4215118199804918e-09,0.26901556914990066,0.08070467174002846
0,1.527337673016636e-08,0.35809871112089786,0.10742962402763306
0,7.384589366773359e-08,0.07705697636221742,0.02311714460079079
0,6.765766655376734e-10,0.08725895388781213,0.026177686639947306
0,1.2935301691071947e-08,0.22527599413523036,0.0675828072952803
0,5.780493625077745e-09,0.2559789903301397,0.07679370114538744
0,4.4238191934271855e-09,0.22478883359271362,0.06743665317448752
0,7.252745866357753e-10,0.09495003048096406,0.02848500965198143
0,2.547695703209286e-09,0.1773426555788168,0.053202798457032026
0,1.795112162324627e-09,0.08150361331964251,0.024451085252471267
0,2.2837400570333844e-07,0.6211757962656392,0.18635289874149574
0,1.588638022091849e-07,0.35470939178108585,0.1064129287389873
0,1.897616246890005e-09,0.16372844952480148,0.04911853618577182
0,4.9145685016705105e-09,0.22917483289027907,0.06875245330728166
0,1.3459941414579438e-08,0.40553545913675515,0.12166064716298552
0,3.1425796312713894e-07,0.07626773945522392,0.022880541817141366
0,2.4989535196667843e-09,0.44876064571316554,0.1346281954632171
0,4.347063461725841e-09,0.1721407501568819,0.05164222809000899
0,1.7456860498717482e-08,0.13174244097179044,0.03952274451133948
0,1.1008003257873811e-07,0.38236498761220195,0.11470957333968337
0,3.4515848116021346e-08,0.015033336496838912,0.004510025110145355
0,1.7823457167857274e-09,0.1283830454218705,0.03851491487420316
0,1.910740534558494e-07,0.1011937229530997,0.030358250637767325
0,2.8897435017331906e-08,0.571425714004874,0.1714277344296667
0,2.7099490730862534e-09,0.30079290303630624,0.09023787280785622
0,4.944740304619208e-10,0.2782573170055034,0.08347719544778283
0,1.5303115859051354e-08,0.3726130900553626,0.11178393772878988
0,2.0286879101869783e-08,0.610111862340974,0.1830335729031076
0,1.225850622070013e-09,0.15069041583786624,0.045207125609455306
0,1.3825369300028156e-09,0.26036482595350086,0.0781094487538261
0,3.8894781714837293e-07,0.3190036995492107,0.09570138212823522
0,1.3230914749135886e-07,0.30190076249219666,0.09057032136406223
0,2.5605231757139016e-08,0.1423898161907432,0.04271696278088519
0,1.2461313707012174e-08,0.38022651245118866,0.11406796245827619
0,3.940480579629526e-09,0.32500315693731974,0.09750094983953232
0,3.133691320356372e-06,0.391275279945696,0.11738477756763305
0,9.992082158831281e-09,0.21527916008159687,0.06458375501893657
0,3.859935710479427e-08,0.8102743716351606,0.24308233851009814
0,1.7933870891815443e-07,0.10881030720912666,0.03264321769983424
0,9.810493247904895e-09,0.6504253759316944,0.19512761964685357
0,1.4913919650750823e-09,0.028333340286477826,0.008500003129917723
0,3.0599198866782826e-09,0.19323673650772377,0.05797102309426105
0,2.023777577179936e-06,0.11135897210851964,0.03340910827685992
0,3.6321487654646686e-09,0.03636191409813738,0.010908576771945351
0,3.202334217276739e-09,0.13985269753810492,0.04195581150306543
0,5.574513434599209e-09,0.29301837655866303,0.08790551686975831
0,5.5451999351077464e-08,0.07986822217131562,0.02396050546779423
0,6.82764382994261e-10,0.11946269925639785,0.03583881025485442
0,5.7605591706604e-09,0.08283222482627206,0.024849671480273037
0,2.466909703089181e-09,0.2269260017214474,0.06807780224327101
0,5.003637292474133e-10,0.193421603238362,0.058026481321763204
0,1.2744725066500652e-09,0.0667372886110621,0.020021187475449384
0,2.802680457817872e-09,0.08196927227829776,0.024590783645365648
0,1.8179812541561627e-09,0.2373973772246003,0.07121921443996697
0,1.280404119325559e-08,0.12440349737244538,0.037321058174562445
0,4.7281862440357805e-09,0.2799891341772658,0.08399674356291009
0,2.182735801749267e-09,0.16725141990488812,0.050175427499381496
0,1.9094901873187364e-08,0.5876892700947045,0.17630679439484268
0,2.6626149357787717e-08,0.1669516696137705,0.0500855195224357
0,1.427622097265026e-08,0.23894938182066439,0.07168482453955399
0,6.515145242709881e-07,0.21899108994859517,0.06569778304474554
0,4.68110018345216e-10,0.16183864478554644,0.04855159376334094
0,3.01521517075013e-07,0.2636384625973296,0.07909174984426083
0,6.377653992355241e-10,0.23977377134897304,0.07193213185112769
0,3.532112754945807e-09,0.1474943385583053,0.044248304039970515
0,1.3286385988549292e-09,0.22053656932628307,0.06616097172793195
0,9.845670884283388e-08,0.12522891091372934,0.037568742193814994
0,2.8190298671379852e-09,0.14817882965832552,0.04445365087081856
0,2.7288422856010962e-08,0.18047249926377817,0.05414176888102945
0,1.6730596770972148e-09,0.1256063738698847,0.037681913332107186
0,1.259576334448634e-09,0.29521874578308416,0.08856562461662867
0,8.51879931059788e-10,0.11754122627070152,0.03526236847752641
0,3.1671344557108367e-06,0.1363353175866988,0.04090281227012864
0,1.7911421572814295e-09,0.5260944356215622,0.15782833194026816
0,2.5724100890227444e-09,0.1087966314759542,0.032638991243473324
0,1.0954825323352935e-08,0.2415376723691438,0.07246130937912086
0,3.486542698323795e-08,0.08020404663492176,0.024061238396275414
0,1.4634087293496081e-08,0.3813789278451065,0.11441368859739305
0,8.146639502025272e-10,0.17363515763737047,0.052090547861475905
0,1.372228691650151e-08,0.3102131852987914,0.09306396519523825
0,5.858044149871284e-09,0.0894912161526149,0.026847368946415377
0,8.606242992794575e-10,0.4966016918199436,0.1489805081484201
0,6.535431685579798e-10,0.2596660742859983,0.07789982274327971
0,1.947283224891254e-07,0.10417304991710985,0.03125205128495869
0,1.2959461032220786e-09,0.23077855433535155,0.06923356720776774
0,1.0557767750166069e-08,0.14150005965775314,0.042450025287763364
0,3.5510073671327035e-09,0.19716485739146772,0.05914945970314547
0,2.530453166763621e-08,0.22057721894308546,0.0661731833960978
0,1.2981549616308195e-09,0.44036374413182344,0.13210912414825549
0,4.033623964507946e-09,0.18915711605817076,0.056747137640987995
0,1.0416045071187484e-09,0.4007194863915289,0.1202158466465818
0,2.1297280852530957e-09,0.1265351630206747,0.037960550397012065
0,2.4591988920281454e-08,0.31170833672896225,0.09351251823308092
0,8.02452059360384e-08,0.2586006501424788,0.07758025121438779
0,4.756716297379683e-10,0.1665199668874322,0.0499559903991998
0,2.9751385077643747e-09,0.19623694572674322,0.05887108580061992
0,2.9653055594503944e-09,0.3424378017668249,0.10273134260576136
0,1.1575514862302137e-09,0.40698609798383745,0.12209583020543728
0,1.2114251139505327e-09,0.1360833787430159,0.04082501447090235
0,1.5879202464185893e-09,0.1169237471743777,0.03507712526385748
0,2.045879211250459e-06,0.22821237293320795,0.06846514399541025
0,9.20090802070828e-09,0.3236621102387577,0.09709863951226291
0,1.1690124687211542e-06,0.14895547792114727,0.04468746168507229
0,4.2567849811994476e-09,0.3509618203982484,0.10528854909922401
0,3.2652869761121455e-08,0.3858862579538024,0.11576590024314953
0,2.8178240785453517e-09,0.46612239835743163,0.13983672147970633
0,3.6178452403800796e-07,0.12498459491629799,0.03749563172405622
0,4.6803373935102705e-09,0.1969445422458853,0.05908336595000177
0,5.5491864508372513e-08,0.12224953858726118,0.036674900420483506
0,5.9508640303769e-09,0.2900055577562528,0.08700167149248066
0,1.3958642500508738e-09,0.36678030761931424,0.11003409326289924
0,1.3630591418438852e-07,0.2863134631440327,0.08589413435734973
0,2.283172042177876e-08,0.4053828053917382,0.12161485759972575
0,1.0409689265926831e-08,0.16288315197114933,0.04886495287812728
0,7.316608492915451e-08,0.12694940748425243,0.038084873461535176
0,2.0661416185498302e-08,0.31082255709593387,0.0932467815917715
0,2.7142726960481757e-09,0.14520814572126794,0.04356244561637127
0,8.138923378483053e-09,0.3200576171248407,0.09601729083469858
0,2.18710954171492e-09,0.47064739959703294,0.14119422141008656
0,1.383792177816433e-06,0.07456937815979714,0.02237178210246361
0,2.7929328413731455e-09,0.2138033764619276,0.06414101489363128
0,1.8840804844983538e-08,0.2946946329114243,0.08840840306199067
0,8.021155833613165e-08,0.0997270009014628,0.029918156418529677
0,7.985051009683332e-09,0.2271023057796424,0.06813069732342843
0,3.96266978445204e-08,0.2327349935679438,0.06982052580907162
0,2.3094672630034735e-09,0.14295531737671252,0.042886596829640834
0,2.8722528198572508e-08,0.21788985402642147,0.06536697631369619
0,1.0414786338648112e-07,0.399451188481307,0.11983542944789646
0,3.816774353088103e-09,0.3295449016588047,0.09886347316938345
0,8.422284943553453e-07,0.34162905532582755,0.1024893061576943
0,7.0111518085822126e-09,0.5609869263037209,0.16829608279892255
0,1.392907648968708e-09,0.20713759774647844,0.06214128029897888
0,5.445742638600344e-09,0.7255222329683473,0.217656673702524
0,8.449075801566071e-07,0.2754776447499824,0.08264388486030082
0,3.859690558310828e-09,0.20766109100991204,0.062298330004757
0,4.003856244551857e-08,0.12209280065722705,0.03662786822416183
0,3.7035518410079142e-09,0.5177488783603543,0.15532466610059256
0,7.872162456370272e-09,0.3179174054735554,0.09537522715258034
0,2.605055553684128e-09,0.27123717343595566,0.08137115385432558
0,6.7962957474146305e-09,0.2612218212659576,0.0783665511371943
0,4.0533278925804324e-08,0.441136485659705,0.13234097407120674
1,0.9999997051363524,0.06827622487367413,0.7204826610575489
0,5.1131089999569044e-08,0.22352368184646332,0.067057140345702
0,1.9765329053894805e-08,0.11244690851282857,0.03373408638957891
0,5.863349225173588e-08,0.21963795296320388,0.06589142693240574
0,3.5740751354552685e-08,0.12852671356848744,0.038558039089072176
0,1.2132642686031567e-08,0.2897699114439183,0.08693098192602536
0,2.4640778167427197e-09,0.1697814988145685,0.050934451369225024
0,5.308590865148354e-08,0.36851697358496127,0.11055512923562442
0,3.3833497129803707e-09,0.1495219298678241,0.044856581328692025
0,1.0453441010472587e-06,0.13178499666405452,0.03953623074008709
0,1.998511394808981e-08,0.8756247200771219,0.2626874300127163
0,5.305768280878432e-08,0.23567417398104085,0.07070228933469022
0,1.4163166445828714e-09,0.28038296625365555,0.08411489086751832
0,4.376752795571953e-08,0.4990139319123176,0.14970421021096486
0,7.71821706516019e-10,0.14998571923788995,0.044995716311642175
0,1.6945943764931482e-07,0.3738875367193929,0.11216637963742422
0,1.944874145475939e-08,0.4109962154108936,0.12329887823738708
0,1.4316020283397256e-08,0.2035287786965867,0.06105864363019021
0,4.790910044024737e-09,0.15844801219497917,0.047534407012130776
0,7.63846946566664e-09,0.17128201662629217,0.051384610334816276
0,1.3512679126833665e-07,0.26589249247150226,0.07976784233020456
0,1.6112153340435635e-09,0.24907043015667307,0.07472113017485264
0,4.6126167990633165e-08,0.3232674242060768,0.09698025955014063
0,8.500351033154292e-08,0.1221645251397836,0.03664941704439231
0,1.781174397172661e-09,0.4301782782682335,0.12905348472729214
0,1.7726199987934214e-08,0.2595868334918874,0.07787606245590621
0,2.1164678708052504e-08,0.1035491990663967,0.031064774535194108
0,2.9070267469454052e-08,0.12321275176541835,0.03696384587881273
0,1.059860710902791e-08,0.13901872737825105,0.04170562563250029
0,1.8995702753572245e-09,0.5459273617306365,0.16377820984889013
0,2.3113047597807417e-07,0.0945273092562231,0.028358354568200114
0,1.99593467208875e-09,0.2543216385253566,0.07629649295476125
0,2.559317736526767e-08,0.0728742164020183,0.021862282835829645
0,4.7562763392081686e-08,0.25486684694062545,0.076460087376122
0,1.5933000412760175e-09,0.41939764529993706,0.12581929470529116
0,1.0663183423596205e-09,0.1227080551018852,0.0368124172769884
0,3.299598588505885e-09,0.15661150037625216,0.046983452422594656
0,2.706201424300578e-10,0.1603756672782649,0.04811270037291357
0,1.5681152433898486e-08,0.20566434611399498,0.0616993148110052
0,1.3891756992400274e-09,0.4633174586400596,0.13899523856444088
0,2.861218368657034e-09,0.30486220080982296,0.09145866224579974
0,8.565535030211112e-09,0.3723952985331209,0.11171859555581079
0,4.5865591294589895e-09,0.18962564034399476,0.056887695313789816
0,2.6218176391660164e-05,0.10146392400761672,0.030457529925759178
0,5.115346372066622e-08,0.6334811853708563,0.19004439141868149
0,6.679614267752233e-07,0.06348354811953116,0.019045532008858092
0,5.5723665370286513e-08,0.3815866564380498,0.11447603593798068
0,1.7798672925714128e-09,0.500708104296224,0.15021243253477432
0,1.2058549235182406e-07,0.5852572597537957,0.17557726233598336
0,6.627730077946377e-08,0.25822603792053567,0.07746785777027124
0,1.241538390736777e-07,0.16278348451360325,0.048835132261768326
0,7.24110250289801e-08,0.26204631058010175,0.07861394386174804
0,6.904831998932919e-09,0.5692487913118568,0.17077464222693942
0,3.5498889497950937e-08,0.14183456796953775,0.04255039524008398
0,6.665373073121122e-09,0.20323518547865183,0.0609705603093567
0,5.263382596067745e-09,0.14199087197468085,0.04259726527677207
0,1.6315894103121184e-08,0.31367397482531134,0.09410220386871927
0,1.594398660292699e-09,0.0836984032196586,0.025109522081976643
0,1.4158192800217728e-07,0.2513266868121613,0.075398105150998
0,1.2465451918454504e-09,0.34442853566869014,0.10332856157318868
0,1.4384239633198275e-09,0.2100686500311557,0.06302059601624349
0,5.0288872356797786e-08,0.1621416163048468,0.04864252009366469
0,2.8497182449821524e-08,0.39629745058415633,0.11888925512327461
0,5.645850252191392e-06,0.1418676476164018,0.04256424638009707
0,8.641099794601644e-08,0.18999258905488603,0.05699783720416437
0,6.9522773003079294e-09,0.5219473993003889,0.15658422465671076
0,9.23494239790015e-08,0.1506811270936208,0.045204402772683026
0,1.5948913749241038e-09,0.5649599615466908,0.16948798958043118
0,2.149547584361924e-07,0.17429952580492403,0.052290008209808114
0,1.588030994367475e-08,0.1670105145624915,0.05010316548496441
0,8.154654519738722e-08,0.3338496406247624,0.10015494927001035
0,2.1646850505847166e-09,0.18774523380173136,0.05632357165579894
0,5.589780133751226e-06,0.07410397836557048,0.02223510635576477
0,2.4503384768383653e-08,0.43809560084257837,0.13142869740514285
0,5.95208841388204e-09,0.1471039876655097,0.044131200466114795
0,2.335953767601715e-08,0.30004586820152235,0.09001377681213307
0,9.973622564051108e-10,0.1852294960525167,0.055568849513908586
0,4.163869119367062e-09,0.08545883068999138,0.0256376521217058
0,1.6390458668053363e-09,0.4739910389392955,0.14219731282912076
0,6.138966778074233e-08,0.4968135726311157,0.14904411476210216
0,7.165081361332297e-09,0.34012212218695104,0.10203664167164227
0,1.57586013952505e-08,0.39379973897473086,0.11813993272344023
0,7.801948326747152e-09,0.11346284980437105,0.03403886040267514
0,2.133069072874336e-06,0.19258749079998316,0.057777740388345954
0,2.9730025329972693e-08,0.06859866037344231,0.020579618923050425
0,8.277944540464249e-08,0.18066054428572664,0.05419822123132977
0,2.3771640247792273e-09,0.15379875820851385,0.04613962912656897
0,5.232313991955857e-09,0.17648357888353428,0.05294507732768008
0,1.7959045900620958e-07,0.38420758845659164,0.1152624022502988
0,2.5252883922964396e-09,0.16018300728068313,0.04805490395190681
0,9.291316957513258e-08,0.1971098044594476,0.05913300637705298
0,5.925388289093656e-10,0.37085956889174887,0.11125787108230184
0,1.2232375012982021e-08,0.2022776078322257,0.06068329091233022
0,2.4500184730612643e-08,0.09896751269079762,0.029690270957368595
0,1.7471844070674628e-08,0.10372129107206196,0.031116399551909438
0,2.322532839148798e-08,0.25169996122089744,0.0755100046239991
0,7.622540896847218e-07,0.15494538496503363,0.04648414906737287
0,5.094385532122999e-10,0.27031973763184547,0.08109592164616063
0,8.071070025087169e-10,0.129298667027145,0.038789600673118395
0,3.378213872431975e-06,0.15388925563059996,0.04616914143889069
0,2.565635862674401e-09,0.39852099807600616,0.11955630121874694
0,6.018408021565012e-08,0.12091172128228078,0.03627355851354039
0,1.2274627829201493e-07,0.14313572043552403,0.04294080205305201
0,2.1666944142850906e-08,0.21019659364893184,0.06305899326154045
0,1.0089633724092408e-08,0.27388634976415005,0.08216591199198862
0,1.0168120234769183e-08,0.518242055646556,0.15547262381165097
0,2.6602028010011963e-09,0.4972023443847068,0.149160705177554
0,9.676299344407015e-10,0.5528000432458909,0.16584001365110823
0,3.1262574105729766e-09,0.021130906011002426,0.006339273991680915
0,2.511373885413269e-07,0.3680355104586819,0.11041082893377654
0,6.672114072796882e-09,0.1943843735007773,0.05831531672071304
0,3.4467326622158713e-10,0.1872111666323859,0.05616335023098706
0,6.108781568459428e-09,0.5572766267664254,0.16718299230607472
0,4.266595188341117e-09,0.11255479054874562,0.03376644015124032
0,7.604716963978971e-09,0.17644684785563358,0.05293405967999195
0,7.135759463359875e-10,0.1856516378799029,0.055695491863474035
0,9.234685313282519e-10,0.39715294574465365,0.11914588436982405
0,6.587873616873562e-09,0.263561188725399,0.07906836122913123
0,1.954380507588504e-06,0.19393010438265967,0.058180399381153214
0,2.5567923239350455e-07,0.41708122533988046,0.1251245465774268
0,2.031078772324688e-08,0.3999720779093766,0.11999163759036438
0,2.2860590066244713e-09,0.16827375439261882,0.050482127918026955
0,4.564826697126782e-07,0.2749641371122542,0.08248956067154506
0,4.445758769023856e-09,0.25254330586888074,0.07576299487269535
0,8.990751699184494e-09,0.2413779600611864,0.0724133943118821
0,1.2441258853193383e-08,0.33844684461275243,0.10153406209270692
0,5.263277523927174e-09,0.5366264856602678,0.1609879493823746
0,1.8993558272012636e-06,0.09721614789198041,0.02916617391667316
0,2.3871141728288103e-09,0.3290120757735624,0.09870362440304864
0,6.736982894918501e-10,0.15881249328605918,0.04764374845740656
0,2.3379621853763167e-06,0.11354814070603314,0.0340660787853397
0,5.3993460392901315e-08,0.26022032785044547,0.07806613615055591
0,1.4077149349631144e-09,0.22577331650761912,0.06773199593768618
0,8.675886242876744e-09,0.045899196989959035,0.01376976517010808
0,2.8587775435508764e-09,0.026047547244410052,0.007814266174467295
0,4.227999531692227e-09,0.585941352903248,0.17578240883057408
0,1.3552196022611654e-06,0.06865176957093888,0.020596479525003247
0,1.3825310535225319e-06,0.18841294589051272,0.05652485153889127
0,6.7254237504450654e-09,0.135494096796837,0.04064823374684772
0,9.676738756247583e-09,0.15777627016226614,0.04733288782239697
0,4.883632608457063e-09,0.5834943197056168,0.1750482993302279
1,0.9999995690634392,0.43056842064230527,0.829170224537099
0,1.6979241847995306e-08,0.2004470745399627,0.0601341342474581
0,2.9310024834463974e-09,0.18693388719723847,0.05608016821087328
0,1.7077747619510634e-08,0.28823078861933515,0.08646924854022388
0,2.701345152049988e-09,0.32043679811322157,0.09613104132490807
0,5.605729087412384e-09,0.1423747472511031,0.04271242809934129
0,1.0362402309487687e-07,0.21215674627089576,0.06364709641808489
0,4.4235600051005055e-10,0.11502268872989074,0.03450680692861642
0,5.097077059027344e-08,0.2700479346163298,0.08101441606443835
0,5.423316498478553e-07,0.12715132269952423,0.03814577644201216
0,4.144057578776051e-09,0.45752465149790245,0.13725739835021106
0,2.2139872060985552e-08,0.20012747442244494,0.06003825782464392
0,4.1871330990509796e-07,0.3455870219925764,0.10367639969708985
0,5.980100616889935e-07,0.05607195914438301,0.016822006350358083
0,1.7969667954210008e-07,0.3753027490869413,0.11259095051375806
0,6.256529699349013e-10,0.28392792696825386,0.08517837852843323
0,6.489025597935734e-07,0.28525950148363244,0.08557830467688159
0,2.499711753494694e-07,0.33445743249638404,0.10033740472873795
0,2.655903662745318e-06,0.29317388281321455,0.08795402397652828
0,2.527512912580146e-08,0.34157381251504004,0.1024721614471024
0,6.402980635108578e-08,0.13609372090020233,0.040828161090925144
0,1.1386847031808179e-09,0.24422418861233886,0.07326725738078095
0,1.6987888199127767e-05,0.7874058116079087,0.23623363500411199
0,7.500409129821621e-08,0.3850705761778229,0.11552122535621077
0,4.42182098350342e-09,0.40499271476722976,0.12149781752544361
0,2.8381437739445703e-09,0.24675725832632567,0.07402717948459833
0,5.933437698698314e-09,0.3080266047024568,0.09240798556414342
0,1.7134847249482967e-09,0.05621935422119351,0.01686580746579736
0,1.1239203128478954e-08,0.5084690763936739,0.15254073078554437
0,1.2235787448775238e-09,0.5599433670651812,0.16798301097605947
0,3.685158759487001e-09,0.16949544623990498,0.05084863645158262
0,1.6872964372228698e-08,0.15463966623668768,0.046391911682081365
0,2.114581976149081e-08,0.15707638711671235,0.04712293093708753
0,3.5994915082904165e-08,0.2541193884470343,0.07623584173055084
0,1.7360133621064344e-08,0.24401034563338897,0.07320311584211023
0,1.7456001127581714e-09,0.09077593174629084,0.02723278074580733
0,5.94604912657305e-10,0.16610371250198763,0.04983111416681973
0,1.2995407467704738e-09,0.2896977337294817,0.08690932102852304
0,1.4512748994080643e-08,0.2512742152557518,0.07538227473564983
0,1.65622756709312e-07,0.1907607282699988,0.05722833441692933
0,1.3578957998341041e-09,0.18049392495503702,0.05414817843703817
0,4.416165248070743e-09,0.24657172503125013,0.07397152060069072
0,1.99332911950696e-06,0.1272230872072584,0.03816832149256117
1,0.9999997560696405,0.39676450100886385,0.8190291795514075
0,1.1209566274949049e-06,0.0849986083388864,0.025500367171305164
0,1.172580991606808e-08,0.33907820530219124,0.1017234697987243
0,4.828223978868997e-09,0.32324307955927767,0.09697292724754007
0,8.954640212778014e-08,0.17404744093109448,0.052214294961809835
0,1.375768471909718e-08,0.2023362326619763,0.0607008794289722
0,1.2280382884025955e-05,0.269193290166711,0.08076658331803212
0,1.2668594207274224e-05,0.5200894688260325,0.15603570866375482
0,1.475951696158083e-07,0.4018294102674881,0.12054892639686515
0,4.749809686049912e-09,0.08451006030111397,0.02535302141520097
0,1.4977949518957476e-08,0.26385850134197164,0.07915756088715616
0,7.367057785969375e-09,0.19643983023875722,0.05893195422856761
0,6.564037745622558e-10,0.3032906204229989,0.09098718658638232
0,1.2661578113542919e-06,0.6991637895035974,0.20975002316154714
0,2.0400399194262605e-08,0.6124888282491789,0.1837466627550331
0,1.4886329291277356e-07,0.18445030888168157,0.05533519686880951
0,5.547572990976082e-09,0.4236610053399307,0.12709830548528028
0,1.6588702941448963e-09,0.16697567555079706,0.05009270382644832
0,8.102457987070483e-08,0.3259768602332107,0.09779311478716911
0,1.4182856273906925e-05,0.13717995166622787,0.041163913499260095
0,2.0836044864222793e-09,0.34776547487337695,0.10432964392053622
0,1.9612810882091767e-08,0.2476456507996032,0.07429370896884857
0,9.153043182224831e-09,0.32671388355824593,0.098014171474604
0,1.863230044736954e-09,0.1656535805170395,0.04969607545937288
0,5.355850752053951e-09,0.056248749758813776,0.01687462867673966
0,2.0310467178216656e-09,0.24382692683608065,0.0731480794725569
0,8.094376244162925e-10,0.10709685217542975,0.03212905621923526
0,1.2258828762470422e-06,0.12196138446221971,0.03658927345667929
0,9.530637287134292e-10,0.10863060849713269,0.032589183216284415
0,2.580332006775605e-08,0.09400036611925744,0.028200127898101276
0,1.6691979796482887e-09,0.15352522741213448,0.04605756939207893
0,2.7521955883271146e-06,0.05888507999845316,0.017667450536447776
0,3.5724373569880496e-09,0.3711163427881021,0.11133490533713679
0,1.634928663672398e-09,0.07511427568953144,0.022534283851309497
0,4.535393252424355e-08,0.092676799466338,0.027803071587654167
0,5.577779203461067e-07,0.049935179434855925,0.01498094427500102
1,0.999999717167794,0.1950201341988279,0.7585058422771042
0,1.600159007907524e-08,0.22255918800668362,0.06676776760311813
0,8.458213391053575e-10,0.07940514206998361,0.02382154321307002
0,1.3323326511050834e-09,0.1582597615651632,0.04747792940218181
0,9.889683230071098e-08,0.09579174068795804,0.02873759143417002
0,1.7357655012155435e-09,0.3453603185920846,0.10360809679266123
0,2.6944719892085178e-08,0.07905149565916803,0.02371546755905433
0,1.3070368181647877e-08,0.4059113010406561,0.12177339946145455
0,8.91618465528376e-09,0.08541668463473817,0.02562501163175071
0,1.0337710251604203e-09,0.10496666770473784,0.03149000103506107
0,2.117675249654406e-08,0.21367489816573282,0.06410248427344659
0,6.1788767071229456e-09,0.15760428930119907,0.047281291115573415
0,1.901534868573014e-09,0.21301033209989673,0.06390310096104342
0,8.069766382134678e-07,0.1434801045675408,0.04304459625390898
0,1.5264128962191103e-07,0.16462502842482774,0.04938761537635105
0,7.74444660112542e-08,0.18017823001869437,0.05405352321673452
0,3.4461752142232378e-09,0.12909224219483284,0.038727675070772495
0,1.7898186866504927e-09,0.5857041864428811,0.1757112571857374
0,1.7112429125950284e-08,0.0833116846532902,0.024993517374687448
0,2.0384163040684997e-05,0.17549334330135058,0.05266227190453365
0,2.152979834266018e-08,0.5517351474507577,0.16552055930608614
0,2.501407091350626e-07,0.13795203845643988,0.041385786635428364
0,3.0272308409526727e-09,0.28334323982202303,0.0850029740656685
0,7.51170391027728e-10,0.25202313774575635,0.07560694184954618
0,6.2538533739870935e-09,0.09654951760474162,0.028964859659119845
0,1.1399422459175754e-08,0.28437633949963936,0.08531290982948753
0,9.361118108171927e-06,0.49315640856683307,0.14795347535272563
0,1.0477785369849694e-08,0.08199690799509463,0.024599079732978146
0,2.2793349890554126e-09,0.05687815560724452,0.017063448277707848
0,7.222872267281668e-10,0.2799105440321632,0.08397316371525002
0,5.292738021029639e-09,0.32167731312703984,0.09650319764302856
0,1.535645795746546e-07,0.27806569495832345,0.08341981598270275
0,4.6512171553061654e-09,0.1339572434123525,0.04018717627955776
0,1.9798276377499425e-08,0.10389776376618787,0.03116934298864982
0,3.061751731559493e-08,0.15239315907987505,0.045717969156224635
0,4.613514607321092e-08,0.5927992466699925,0.17783980629559998
0,1.8124261682370362e-09,0.21514384347104343,0.06454315431001134
0,7.131676899292641e-10,0.22478044563927257,0.06743413419099915
0,4.12166108721685e-08,0.22782938244282247,0.06834884358447435
0,8.746627117285272e-08,0.13844679489799616,0.04153409969578867
0,4.185511346133938e-08,0.46383419599812026,0.1391502880980155
0,6.952933269053047e-10,0.08674992974374574,0.02602497940982905
0,1.941085551163211e-08,0.29620942902357106,0.08886284229467016
0,5.110754630828937e-10,0.10085728301008201,0.030257185260777426
0,1.6857391803234626e-08,0.11971922555957426,0.03591577946804654
0,5.462274916036054e-07,0.47269369983641873,0.14180849231016973
0,3.5240096934635836e-06,0.12483149700092966,0.03745191590706432
0,8.300859951841951e-09,0.3484866413359531,0.1045459982113879
0,4.3947460249177025e-09,0.13005006308736344,0.03901502200253125
0,4.386413301232437e-09,0.27076929117893245,0.08123079042416904
0,1.753971077171276e-08,0.19844443254287525,0.05953334204066012
0,1.0278198693331475e-08,0.4171789505701734,0.1251536923657911
0,4.29975347535714e-08,0.13451305276239334,0.040353945926992325
0,1.05963778845467e-09,0.18920220835831159,0.05676066324923992
0,1.4922175408657446e-07,0.15441015542367464,0.046323151082330254
0,3.4600382589895315e-09,0.22833569617822014,0.06850071127549283
0,7.461154448762028e-08,0.24577299125325436,0.07373194960405745
0,1.0773859783480685e-07,0.0992254419341485,0.029767707997263033
0,6.089220473675577e-10,0.22735527373160025,0.0682065825457255
0,3.407001243143103e-08,0.3933987241601691,0.11801964109705941
0,8.765571511608029e-09,0.17232851316524223,0.051698560085472724
0,1.4492798087649267e-07,0.4809090872390125,0.14427282762129037
0,1.2406313859513584e-09,0.14447098471764774,0.04334129628373629
0,4.583029948159635e-07,0.08986716517245086,0.02696047036383163
0,1.0835955034166957e-07,0.2671573028167027,0.08014726669669604
0,4.1264123456031594e-08,0.177158565129521,0.05314759842374272
0,4.7578116829099695e-09,0.27957844944613597,0.08387353816430897
0,1.1806424712378797e-08,0.08007875998885317,0.024023636261153246
0,6.028449893755936e-09,0.06477226416648185,0.01943168346985948
0,3.052838299654746e-07,0.0832488055541154,0.024974855364915595
0,2.560806626231008e-09,0.285288189184951,0.08558645854804994
0,1.6879879537278115e-09,0.15950931871673535,0.04785279679661217
0,1.0100399681345065e-06,0.26234811580440465,0.07870514176929909
0,1.6414035022010074e-08,0.10128284072474303,0.030384863707247422
0,3.6684568854894163e-09,0.1293515633396961,0.03880547156982865
0,9.418740132149579e-06,0.35096807686798215,0.10529701617848715
0,3.6413799562551854e-09,0.5564571525676707,0.16693714831926718
0,2.7955688033641863e-09,0.09749694431138833,0.02924908525031466
0,3.216089025263858e-08,0.1894357486947671,0.0568307471210533
0,3.728754290787557e-09,0.08898004542492632,0.026694016237605898
0,1.6298437559724237e-09,0.022102272077216822,0.006630682764055676
0,3.0888203472489294e-09,0.0697699440606604,0.020930985380372358
0,5.430106590700948e-09,0.22408811668229,0.06722643880576161
0,2.1746949008536748e-06,0.2675899710838282,0.08027851361157905
1,0.9999996467417507,0.3231049073222694,0.7969312249159063
0,6.006164244275335e-09,0.2679694015720131,0.08039082467591889
0,1.0386999030676187e-07,0.42175145310165374,0.12652550863948933
0,1.3418793064647985e-09,0.4586477434526961,0.13759432397512433
0,7.545644928052966e-09,0.055133246689301973,0.01653997928874204
0,2.268238048409425e-09,0.5052371666627864,0.15157115158660256
0,2.2400684204948023e-07,0.25395283566982096,0.07618600750573572
0,9.622194034379167e-08,0.6802656000641633,0.2040797473746072
0,8.23672886761454e-10,0.105757110018324,0.03172713358206822
0,9.173269630432867e-10,0.4911555313771494,0.1473466600552737
0,1.6433217622778456e-09,0.09044743414030021,0.027134231392415296
0,1.2199810907948712e-09,0.07403744428516712,0.0222112341395369
0,6.327063033362948e-09,0.4513628234140068,0.13540885145314616
0,3.7713482479999664e-08,0.1371864027398898,0.04115594722140467
0,4.1106141135412894e-10,0.42465197117610065,0.12739559164057318
0,6.050500201791575e-09,0.18973445426452396,0.056920340514707325
0,4.804176704964507e-09,0.18160688583946416,0.05448206911476294
0,1.0425205481042323e-09,0.169513791281799,0.05085413811430408
0,8.032746567745942e-09,0.17925813011310243,0.05377744465685333
0,1.665662069741968e-09,0.3218792119532139,0.09656376475192761
0,5.542167042180233e-09,0.2064455016275124,0.06193365436777065
0,8.195798462543047e-08,0.18814763007991286,0.0564443463945631
0,6.849476202754269e-10,0.040648891973745105,0.012194668071586865
0,6.747365990305118e-09,0.35937436840957815,0.10781231524602965
0,2.416514899349486e-09,0.19238844835645497,0.05771653619849691
0,5.1760514367333475e-09,0.3360022389228636,0.1008006753000951
0,6.315535962756719e-08,0.14316881082054866,0.04295068745491634
0,1.4783214059424143e-06,0.24656121944117904,0.07396940065733787
0,2.7711014928359456e-06,0.16867054491070965,0.05060310324425788
0,2.81276738337651e-06,0.1936267637039173,0.05808999804834355
0,1.6997342271691745e-06,0.14700948302737316,0.04410403472217096
0,4.103389382675878e-06,0.24054920105377697,0.07216763268870095
0,1.490710783764047e-09,0.22575280715227564,0.06772584318918023
0,1.7916008220682496e-07,0.05312136808794565,0.015936535838441238
0,8.550160396379499e-09,0.15572538087190513,0.04671762024668382
0,1.4789038704426605e-09,0.5047416344654971,0.15142249137488184
0,9.166023751812134e-09,0.24040705576352717,0.07212212314527477
0,8.166007874173351e-09,0.21110625800191418,0.06333188311677976
0,1.5739336329940556e-07,0.2006448189925253,0.0601935558731119
0,1.046735621512418e-08,0.2509647974494045,0.07528944656197069
0,2.8352353827216673e-09,0.13859046524571128,0.04157714155837815
0,6.138250185077382e-07,0.17099366090086898,0.051298527947773655
0,4.466599271840353e-08,0.6108405532439098,0.18325219723936786
0,3.2414962568600454e-07,0.10987121976923508,0.0329615928355085
0,3.3260350430522035e-09,0.2421702795416979,0.07265108619073389
0,9.499668595698619e-09,0.14945363798077538,0.04483609804400063
0,2.0914561503992765e-09,0.3891245606759992,0.11673736966681907
0,4.807598845536863e-09,0.2557411943061161,0.07672236165715401
0,1.2604854072711344e-08,0.20663593845663109,0.061990790360387175
0,6.372646904194905e-09,0.31377995861529917,0.09413399204544258
0,1.7240363960000067e-09,0.23077130860098172,0.06923139378711998
0,5.677499509208212e-08,0.13710266788445635,0.041130840107833466
0,1.2751504519157896e-09,0.02845715979616159,0.008537148831453793
0,6.578931489057251e-09,0.03884431673214739,0.011653299624896259
0,2.975567294537652e-09,0.732651816781646,0.2197955471173909
0,2.3135042548126204e-07,0.6982099986715049,0.2094631615467493
0,1.1343724861673929e-08,0.2759107372027728,0.08277322910143925
0,1.2153890425995257e-07,0.14407951074672443,0.043223938301250306
0,2.1983972125932642e-07,0.19183241876838997,0.05754987951832187
0,1.1375164715106742e-09,0.3033799976742021,0.09101400009852216
0,6.14264112571419e-09,0.02684240933323434,0.00805272709981909
0,1.0251772570539387e-09,0.468086377162654,0.14042591386642025
0,5.53800073050044e-07,0.1325931741485642,0.039778339904620395
0,2.167761753199644e-09,0.17481816693978747,0.05244545159936947
0,1.1354367622637852e-08,0.09213345506313342,0.027640044466997363
0,3.3374735780296097e-09,0.3726111088048394,0.11178333497768331
0,2.9082379227042277e-09,0.050103607257506955,0.015031084213018632
0,1.094168811094181e-09,0.10369583126874715,0.031108750146542314
0,2.4425656652916884e-08,0.38675349740821774,0.11602606632042498
0,8.266301227566826e-07,0.1991254381534714,0.05973821008712734
0,3.1692602336166854e-09,0.21127498792701283,0.06338249859658601
0,1.5010623019700453e-09,0.064002967361943,0.01920089125932651
0,5.209627189638269e-06,0.05748719819718373,0.017249806198187865
0,5.4272089342080914e-09,0.30704769530615716,0.0921143123908934
0,1.234809795913384e-07,0.17265957755557826,0.05179795970335919
0,1.6624187798595378e-09,0.15532697296203024,0.04659809305230222
0,1.780158911924483e-09,0.15140009655892694,0.04542003021378932
0,1.2716139306496232e-07,0.12664888057050516,0.03799475318412669
0,1.7710386003751898e-08,0.09429446544759135,0.028288352031547608
0,3.1756492330145964e-09,0.1345409591412816,0.04036228996533895
0,7.817252862417291e-09,0.5572696263584578,0.16718089337961434
0,6.648388474848087e-07,0.10046670690022186,0.0301404774572598
0,2.9311565230091233e-09,0.5243101490721216,0.15729304677344602
0,1.0319390929366614e-08,0.194721103543389,0.05841633828659035
0,7.273337153989924e-10,0.3443141054557737,0.1032942321458657
0,2.2174173706776707e-09,0.23423961151085104,0.07027188500544747
0,1.1741131334966999e-08,0.38577143825408877,0.11573143969501856
0,3.5952223854670556e-08,0.4245185325496571,0.12735558493145382
0,4.328086085363075e-08,0.3342024883848226,0.10026077681204937
0,3.441566495657713e-09,0.268812301461694,0.08064369284760474
0,1.8426548976046638e-09,0.11648065501013816,0.034944197792899874
0,6.140076993267273e-08,0.05223339251207082,0.0156700607341602
0,2.2806365969627564e-07,0.5294282357226927,0.1588286303613696
0,1.0255009245016256e-07,0.2547252112652354,0.07641763516463533
0,4.277989836022838e-09,0.32583137043081767,0.09774941412383818
0,8.133468476594795e-09,0.2929825522397391,0.08789477136534968
0,3.7458756650717364e-10,0.20797263019266177,0.06239178932000982
0,1.0534522927121163e-08,0.13876679327809271,0.04163004535759386
0,1.3574491791475502e-09,0.7933291105124407,0.23799873410394665
0,1.594826711673575e-08,0.3645972625494516,0.10937918992862244
0,8.516538110275728e-09,0.12498782263858887,0.037496352753153335
0,3.934054421630869e-09,0.35097044908128294,0.10529113747822298
0,1.4627011549505423e-08,0.47165158756528425,0.14149548650849336
0,2.0325797945018166e-08,0.5055250070349453,0.15165751633854216
0,1.558784186989853e-09,0.33236710627701893,0.09971013297425461
0,2.5697802699965463e-07,0.1347043057916386,0.040411471622110486
0,2.0039987132495633e-09,0.32773217170481217,0.09831965291424274
0,4.793934074899173e-09,0.17850733692912724,0.053552204434492025
0,4.076567312226731e-09,0.5937331343884218,0.17811994317012364
0,2.2365226462385555e-09,0.1563325633860212,0.04689977058137221
0,1.2203218485540657e-08,0.331193798977939,0.09935814823563464
0,4.20390122109374e-09,0.4505412841980092,0.1351623882021336
0,3.484203796498658e-09,0.13824302954237555,0.04147291130165532
0,2.2895864327823673e-07,0.13171273521461635,0.0395139808354352
0,2.919545232196233e-09,0.3241758177643276,0.09725274737297994
0,4.279041614754218e-08,0.21561046778394466,0.0646831702884747
0,4.642014776951163e-06,0.12288122978744376,0.036867618346576994
0,4.966685143437232e-09,0.19611497135015998,0.05883449488172759
0,3.781373470814945e-06,0.32575386936244466,0.09772880777016296
0,5.1337196159545645e-08,0.16449110371003317,0.04934736704904726
0,1.1464075616287253e-08,0.31841961136328534,0.09552589143383854
0,1.0471769867174094e-08,0.35478454335548937,0.10643537033688572
0,7.469254128063907e-08,0.18960895697455127,0.056882739377144276
0,1.7778626485622234e-06,0.0486919881630804,0.014608840952778115
0,1.3447254408630905e-08,0.480657416710384,0.14419723442619328
0,1.6127830457748863e-07,0.551112246436261,0.1653337868256915
0,1.547454559662044e-09,0.35739636607938763,0.10721891090703448
0,1.6506031991487776e-09,0.4196767647246986,0.1259030305728318
0,2.0550900896085152e-09,0.11946860941792548,0.035840584263940704
0,3.511592859643194e-09,0.050862166570303735,0.015258652429206121
0,5.40727887338586e-08,0.21954695842322014,0.06586412537791815
0,5.703856879676877e-10,0.13692935133939887,0.04107880580108964
0,1.5667049381161732e-08,0.02023359987760731,0.006070090930216761
0,6.176340710483509e-09,0.3332623407287697,0.0999787065420694
1,0.9999994550531038,0.25746603648543853,0.7772394294828042
0,1.1371552890543657e-08,0.26549650805579406,0.07964896037682523
0,1.6207427719540332e-08,0.11131485404899644,0.03339446755989833
0,4.699180797855053e-09,0.14162600703905848,0.0424878054011441
0,2.1236588409132147e-09,0.36228577032248566,0.10868573258330688
0,2.8427057338688927e-09,0.4005988059734168,0.12017964378191905
0,4.733070227390071e-09,0.07464508897594768,0.02239353000593346
0,2.5716853204765306e-09,0.34140422744138255,0.10242127003259449
0,2.2391472269790097e-10,0.2042354879155922,0.06127064653141797
0,4.089546149357674e-08,0.5380604683496444,0.16141816913171636
0,2.6727917190829906e-07,0.2246054329250462,0.06738181697293419
0,5.308372569413769e-10,0.07121468113737406,0.0213644047127983
1,0.9999998371425257,0.3652664902417315,0.8095798330722874
0,1.0358855969856846e-08,0.18553393701645238,0.055660188356134885
0,8.136315445873275e-09,0.17438089216201136,0.05231427334402422
0,8.959962243421878e-09,0.32497584212115405,0.09749275890831978
0,8.87286046700306e-09,0.4918246369523879,0.14754739729671867
0,1.5341516626295274e-09,0.4722190095678337,0.14166570394425626
0,9.020744404709058e-09,0.4393662465936181,0.1318098802926065
1,0.9999997134320215,0.24037784683399965,0.772113153452615
0,4.279020462021599e-09,0.4297436068442112,0.1289230850485777
1,0.9999998739718897,0.3330572507348527,0.7999170870007786
0,5.333770009632823e-10,0.07833686350926183,0.023501059426142452
0,1.8141238173516136e-09,0.05182100043420268,0.015546301400147474
0,3.809120563223366e-09,0.287510009517284,0.08625300552156959
0,3.236283858820204e-09,0.09502504437310932,0.0285075155773315
0,4.673288792795193e-09,0.6394693668638461,0.191840813330456
0,4.9914535865150896e-09,0.208626401811687,0.06258792403752361
0,5.974270009836653e-09,0.44652904546716765,0.1339587178221393
0,1.2178336714351697e-09,0.12081611020644822,0.03624483391441804
0,2.7490155290298897e-08,0.3254995081649992,0.09764987169260846
0,1.2330749536307866e-09,0.11358631603561009,0.03407589567383549
0,1.6584964618445135e-09,0.07767256924795585,0.023301771935334274
0,1.8926406663639035e-08,0.3711521533590032,0.11134565925618563
0,4.231747496229469e-09,0.0809565660448397,0.024286972775675156
0,6.233381303026695e-08,0.20921459179763002,0.06276442117295812
0,6.375206523618309e-09,0.23354301255738819,0.07006290822986103
0,9.39016921544861e-09,0.12764510266751472,0.03829353737337287
0,6.8547067659167764e-09,0.41783463998097015,0.12535039679258578
0,2.1571660733386513e-07,0.15456242868369796,0.04636887960673452
0,3.1762934763781874e-08,0.0838870864707798,0.025166148175288273
0,2.6372001528949927e-08,0.1486442642441611,0.0445932977336494
0,4.2644327999950675e-09,0.41376254313472827,0.12412876592552143
0,1.3330813074832592e-08,0.12175034563718301,0.03652511302272405
0,4.7892124814893774e-08,0.11744139355864092,0.03523245159207965
0,6.564211205986471e-09,0.5506629847278448,0.1651989000133013
0,2.586276609671337e-09,0.13011348551969937,0.039034047466303436
0,9.620719182503924e-09,0.0622665974455302,0.018679985968162487
0,8.66340428241859e-09,0.07863278910110294,0.02358984279471388
0,7.74794911528207e-09,0.48344157108229446,0.1450324767482527
0,4.1183711053512e-09,0.2476164985547643,0.07428495244928907
0,9.592510981879099e-06,0.05229810770609311,0.01569614706951525
0,2.9774668599549635e-09,0.22041717734628785,0.06612515528811316
0,1.65112692509103e-09,0.20705074525308997,0.06211522473171584
0,7.3626343583373846e-09,0.10666749204847903,0.03200025276838776
0,2.0028050907470044e-09,0.23892859718527537,0.07167858055754617
0,1.0617083446711073e-07,0.34683274985334345,0.10404989927558715
0,3.8850723123677873e-07,0.549154626374909,0.16474665986753453
0,9.022479734522038e-08,0.382808909659346,0.11484273605516193
0,1.5932836692540768e-09,0.23738204587480405,0.07121461487773978
0,1.1508271610372058e-08,0.2938630178851226,0.08815891342132691
0,2.7324070806517094e-09,0.13767435640634318,0.04130230883458791
0,1.8572573336294373e-09,0.10910672034778501,0.032732017404415635
0,6.013281304228806e-09,0.08650405550025053,0.025951220859372074
0,3.454262897145655e-07,0.3047317581473864,0.09141976924261871
1,0.9999993016999877,0.018465754655638822,0.705539237586683
0,7.32075194656534e-09,0.2875192643243635,0.0862557844218354
0,2.8133848105070586e-09,0.26811043253306255,0.08043313172928812
0,4.318046402769691e-06,0.5190399450923973,0.15571500616020112
0,3.005153221800831e-07,0.07517307595330691,0.0225521331467176
0,1.334292530292778e-07,0.08064234045114271,0.024192795535819933
0,7.368200131868548e-09,0.3724050493414919,0.11172151996018766
0,9.943130774671235e-10,0.05285423427711622,0.01585627097915402
0,5.38266938606998e-07,0.1247482816285489,0.037424861275421696
0,9.481507280669083e-10,0.13915254375172903,0.04174576378922421
0,3.5489404497941946e-07,0.20346702862675303,0.06104035701385739
0,4.87270399231939e-09,0.10637275283738445,0.03191182926210813
0,3.7226460607201447e-09,0.05304313481163181,0.015912943049341783
0,8.938471577072583e-09,0.2389657965970573,0.07168974523604729
0,5.481603163143189e-08,0.12701465359357955,0.03810443444929601
0,5.415059238723223e-08,0.1512276034316662,0.045368318934914525
0,5.516352749661102e-09,0.17714058219531192,0.0531421785200405
0,4.9558353792700005e-09,0.9062916592407518,0.2718875012413103
0,1.8833203370754865e-07,0.6186593704772001,0.1855979429755836
0,5.032682043052297e-09,0.5248914404537922,0.15746743565901508
0,3.77211029380183e-09,0.4847213646354852,0.14541641203112277
0,2.2477566674595864e-09,0.1220243114728694,0.03660729501529048
0,8.947115891248477e-09,0.04266235092730908,0.012798711541173846
0,1.3658278589418126e-05,0.10299136941724762,0.03090697162018688
0,3.485453675687628e-09,0.1362010832272772,0.040860327408000725
0,3.4646417338317916e-09,0.11104353564963287,0.033313063120139076
0,3.294880382054791e-08,0.17854086703112237,0.05356228317349939
1,0.9999995285022996,0.35793745578536174,0.8073809066872182
0,2.3067047990737527e-09,0.09845802684738458,0.02953740966890873
0,8.439054219987016e-07,0.3027368179500576,0.09082163611881267
0,2.5739745734046397e-09,0.1150110822216156,0.034503326468266884
0,5.511588735878833e-09,0.3648835946845692,0.10946508226348288
0,1.2594310481910208e-08,0.5271753070679153,0.1581526009363919
0,2.2145517610757272e-08,0.6315703681110438,0.18947112593517546
0,2.0514369908813545e-08,0.18422680348774012,0.05526805540638097
0,1.6166529342424435e-08,0.04411526716292313,0.01323459146544748
0,1.5879051189210888e-06,0.06574926743597087,0.019725891764374507
0,3.3307300780502576e-09,0.09710699929528055,0.02913210212009522
0,2.0869647503042472e-09,0.4725331559470811,0.14175994824499966
0,7.322538256639126e-09,0.26304154728722073,0.078912469311943
0,9.747742154339883e-09,0.16186702775524764,0.0485601151499938
0,3.8580006597195284e-09,0.03159865361936842,0.009479598786410989
0,6.824194502200854e-09,0.14528740551449149,0.0435862264312836
0,3.355812484319117e-09,0.09059841145916137,0.027179525786817146
0,9.772134782139504e-09,0.09203478765412121,0.02761044313673071
0,8.779863245741026e-09,0.2901488942662409,0.08704467442577654
0,5.6517810145909e-09,0.20396047507916304,0.06118814647999562
0,5.813780488058942e-10,0.25449656812718113,0.07634897084511896
0,4.6236342208362276e-10,0.510273872223205,0.1530821619906159
0,2.224502512015964e-08,0.29782254020620613,0.08934677763337942
0,8.365877986457395e-09,0.19557829895451073,0.05867349554246781
0,7.04177996823353e-10,0.5893835560362815,0.17681506730380903
1,0.9999997434858722,0.13378120868737597,0.7401341830463233
0,2.693347681359962e-08,0.33404740425212853,0.10021424012907233
0,1.5833844432364025e-07,0.15205639576221452,0.04561702956557538
0,7.542833373695271e-09,0.2441423470635834,0.07324270939905839
0,1.9563956445762734e-07,0.17602914691783633,0.05280888102304602
0,1.0668559062765622e-08,0.20877375940973464,0.06263213529091174
0,3.924960309131393e-09,0.014443625858049147,0.004333090504886961
0,4.4600067216936825e-08,0.10068219189946737,0.03020468878988726
0,9.970672030275868e-09,0.3547985664207034,0.10643957690568144
0,7.95625510042725e-09,0.32724948955902355,0.09817485243708564
0,5.519363216207386e-07,0.09115866967025432,0.027347987256501432
0,3.6283482241811508e-09,0.21681759471053574,0.06504528095300448
0,8.510247320292808e-09,0.0609716059080605,0.01829148772959127
0,7.82637951757268e-09,0.18070647842603837,0.05421194900627717
0,3.934562836144035e-09,0.4043650203764485,0.12130950886712853
0,1.3178016324920656e-08,0.38565405206480086,0.11569622484405168
0,4.3625513107373804e-08,0.2942873738858788,0.0882862427036228
0,1.676889092616414e-08,0.10279236431143435,0.030837721031653952
0,8.252578546273699e-10,0.25442846367478145,0.07632853968011494
0,3.2453772145848844e-08,0.356682703178694,0.1070048336712487
0,1.0099022730682958e-09,0.12454601298155132,0.03736380460139699
0,3.346123888569166e-09,0.18969856594954415,0.05690957212714996
0,7.088647042449332e-07,0.3216505620173301,0.096495664810492
0,6.879706749321607e-09,0.10914504118058344,0.03274351716996975
0,1.0987928691061358e-08,0.0621346368622816,0.018640398750234564
0,3.7465819468544694e-10,0.5271166190508347,0.15813498597751116
0,2.7536011203073783e-08,0.155975034099339,0.046792529505009534
0,4.003775167357187e-09,0.5924214558107457,0.1777264395458663
0,1.1881301720325857e-08,0.37421058417602837,0.1122631835697197
0,1.6317119576635273e-07,0.14363858253454354,0.0430916889802001
0,7.026595414179044e-10,0.3078147265699952,0.09234441846286023
0,6.4297370894272074e-09,0.03751141810360881,0.011253429931898604
0,1.7609136883981407e-08,0.14860810032261218,0.04458244242317947
0,3.6832299036843992e-09,0.7538518601895391,0.22615556063512265
0,1.3864622014997703e-09,0.1287068643011824,0.03861206026087826
0,1.8549969250296087e-07,0.10285418151059,0.03085638430296175
0,3.323259139049679e-08,0.38160961767875656,0.11448290856644093
0,3.6965461189561044e-10,0.13840590166970557,0.041521770759669896
0,2.149115569454077e-09,0.42138359607000875,0.1264150803253835
0,7.527643120573878e-09,0.10355471606321665,0.03106642008831518
0,1.726993075782848e-09,0.17517763656209429,0.052553292177523435
0,9.471533580807382e-10,0.06241319278653401,0.018723958498967554
0,3.664809212232092e-09,0.041613553831032046,0.012484068714676062
0,9.180532960704729e-06,0.08084096371704175,0.024258715488185017
0,4.463038620509904e-06,0.20018271979898927,0.06005794006673113
0,4.9093443218885305e-08,0.11640147040316728,0.03492047548636044
0,1.4935982293143738e-06,0.2589630235045315,0.07768995257011997
0,1.0132857089531811e-07,0.24853144553958295,0.0745595045918745
0,1.3689429292863473e-08,0.20434850481157552,0.06130456102607316
0,5.359686980298628e-09,0.23652695137156365,0.07095808916324998
0,1.671139234319308e-06,0.12117471036391281,0.036353582906637864
0,2.8215979156317685e-09,0.16361296427938543,0.04908389125893417
0,5.585959977133797e-09,0.20199774355484812,0.06059932697662642
0,7.617758237347737e-09,0.6925439779350322,0.20776319871294044
0,4.591902116963226e-09,0.28764566056961527,0.08629370138521605
0,5.153957523052422e-07,0.08320592622661727,0.024962138645011792
0,3.0856166772666384e-09,0.029229092249209443,0.008768729834694507
0,2.290419082350357e-08,0.10796060896745985,0.03238819872317153
0,7.463806221389183e-09,0.5970360112235251,0.1791108085917219
0,8.759689451439158e-08,0.11880497248277488,0.03564155306265862
0,7.35373546935344e-08,0.30244311649236055,0.09073298642385645
0,1.4126839020176705e-08,0.3997151746232831,0.11991456227577224
0,3.6975375012476e-09,0.023299090875993134,0.00698972985107419
0,1.164991083117978e-08,0.8165954350552993,0.24497863867152736
0,8.319085241582405e-10,0.7799382477249377,0.23398147489981724
0,2.2006530176163367e-08,0.18179959443607496,0.05453989373539361
0,1.1711045574941645e-07,0.20542669969073335,0.06162809188453903
0,5.1200617207642016e-09,0.10753623835358528,0.03226087509011878
0,1.0434519606451633e-08,0.1645128429239059,0.04935386018133549
0,3.898009060294432e-09,0.21137930357924684,0.0634137938023804
0,2.8061284516660928e-08,0.15190291190187,0.04557089321346016
0,2.4577079385024206e-09,0.10626719597176015,0.0318801605119236
0,6.884536419095647e-09,0.12360546644980819,0.03708164475411795
0,7.126911837796864e-07,0.04561966372709292,0.01368639800195652
0,5.717071297067411e-09,0.6286992025850898,0.18860976477747685
0,3.0552813268953365e-09,0.4300610089855752,0.1290183048343695
0,6.482459767146758e-10,0.16622242170820756,0.049866726966234454
0,8.380867913668299e-08,0.08514404635082617,0.025543272571323248
0,6.105940128042338e-08,0.5983488915505448,0.17950471020674433
0,1.1943707860788882e-08,0.1457101619522606,0.043713056946273685
0,9.66980705704648e-10,0.25541244471077773,0.07662373409011981
0,8.903474209381297e-10,0.21870633936581574,0.06561190243298791
0,6.01607134140766e-10,0.10222443076114218,0.030667329649467646
0,9.778234916768991e-09,0.12674786262061433,0.03802436563094874
0,1.1793992258294973e-08,0.41192784665465443,0.1235783622521909
0,4.401810881341837e-08,0.3053026982431989,0.09159084028563584
0,1.4921129115048806e-08,0.158119622041885,0.04743589705735588
0,1.8294510914557387e-08,0.22564857846946562,0.06769458634699732
0,4.830965801767204e-10,0.06667216016235067,0.020001648386872805
0,4.024217450552462e-09,0.47684346190783444,0.14305304138930255
0,3.3897494402366807e-07,0.19875142415224767,0.059625664528135114
0,4.5487976039544576e-08,0.635671803627239,0.19070157292975493
0,1.2036919771134229e-08,0.2334430285977439,0.070032917005167
0,2.373865076251802e-09,0.18372956847504596,0.055118872204219335
0,3.556476144683465e-08,0.08067048215716666,0.02420116954248301
0,1.1048526097079622e-09,0.2117894122138203,0.06353682443754292
0,2.9278670076431024e-06,0.2624424010712395,0.0787347698282772
0,1.4397483111579373e-09,0.23375605184944392,0.070126816562657
0,6.767699163206105e-10,0.48495618111362904,0.14548685480782764
0,2.068865361343269e-08,0.21977504044016616,0.06593252661410737
0,7.229550647621803e-09,0.10064174122253444,0.030192527427445784
0,7.943198205682038e-08,0.14592298408361293,0.043776950827471316
0,1.9732700497780348e-08,0.08197003871690212,0.02459102542796098
0,1.8461858067929917e-05,0.31867173040823515,0.09561444242311809
0,2.2126107833222766e-07,0.297060784302946,0.08911839017363864
0,1.3474855598737008e-08,0.3430428061265888,0.10291285127037554
0,2.6306614077028936e-08,0.10098494769051991,0.030295502721785824
0,1.3213571478519548e-08,0.3779933989500541,0.11339802893451627
0,5.876320044073797e-06,0.1834767910073044,0.055047150726222176
0,2.713064754496038e-09,0.22505390566271677,0.06751617359796036
0,1.2487906591562855e-06,0.0569107578603425,0.017074101511564157
0,1.4437215391657812e-09,0.037282999839305164,0.011184900962396625
0,1.2134271289676069e-09,0.19811251183478873,0.05943375439983561
0,1.1429733366674741e-08,0.06144617360280136,0.018433860081653763
0,2.309509064023176e-09,0.3142810469844194,0.09428431571198216
0,7.698989991312675e-09,0.21274276060512298,0.06382283357082989
0,3.0914725752363456e-09,0.05847419240280183,0.01754225988487135
0,2.3678397434246117e-09,0.265297146924663,0.07958914573488671
0,3.5386378006504475e-09,0.3448486620223492,0.10345460108375122
0,5.143950059196744e-09,0.4763596790617187,0.14290790731928066
0,1.4972630729729706e-08,0.06907450047391239,0.02072236062301523
0,4.849576579079867e-08,0.34360575626379763,0.10308176082617534
0,1.7103779663905352e-08,0.31192167729185716,0.0935765151602029
0,1.2623425006088585e-09,0.13196292842047674,0.03958887940978277
0,1.2753777761409343e-07,0.11130868709299169,0.03339269540434183
0,2.426915639528521e-08,0.18947410869998638,0.056842249598405385
0,7.023669146022368e-09,0.2593931202470897,0.07781794099069532
0,4.997979589772242e-08,0.5149300812987874,0.15447905937549333
0,6.5913983361362376e-09,0.056038235463021,0.016811475252885136
0,7.595321486160953e-09,0.5054183006159727,0.15162549550151683
0,2.741023898639608e-09,0.13847662310427322,0.04154298884999869
0,6.973058066442862e-09,0.834589717859712,0.2503769202390543
0,4.09974134204937e-09,0.15943781287651337,0.04783134673277295
0,7.306628469381065e-10,0.06864786437861559,0.020594359825048668
0,1.755940947826893e-09,0.5677405630528183,0.17032217014500414
1,0.999999497626279,0.0760265167595997,0.7228076033662753
0,8.978951159230493e-09,0.1874280898010111,0.05622843322556915
0,5.832042730990091e-09,0.1074976600290648,0.03224930209114935
0,9.128061856559212e-10,0.14729522257211647,0.044188567410599275
0,5.966628587901571e-09,0.3082598051572428,0.09247794572381285
0,9.427337425000542e-10,0.18261747731335987,0.05478524385392158
0,4.252444747843521e-09,0.17518124088992226,0.052554375243688
0,1.3340163419383937e-09,0.18792297500295607,0.056376893434698254
0,2.510557165612217e-09,0.19514792502104916,0.05854437926370477
0,1.1598900267954902e-05,0.21639523443031505,0.06492668955928207
0,9.653758505318498e-08,0.7248200367293273,0.21744607859510773
0,1.064839951690523e-09,0.10769412733361461,0.03230823894547235
0,6.1375266418976135e-09,0.23223079591320472,0.06966924307023006
0,9.92390553164421e-10,0.3146347264369771,0.09439041862576651
0,1.2750220600692821e-08,0.5056371449771723,0.1516911524183061
0,4.677836701004529e-09,0.08723338779587375,0.026170019613247813
0,1.920286558087956e-09,0.07677228820986315,0.023031687807159536
0,3.964682066416862e-07,0.15344466084198272,0.04603367578033946
0,3.6621509561350225e-09,0.6444965178345083,0.19334895791385814
1,0.9999998015734509,0.3640480151671597,0.8092142656515635
0,1.079190013547809e-09,0.036862315989827255,0.011058695552381186
0,2.2054809703147576e-09,0.1543461874895622,0.04630385779070533
0,2.345473540031066e-09,0.07781428636928645,0.02334428755261741
0,2.6028070023993372e-08,0.4701137904745567,0.14103415536201602
0,2.010842188919961e-09,0.08975464127649513,0.02692639379053807
0,4.249991905438938e-06,0.20506645033652804,0.06152291009529221
0,1.2724158898276906e-08,0.10488057038721499,0.03146418002307572
0,1.1959492055215652e-09,0.18225061432568834,0.05467518513487094
0,2.399028728275577e-09,0.25016438754214043,0.07504931794196223
0,2.844677718432574e-08,0.21031262659237349,0.06309380789045607
0,2.523365634770344e-07,0.3417973627102314,0.10253938544866385
0,4.935520943093288e-09,0.4893831647083071,0.1468149528673568
0,5.848622656929291e-10,0.21438700981336456,0.06431610335341295
0,5.6963237862337525e-09,0.6482216694042137,0.19446650480869074
0,1.8418667707519702e-07,0.5684641369389898,0.17053937001237088
0,3.575852076627374e-08,0.4309887100409886,0.1292966380432611
0,1.0127001156881352e-08,0.05181299741653289,0.015543906313860677
0,5.847724599893823e-10,0.20384412081293524,0.06115323665322129
0,4.709658006994506e-10,0.3140385580159143,0.09421156773445034
0,4.591060011309332e-09,0.6429823402264202,0.19289470528166805
0,9.23688935715868e-09,0.34993164817082867,0.10497950091707114
0,2.1776821275219804e-08,0.05831310451779892,0.017493946599114567
0,9.75330422424951e-10,0.36419961219690766,0.1092598843418036
0,4.7144369490450667e-07,0.1149968290658927,0.034499378730354247
0,1.062471310091201e-09,0.1457424646032951,0.04372274012471845
0,2.9848091387560383e-09,0.4489042973744718,0.13467129130170793
0,5.12991291542642e-07,0.23746260157637755,0.07123913956681735
0,8.066125814697376e-08,0.5698219965784215,0.17094665543640714
0,1.8153952470883843e-09,0.7172395069520913,0.21517185335640404
0,3.8469624749706794e-09,0.08177056883146572,0.02453117334231345
0,1.506280253272659e-09,0.15434332560050446,0.04630299873454751
0,1.9655045968862e-07,0.17096312305332806,0.0512890745013202
0,6.05492882303487e-08,0.5740655096540164,0.17221969528070669
0,8.009617440175129e-10,0.3906020724083241,0.11718062228317044
0,2.2196357292313856e-08,0.21964879768144818,0.06589465484188456
1,0.9999994441749062,0.06932852054771299,0.7207981670867482
0,5.371225536045379e-08,0.5390325446509774,0.16170980099387197
0,3.083250377924131e-08,0.6096902067148235,0.1829070835971997
0,2.217650606520398e-08,0.30105906590541975,0.09031773529518017
0,5.373203249887048e-07,0.37376556031785046,0.11213004421958263
0,3.210859757360416e-09,0.06448125025691165,0.019344377324675324
0,1.935987344012402e-09,0.5464584998038395,0.16393755129634302
0,4.72761795446501e-09,0.11107542934930148,0.03332263211412301
0,7.471490313086893e-10,0.43989157748073826,0.1319674737672258
0,8.082375709794554e-08,0.3404704970004364,0.10214120567676088
0,1.2516924203502044e-08,0.24494505290643054,0.0734835246337761
0,7.86235964756746e-09,0.2766740409764119,0.08300221779657532
0,2.3937660512738706e-09,0.45924008821386886,0.1377720281397969
0,8.221395830206487e-07,0.07915840564248977,0.023748097190455043
0,1.216043357735298e-08,0.5631207560985665,0.16893623534187344
0,4.048418920244292e-08,0.19002780608290937,0.05700837016380525
0,8.965156102728296e-09,0.33574506046271935,0.10072352441442507
0,1.1532834467016136e-09,0.5474113931135268,0.16422341874135646
0,3.103285921845473e-09,0.17381022885672348,0.05214307082931719
0,1.5966846475026906e-09,0.09314683173240834,0.027944050637401758
0,1.7374782753947107e-09,0.07582583422036149,0.02274775148234324
0,9.897052884711132e-10,0.06701657483424928,0.020104973143068482
0,3.5951844388647985e-07,0.04988423271839171,0.014965521478428232
0,8.160464913928927e-10,0.21753019241366278,0.06525905829533138
0,5.00687384357445e-10,0.2064484745405536,0.06193454271264725
0,3.4606467302183452e-09,0.5916588689765059,0.17749766311540446
0,1.4590041239785768e-09,0.5795245203038157,0.1738573571124476
0,5.003005528179667e-09,0.43658815644126314,0.1309764504344828
0,2.3723463351233553e-08,0.368326109637393,0.11049784949764224
0,3.948297414315515e-09,0.09631621725264983,0.028894867939603136
0,1.4634453209813996e-08,0.0501238257581933,0.015037157971575236
0,1.636324995392453e-09,0.07011890407022714,0.021035672366495638
0,7.5477645873648e-08,0.1644624124200823,0.0493387765603768
0,3.456429346829146e-06,0.1034017263672099,0.03102293741070575
0,2.404974725368936e-08,0.33662644255421725,0.10098794960108826
0,5.639647711775905e-09,0.4229927998363926,0.12689784389867118
0,3.144865459280073e-08,0.5850491444000829,0.17551476533408308
0,1.0457710178253316e-09,0.12496432706515037,0.03748929885158482
0,2.7560640058736678e-08,0.18664401117194873,0.05599322264403266
0,7.094007454674382e-09,0.1146864048984998,0.03440592643535516
0,9.928733758862972e-08,0.2719248072061923,0.081577511662994
0,2.1242145578237116e-08,0.11552984368908059,0.034658967976226085
0,5.023384870012565e-09,0.3974227941930587,0.11922684177428701
0,3.006894782998173e-07,0.17779317264719996,0.0533381622767948
1,0.9999997284758362,0.24009787680816175,0.7720291729755339
0,3.971881754262058e-08,0.17188848316966376,0.05156657275407141
0,4.819457624596574e-08,0.6868547233453146,0.20605645073979773
0,2.991705979125035e-09,0.07493571281062972,0.0224807159373831
0,4.828037819026699e-09,0.1815376394051671,0.0544612952011766
0,1.240578807247647e-09,0.27177597835453526,0.08153279437476574
0,1.6068441313717903e-09,0.09759228779495188,0.029277687463276456
0,2.718243991799246e-10,0.5174664332183795,0.1552399301557909
0,2.5959996142587966e-08,0.3390636467428244,0.10171911219484461
0,2.1486654466154693e-09,0.1829871377703809,0.05489614283518007
0,3.97972892553657e-09,0.12997763928172612,0.03899329457032808
0,1.5179467515836583e-09,0.5626043405772466,0.1687813032357367
0,4.661632821594559e-09,0.6431220219383512,0.19293660984464833
0,5.950881735084447e-10,0.2826733299134555,0.08480199939059836
0,1.3770130126084213e-05,0.20325180006210564,0.06098517910971995
0,1.2738846258202092e-08,0.4187913865880424,0.12563742489360508
0,1.7363053348979606e-07,0.5338984875531922,0.1601696678073311
0,2.952133796601829e-08,0.3527706534571715,0.10583121670208803
0,4.062211249085379e-08,0.3423990472417905,0.10271974260801589
0,1.9262650086222984e-07,0.09093647870321198,0.027281078449514194
0,1.4080293603500649e-09,0.2953464718569493,0.08860394254270534
0,4.971289980874919e-09,0.20949735683388127,0.06284921053006737
0,3.4600285732762936e-08,0.16681474787952333,0.05004444858405701
0,2.100539582820235e-09,0.12570394073242686,0.037711183690105766
0,4.7202055307141197e-08,0.07220071616303358,0.02166024789034879
0,2.1306640814085733e-09,0.28734035167073524,0.08620210699268542
0,1.2333234282568911e-08,0.1052226970492498,0.03156681774803894
0,8.142174957426497e-09,0.16989899587753687,0.05096970446278353
0,5.542069885102179e-09,0.19825160434010036,0.05947548518147903
0,1.236074295434719e-09,0.21592508781395447,0.06477752720943834
0,7.512637368578594e-08,0.2953694180348089,0.08861087799890424
0,2.2166984447427386e-09,0.10152087824854927,0.030456265026253693
0,2.0200504375596048e-09,0.13514526206469846,0.04054358003344484
0,6.0031207078071735e-09,0.12116892490288411,0.03635068167304973
0,9.520540262606055e-07,0.2757491294719937,0.08272540527941649
0,9.380733185038918e-07,0.39533510699095364,0.11860118874860905
0,8.1710433594918e-08,0.12648004728726292,0.037944071383482394
0,4.7333243679864775e-09,0.22604348767749582,0.0678130496165758
0,1.4600135542160173e-08,0.22981614671672312,0.06894485423511182
0,1.5144677274015536e-09,0.10703282266664815,0.03210984786012185
0,6.68177965061531e-06,0.12277049153700059,0.036835824706855605
0,2.514399720373444e-07,0.12413242732389862,0.03723990420515001
0,1.6980197360326788e-09,0.17996785324026976,0.053990357160694745
0,4.698048414377972e-06,0.6678489044603204,0.2003579599719862
0,2.8293557331627834e-08,0.7684553407434703,0.23053662202853123
0,1.1289812017387272e-08,0.3386214869098898,0.10158645397583535
0,2.686720932542524e-08,0.1634294928875506,0.04902886667331171
0,2.605860510729346e-09,0.09140956199831451,0.027422870423596712
0,1.2493827459804105e-09,0.16048052873046403,0.04814415949370714
0,7.754861361630698e-08,0.019211525987807065,0.0057635120803716505
0,7.645301803695671e-08,0.15363465886319128,0.04609045117607
0,8.312714476486124e-08,0.07692079159301324,0.023076295666905305
0,6.377506435082406e-09,0.24059048401929062,0.07217714967004168
0,3.0630521512297297e-09,0.33374460483723634,0.10012338359530741
0,1.7331711556156685e-08,0.07207143875680289,0.021621443759238954
0,3.119776294711391e-09,0.1732371513056512,0.051971147575538765
0,3.017096530636029e-09,0.24757374073163818,0.07427212433145902
0,2.706934750971487e-09,0.21434136853219987,0.06430241245451429
0,1.8097949481001073e-09,0.09569067623471461,0.028707204137270844
0,1.4980813057572982e-08,0.14895937552647343,0.04468782314451117
0,1.9977408275446624e-09,0.122593785216361,0.03677813696332688
0,2.3249090355910564e-06,0.34052151004287223,0.10215808044918658
0,1.1854744152551205e-08,0.21329429235702524,0.06398829600542848
0,9.819578363585242e-08,0.26240535571512114,0.07872167545158487
0,4.587170687602599e-09,0.2640933951585397,0.07922802175858139
0,3.282336807862077e-08,0.2853066396567526,0.08559201487338343
0,2.078394588082852e-09,0.18924202947546065,0.0567726102975144
0,2.7360010454430827e-09,0.09331862330007501,0.02799558890522323
0,1.0252199466507346e-09,0.24905581909674057,0.07471674644667613
0,1.5752953249760454e-07,0.09297630464174322,0.027893001663195714
0,3.376195543659331e-08,0.10622147169681895,0.031866465142414487
0,3.7784146411397225e-09,0.3225266437567845,0.0967579957719256
0,3.354911720099871e-09,0.17852973338778177,0.053558922364772735
0,1.5021668064395237e-08,0.6523781778547155,0.1957134638715823
0,1.9026833383219933e-09,0.16114769484743685,0.04834430978610939
0,2.142706798787857e-08,0.19360954616831416,0.058082878849441834
0,6.605044747814121e-08,0.20359470507013055,0.0610784577563524
0,7.138639306760701e-10,0.12029413005968015,0.03608823951760879
0,2.3636212606216217e-09,0.49709220553884503,0.14912766331618837
0,2.9216862765845748e-08,0.19438175188769202,0.05831454601811154
0,3.0168800612803286e-09,0.31925674548989535,0.09577702575878465
0,1.2390697456397755e-07,0.23087909743625346,0.06926381596575823
0,8.159445093135824e-09,0.2213246704253753,0.06639740683922414
0,1.8113211830210157e-07,0.22043248334170096,0.06612987179499309
0,9.95288715840658e-09,0.4161638946496503,0.1248491753619161
0,1.569731649594601e-09,0.3169195903316008,0.09507587819829239
0,9.278978990820547e-09,0.26210598594316603,0.0786318022782351
0,1.8640910269448905e-08,0.23734039108649396,0.07120213037458537
0,7.459160709742154e-08,0.34183233008558467,0.10254975123980037
0,5.265120859549973e-10,0.5273818561016508,0.1582145571990537
0,1.1853401091961183e-07,0.11386527652078271,0.03415966593004246
0,2.421171661314122e-07,0.3948601105650299,0.11845820265152526
0,3.542289125674334e-07,0.2039225962830058,0.061177026845140536
0,3.6140272095161332e-09,0.6014741824763901,0.18044225727273605
0,2.5779054371639817e-09,0.10634324428784736,0.03190297509088801
0,4.71427287355088e-10,0.2170686734351367,0.0651206023605401
0,8.328768037465705e-09,0.059820212043823595,0.017946069443284703
0,3.016532401075796e-08,0.11635257009413924,0.03490579214396858
0,2.6704237038593517e-09,0.264242363931693,0.07927271104880448
0,2.0735256191032324e-07,0.06819275598152819,0.020457971941251794
0,4.791823193931287e-09,0.14940507805180014,0.04482152676981628
0,1.4870660802379874e-05,0.1430138258917284,0.04291455723008018
0,2.1958916535149343e-06,0.07184341778270031,0.021554562458967554
0,1.1824842346466456e-09,0.09500178478224564,0.028500536262412654
0,1.6867392091405892e-06,0.1318348953671914,0.03955164932760381
0,6.406378022426876e-09,0.14395294428377658,0.04318588776959759
0,1.3371581952567764e-05,0.14551536243771002,0.0436639688386798
0,2.7825409766829065e-09,0.5828728733945245,0.17486186396613604
0,2.502157638177148e-07,0.1965706059294352,0.05897135692986523
0,1.9017155727042767e-08,0.544354196449242,0.1633062722467816
0,9.880610544182831e-08,0.6636918844149295,0.19910763448875266
0,3.858842932263842e-09,0.08644921582957299,0.02593476745006195
0,9.021098281014793e-07,0.3469471391854202,0.10408477323250573
0,8.009232470672613e-08,0.4427539819541704,0.1328262506508784
0,9.241106014993635e-10,0.6172135858113603,0.1851640763902855
0,1.4158399950582976e-07,0.125556170062457,0.03766695012753676
0,1.689519019303604e-09,0.0468847350335061,0.014065421692715142
0,5.442784591769026e-10,0.08473622368843847,0.025420867487526463
0,4.005719661158431e-09,0.336900301277144,0.10107009318714696
0,1.5307576405828468e-09,0.8821796778757406,0.2646539044342525
0,7.580242406458722e-08,0.15890969029238267,0.04767296014941164
0,6.618394574180401e-08,0.166886560737466,0.05006601455000182
0,1.2156980494030561e-08,0.23616553365991955,0.07084966860786221
0,1.8051967785219128e-08,0.13512002811919066,0.04053602107213465
0,2.024440012446062e-09,0.2519839448897452,0.07559518488403157
0,1.3742568670366773e-07,0.4643087186987662,0.13929271180761055
0,7.72270845106342e-08,0.3733637663867415,0.11200918397498161
0,1.7323789160475523e-08,0.20001131921738424,0.06000340789186768
0,5.030044823034357e-09,0.12083840930107292,0.036251526311353255
0,3.8458139883164085e-09,0.2544159060822625,0.07632477451674853
0,4.081182755166726e-09,0.18060232472533277,0.05418070027442776
0,1.523991380045825e-08,0.1307154048976792,0.03921463213724342
0,1.3562417749400091e-08,0.09800431171955704,0.029401303009559534
0,2.618520616230976e-09,0.1145774901641079,0.034373248882196804
0,2.5826720217681114e-09,0.14500530727816818,0.04350159399132087
0,2.6486539792953754e-05,0.2719614082091504,0.08160696304060018
0,3.300800747713826e-10,0.6777586730962857,0.20332760215994175
0,9.360242086518711e-08,0.2204571996183794,0.06613722540720843
0,2.633750070708891e-09,0.3947987914701879,0.11843963928468142
0,2.506375858984921e-08,0.6951963350103604,0.20855891804773913
0,9.651602930913198e-10,0.622319636688329,0.1866958916821109
0,2.684129717151261e-08,0.12521540253917118,0.037564639550659376
0,2.5087076523838334e-09,0.2720357996650702,0.08161074165561641
0,1.7717310747153282e-08,0.29351497295855833,0.08805450428968502
0,1.4614422600418363e-08,0.10216138212758596,0.030648424868371608
0,7.258937823673107e-08,0.23455722782364152,0.07036721915965723
0,3.679058184142993e-08,0.15196303922337684,0.04558893752042034
0,8.944654962759314e-09,0.6298501629383811,0.18895505514277283
0,4.533933947842713e-08,0.3910903679746194,0.11732714212992344
0,7.995456654482464e-09,0.2763410492431093,0.08290232036975245
0,3.2872651988767397e-09,0.035728492539577994,0.010718550062959038
0,1.1356271450371325e-09,0.10050430457880866,0.030151292168581596
0,6.693568153801323e-08,0.29119528542489104,0.08735863248244438
0,1.0762447573280809e-06,0.11478040343815787,0.034434874402777496
0,9.282618441126772e-10,0.10170060602890207,0.03051018245845391
0,1.856486259465351e-08,0.5332235220836115,0.15996706962048723
0,5.225181839338016e-10,0.3705406349983206,0.1111621908652589
0,4.839382682744515e-09,0.10447039375702982,0.03134112151467682
0,1.9977915143498463e-08,0.3403696455446771,0.10211090764794371
0,8.945687935161931e-08,0.24375103419442024,0.07312537287814161
0,1.1632370406012419e-08,0.24318218988163431,0.07295466510714957
0,5.703534565410637e-08,0.13829561071164032,0.04148872313823405
0,6.2224976926270034e-09,0.21322042253714124,0.06396613111689076
0,5.775972123984357e-09,0.7295468149071884,0.218864048515337
0,6.846426915602444e-09,0.3204767305809598,0.09614302396678678
0,2.9218270268787967e-08,0.28663589529042477,0.08599078903991661
0,4.913565580811698e-09,0.11365964462386902,0.03409789682665661
0,2.1353935484765293e-07,0.2874034605154656,0.08622118763218807
0,1.4044839770182834e-05,0.18387815346208936,0.05517327742646594
0,2.2209158496248372e-08,0.19525269693943437,0.058575824628241256
0,1.3413899985854574e-06,0.07650683663135938,0.02295298996240682
0,5.6731085782686486e-08,0.1998043792923354,0.05994135349946067
0,1.4903714623622218e-09,0.15789678437427168,0.04736903635554153
0,6.431346436964e-09,0.4025797861155953,0.12077394033662109
0,2.1811002426004454e-08,0.3508166873779761,0.10524502148109453
0,1.3323879583039464e-06,0.2725277304700504,0.08175925181258593
0,6.637045993156654e-09,0.3948274969055039,0.11844825371758336
0,1.9796647180610056e-09,0.2838232567126924,0.08514697839957301
0,3.157771665042026e-10,0.4984627170808019,0.1495388153452846
0,1.7433403049916563e-09,0.14985426736553453,0.04495628142999857
0,6.8571971180733125e-06,0.17691484155014414,0.05307925250302589
0,1.0840903534240999e-08,0.24911774442896795,0.07473533091732286
0,4.834503657363721e-10,0.19457784528013844,0.05837335392245678
0,1.5436930019994945e-09,0.3576791979883237,0.10730376047708222
0,1.2353696523009995e-09,0.20309440350588337,0.06092832191652377
0,4.166921065671085e-08,0.6496990252079021,0.1949097367308181
0,2.0262636888161294e-08,0.22847774546700494,0.0685433378239473
0,3.598710440485934e-08,0.3614920318103152,0.10844763473406764
0,1.1270410115705702e-08,0.54134711013862,0.16240414093087308
0,4.2830649125605385e-09,0.08527746331578723,0.025583241992881606
0,8.079129296406056e-06,0.08048216043240053,0.024150303520227644
0,1.087466738264679e-05,0.07775402304866708,0.023333819181767978
0,8.42960970833682e-09,0.17791172237790787,0.05337352261409915
0,3.0971723729614948e-09,0.2988750180997425,0.0896625075979434
0,6.158372128511098e-08,0.13168195589709608,0.039504629877733725
0,5.252074642007349e-09,0.372581998374099,0.11177460318868195
0,6.27776997332181e-10,0.19958970534899578,0.05987691204414263
0,5.088562639784552e-08,0.24238431808379535,0.07271533104507709
0,9.700766862935869e-09,0.2564719470181597,0.0769415908959847
0,1.0549128676049162e-07,0.045679283886017163,0.01370385900970588
0,2.2609552241204624e-08,0.2817138731024922,0.08451417775743422
0,4.037078704171209e-09,0.3645469686572974,0.10936409342314432
0,1.3082369921296375e-06,0.08947812101720376,0.026844352071055618
0,8.171401808463326e-10,0.6106863941170233,0.1832059188071051
0,3.0115886721839386e-08,0.5892355419204558,0.17677068365725745
0,1.206152419780406e-08,0.10711321545843722,0.0321339730805981
0,1.9408464412007447e-09,0.8488044621391346,0.2546413400003329
0,1.3091503148866358e-09,0.5052651416431392,0.15157954340934698
0,4.9493634089264013e-08,0.20892276165706636,0.06267686314266377
0,1.1869495312410432e-08,0.41712984395538544,0.12513896149526235
0,2.9533493480651924e-07,0.13215600145874673,0.039647007172078384
0,1.4226428559121328e-09,0.09919460698970406,0.029758383092761215
0,7.573701724667409e-10,0.09214149056872611,0.027642447700776954
0,1.5755506788724307e-09,0.43998628775701876,0.1319958874299911
0,2.9674321255142814e-10,0.18048952942790142,0.05414685903609068
0,1.2866511631479515e-07,0.25567700663309634,0.07670319205551032
0,2.716779913889076e-07,0.2652860708461119,0.07958601142842754
0,8.138315905007653e-07,0.0856767968364891,0.02570360873306008
0,3.658976327849916e-08,0.18780184608776596,0.05634057943916408
0,2.5732962858244038e-08,0.3783845879878577,0.1135153944094313
0,7.064018321788801e-08,0.27184872516245406,0.08155466699686448
0,9.295972463468022e-09,0.38847218215115975,0.11654166115252865
0,6.522801528123413e-07,0.17959347951311055,0.05387850045004013
0,8.794147300169522e-09,0.04898564745097822,0.014695700391196576
0,2.37442051346768e-07,0.12637428388182148,0.037912451373982387
0,1.7449558150599727e-09,0.23174346120209455,0.06952303958209742
0,4.348410852817773e-08,0.13142278656880058,0.03942686640951614
0,1.4482930960929212e-07,0.10570119546379442,0.03171046001965505
0,3.6376370372541987e-09,0.0577761020775166,0.017332833169600905
0,1.6839011454644422e-09,0.26041249275230194,0.07812374900442139
0,7.98299005591272e-09,0.1174301064221428,0.03522903751473588
0,9.013102875450442e-10,0.19891613783382478,0.05967484198106463
0,2.115920403565681e-09,0.7949105940438436,0.23847317969429735
0,1.1579898644433209e-08,0.6618450554250495,0.19855352473344387
0,7.984914860959233e-10,0.09291923821584458,0.027875772023697412
0,1.6970038481647062e-08,0.692139471069932,0.20764185320000653
0,3.3686361440627393e-08,0.28724689791006786,0.08617409295347336
0,2.251010949521303e-09,0.06222721411636367,0.018668165810616765
0,5.582692344671218e-10,0.3896729671946849,0.11690189054919393
0,9.233617314370947e-10,0.3741260653852415,0.11223782026192566
0,1.3396034865318745e-09,0.10823739471377869,0.03247121935185605
0,1.0470435152428494e-07,0.05941848219165491,0.01782561795054254
0,1.115380607414972e-07,0.09206982797473817,0.02762102646906397
0,5.079743364491309e-09,0.09401734733187594,0.028205207755383134
0,1.664835338810938e-08,0.25151506548387836,0.07545453129901088
0,7.739776704022459e-08,0.20140596004959044,0.06042184219331406
0,1.0075480947754648e-08,0.05343668662292245,0.016031013039713396
0,2.768925910948263e-08,0.3120037339079903,0.09360113955487846
0,9.339256465771187e-10,0.4652262597288933,0.13956787857241593
0,1.1746894283808224e-07,0.24671159770174544,0.07401356153878362
0,6.5800734259526985e-09,0.7510737069910216,0.22532211670335786
0,8.228955471531281e-08,0.40128535955834876,0.12038566547019293
0,1.0892112682591377e-08,0.2135529569453115,0.06406589470807234
0,1.1778541297872446e-07,0.5792685701727951,0.1737806535016276
0,2.8550024927032667e-09,0.157603806370061,0.04728114390952004
0,2.2155234956919377e-07,0.07670479043336831,0.02301159221665519
0,3.479750886513523e-09,0.16577398327487658,0.04973219741828859
0,2.1812675525976717e-09,0.22104262248657658,0.06631278827286026
0,9.89740356486684e-10,0.12722816413538152,0.0381684499334327
0,5.078387288877307e-08,0.1555615282210433,0.046668494015024015
0,8.51120291773788e-09,0.13638894296848247,0.04091668884838678
0,6.498243913457275e-08,0.3013846019465214,0.09041542607166381
0,4.301031113236598e-09,0.35140507599764403,0.10542152581001499
0,1.3969683728467946e-08,0.42432446940481583,0.12729735060022337
0,3.4782908862803435e-08,0.21227164331074855,0.06368151734126076
0,4.142905195187225e-08,0.1578593968577502,0.047357848057661425
0,9.607818560694974e-07,0.15487830916494305,0.04646416529678216
0,1.6754555962061514e-09,0.3817269268232454,0.11451807921979253
0,1.2250613382237558e-08,0.11850053881477007,0.035550170219860386
0,1.2286859517556842e-08,0.08506845587042844,0.025520545361930193
0,3.964136248354521e-10,0.45300096785435895,0.13590029063379722
0,8.403156133603515e-09,0.27412824746885733,0.08223848012286648
0,3.2420289483876917e-09,0.3215809261763094,0.09647428012231309
0,3.221860651694194e-09,0.3637074931667079,0.10911225020531483
0,1.580002415407113e-08,0.16979658450851043,0.05093898641257004
0,2.7192061472991728e-09,0.461576458040334,0.13847293931554447
0,2.136932122112203e-08,0.13336746654595977,0.040010254922312784
0,3.5118273488339794e-10,0.2679427004993067,0.08038281039561991
0,8.668888408161098e-06,0.09550596674211187,0.02865785824451927
0,1.739615701464923e-09,0.3377075313346952,0.10131226061813955
0,5.371331147671226e-10,0.19813549055195034,0.05944064754157828
0,1.5894418560307975e-06,0.33831487193571785,0.10149557419001458
0,2.0389137330878397e-07,0.18830497673108337,0.05649163574328633
0,2.3198270622417484e-09,0.2538963299242498,0.07616890060115389
0,1.339133345850964e-09,0.329510693944977,0.09885320912088644
